token,log_p_fake,log_p_real,log_odds
vers per,10.393424321242264,6.089203393508401,4.304220927733863
vers,10.393424321242264,6.089203393508401,4.304220927733863
iniciativo vers,10.393424321242264,6.096643389029234,4.29678093221303
per catalunya,10.020282275761359,6.0812896641826315,3.938992611578727
iniciativo,9.84770796626992,6.086043189226146,3.7616647770437748
eajpnv,10.329661122451576,6.583419296402719,3.7462418260488564
equo,9.682486628223524,5.976981005872548,3.7055056223509757
per,9.508234795641245,6.018884502036145,3.4893502936051
david cruz,10.393424321242259,7.4035873666030225,2.9898369546392365
boluarte,10.35448275869528,7.405548640692761,2.9489341180025193
coalicion canario,9.923496068055966,7.040861285527124,2.882634782528842
unidas eajpnv,10.393424321242259,7.533413737532343,2.860010583709916
bng,9.294543004236116,6.502075788056217,2.792467216179899
unidas pp,10.230599354130543,7.4505244163926845,2.780074937737859
narbona,10.061876565222637,7.313136250728244,2.748740314494393
cristina narbona,10.186745747339964,7.594333379872813,2.5924123674671513
carlos prieto,10.393424321242259,7.861400375855652,2.532023945386607
catalunya equo,10.393424321242259,7.868092928254984,2.525331392987275
lider iniciativo,10.393424321242259,7.868842709137114,2.5245816121051448
pablo monico,10.393424321242259,7.927469395469582,2.465954925772677
canario,9.443579593463765,7.017392340732378,2.4261872527313866
pablo boluarte,10.393424321242259,7.99909785672732,2.394326464514939
prieto,10.195727089084823,7.855657343068908,2.3400697460159146
jordi sevilla,10.393424321242259,8.075634136829184,2.3177901844130755
lider equo,10.393424321242259,8.077347301119657,2.316077020122602
pnc,10.393424321242259,8.095358351892452,2.298065969349807
monico garcia,9.637467551770678,7.389007864882371,2.2484596868883067
narbonar,10.349696229884941,8.123628630818466,2.226067599066475
david,9.477940083167029,7.259306183143122,2.2186339000239075
monico,9.546431123368993,7.381542736313252,2.1648883870557416
mes per,10.171789343227603,8.041307328113657,2.1304820151139463
canarias,9.123766745270064,7.012031936585945,2.111734808684119
per mallorca,10.170609652980849,8.06839023623043,2.102219416750419
minón,10.393424321242259,8.298584173924645,2.0948401473176137
alfonso guerra,10.344278823522716,8.253081881060059,2.0911969424626573
jo minón,10.393424321242259,8.305308793921371,2.0881155273208876
cristina narbonar,10.348181908754679,8.294670261496965,2.0535116472577144
cristín narbona,10.326031992871977,8.330850360710775,1.9951816321612021
soledad murillo,10.320950802067577,8.327484477222635,1.9934663248449418
campoamor,10.393424321242259,8.421061883405388,1.9723624378368712
gallardo,10.069239510355006,8.12589726638043,1.9433422439745751
antonio grinar,10.136905236373615,8.202614035355602,1.9342912010180129
republicano catalunya,10.135992045335797,8.21729766333432,1.918694382001478
cristina,9.237022881602662,7.322079674910611,1.914943206692051
presidente bng,10.393424321242259,8.487291234992552,1.9061330862497066
cruz,9.282851663879379,7.377748126385358,1.9051035374940213
diaz carlos,10.393424321242259,8.491817037389675,1.9016072838525844
unidos pp,10.393424321242259,8.504336574986622,1.8890877462556368
canarias unidas,10.393424321242259,8.547682154950396,1.8457421662918634
lider bng,10.260612445742694,8.419682054739164,1.8409303910035302
pablo santiago,10.393424321242259,8.57758991278613,1.8158344084561282
catalunya cs,10.393424321242259,8.584068121896888,1.8093561993453715
presidente iniciativo,10.393424321242259,8.587419376706716,1.8060049445355428
pedro cura,10.3435219333709,8.538132465541015,1.805389467829885
equo unidas,10.393424321242259,8.597040527338342,1.7963837939039173
diaz pablo,10.393424321242259,8.597643541833513,1.7957807794087461
equo equo,10.393424321242259,8.613620664710236,1.7798036565320228
bng eajpnv,10.393424321242259,8.63287592460742,1.7605483966348388
fraile,10.393424321242259,8.63856567512245,1.7548586461198088
soledad,10.003242432169007,8.253130350450718,1.7501120817182887
roberto fraile,10.393424321242259,8.651066552026082,1.7423577692161771
lluis rabell,10.393424321242259,8.665223192673432,1.728201128568827
santiago jo,10.393424321242259,8.667717916942632,1.7257064042996273
catalunya coalicion,10.393424321242259,8.680903380476238,1.7125209407660211
equo iniciativo,10.393424321242259,8.70707064575768,1.686353675484579
coalicion canaria,10.05911138103275,8.376310329605372,1.6828010514273775
maestre,9.57435465729488,7.891998207995588,1.6823564492992915
rabell,10.337907532058928,8.656060048573709,1.6818474834852193
unidas iniciativo,10.393424321242259,8.717259467725697,1.6761648535165623
cristín,9.811486909389812,8.141091616824289,1.670395292565523
gobierno juan,10.278818894809152,8.609067917209863,1.6697509775992891
rita maestre,9.874636470773137,8.233206726951067,1.6414297438220693
esquerra republicano,9.79197874947281,8.153457871102288,1.638520878370521
canaria,9.788121245874695,8.154817016846529,1.633304229028166
jesus campoamor,10.393424321242259,8.766584761700758,1.6268395595415015
jo primo,10.393424321242259,8.777206808956008,1.6162175122862514
albert noguera,10.271879190035282,8.667166352172542,1.6047128378627402
murillo,9.885369090110139,8.29060111321759,1.5947679768925482
rita,9.804715822480754,8.210139397767108,1.5945764247136456
grinar,9.792402048667963,8.210807645082308,1.5815944035856546
eduardo rubino,10.362310652759076,8.781806918105094,1.5805037346539823
gobierno david,10.393424321242259,8.822922469753609,1.5705018514886504
portavoz equo,10.393424321242259,8.828783017053514,1.5646413041887453
carrero blanco,10.331155421886466,8.775144127647401,1.556011294239065
jordi xucla,10.393424321242259,8.83960202697243,1.5538222942698283
fac,10.393424321242259,8.839720732026793,1.5537035892154663
josep pujol,10.348387036753609,8.802993524928121,1.5453935118254876
rubino,10.295099022089719,8.752510051535996,1.542588970553723
portavoz iniciativo,10.393424321242259,8.85490277455037,1.5385215466918893
vallejo,10.279303680767194,8.753276835963549,1.5260268448036456
catalunya,7.48646652727108,5.9755708235939595,1.5108957036771207
rodriguez rubio,10.393424321242259,8.895517768504734,1.4979065527375255
ionir albert,10.393424321242259,8.904281852226774,1.4891424690154853
francisco vazquez,10.393424321242259,8.907875775343788,1.485548545898471
xucla,10.31481192937909,8.84125145898659,1.4735604703924992
manolo mata,10.393424321242259,8.941714364603245,1.4517099566390144
noguera,10.098285817883909,8.647372263213079,1.45091355467083
ricoma,10.29213894082987,8.867543459542444,1.424595481287426
pau ricoma,10.29213894082987,8.867543459542444,1.424595481287426
carrero,10.191180906976438,8.768783237328758,1.4223976696476797
gobierno iniciativo,10.393424321242259,8.987702672642575,1.405721648599684
gonzalez laya,10.091356044410597,8.692134835357386,1.399221209053211
erkoreka,10.293014828114115,8.896979398350458,1.396035429763657
josu erkoreka,10.293014828114115,8.896979398350458,1.396035429763657
mallorca,9.440065917915069,8.051207966974463,1.388857950940606
david luca,10.228411905672253,8.842343739695133,1.38606816597712
esquerra,9.251209156307205,7.869510736434085,1.3816984198731195
cura,9.903549203021246,8.525373411191078,1.3781757918301683
laya,10.048064644869072,8.67493900014601,1.3731256447230624
oriol pedro,10.393424321242259,9.021233056456591,1.372191264785668
javier zarzalejos,10.338778576649062,8.973250267974294,1.3655283086747687
zarzalejos,10.338778576649062,8.973250267974294,1.3655283086747687
vicente lertxundi,10.393424321242259,9.030467002992141,1.3629573182501176
lertxundi,10.393424321242259,9.030467002992141,1.3629573182501176
jo antonio,9.395139517369483,8.039179750221912,1.3559597671475707
antonio bano,10.393424321242259,9.038173553295243,1.355250767947016
rubio,10.168245792740269,8.814518716174849,1.35372707656542
esquerra unido,10.298660355141635,8.95991720159033,1.338743153551306
equo pp,10.393424321242259,9.057107882380816,1.3363164388614432
rey calvino,10.393424321242259,9.069089623281982,1.3243346979602766
gabriel rufiar,9.53521509685653,8.215323009347953,1.3198920875085776
ribo,9.937389277105133,8.623669370320636,1.3137199067844971
yeremi,10.393424321242259,9.087852866008099,1.3055714552341602
equo andalucia,10.393424321242259,9.08922114898008,1.304203172262179
gobierno equo,10.393424321242259,9.099987657918927,1.293436663323332
yeremi vargas,10.393424321242259,9.112513533148666,1.2809107880935926
manolo,10.173551023517176,8.896853295982867,1.2766977275343088
garcia alcon,10.393424321242259,9.118339913571596,1.2750844076706631
pablo lluis,10.393424321242259,9.124260991009729,1.26916333023253
maria cataluna,10.393424321242259,9.128585347977939,1.26483897326432
torro,10.393424321242259,9.13398925773063,1.2594350635116296
equo coalicion,10.393424321242259,9.136639978040042,1.2567843432022165
maza,10.21537630882938,8.962673092530522,1.2527032162988583
lluis,9.484966412526763,8.238083231834121,1.2468831806926417
diego canamero,10.393424321242259,9.146578585001452,1.2468457362408074
canamero,10.393424321242259,9.146578585001452,1.2468457362408074
unido alternativo,10.327976826091483,9.08163721167253,1.246339614418952
calero,10.337411182967033,9.091150233118974,1.2462609498480592
candidata iniciativo,10.393424321242259,9.149634808325759,1.2437895129165
rosa garcia,10.393424321242259,9.152472579497687,1.2409517417445723
arturo torro,10.393424321242259,9.152565149343127,1.2408591718991318
lluis apesteguia,10.361248371220276,9.126515022575676,1.2347333486445997
calvino,9.29243562746177,8.058776241205079,1.2336593862566918
primo,9.911003620602624,8.68016575829939,1.2308378623032343
gloria calero,10.337216808024218,9.107213024545366,1.2300037834788515
investidura david,10.393424321242259,9.165701068449344,1.2277232527929147
equo asegurar,10.34102693636895,9.113989153254453,1.227037783114497
intenso debate,10.22408151393857,8.997196835006532,1.2268846789320378
apesteguia,10.339700908779216,9.117555326667201,1.2221455821120148
apesteguia santamaria,10.393424321242259,9.175552333843365,1.217871987398894
iir duque,10.284369063364343,9.068046263141365,1.2163228002229776
catalunya madrid,10.393424321242259,9.179213548350324,1.214210772891935
ejecutivo juan,10.320535589519128,9.108107608497773,1.2124279810213547
candidato equo,10.393424321242259,9.187067542963772,1.2063567782784865
teo garcia,10.393424321242259,9.19875650812434,1.1946678131179187
rufiar,9.369619883456409,8.176040912428332,1.1935789710280762
diana ribo,10.224769082860265,9.036674175016538,1.1880949078437268
cristín narbonar,10.393424321242259,9.215899236155796,1.1775250850864634
josu,10.060740624725689,8.883932353912105,1.1768082708135843
rufiar jordi,10.393424321242259,9.22200322845906,1.1714210927831985
iniciativo per,10.393424321242259,9.222149223430586,1.171275097811673
equo pnv,10.393424321242259,9.222152544772532,1.1712717764697267
cs coalicion,10.393424321242259,9.224144912699783,1.1692794085424758
isa serra,10.079591586029863,8.910897299243626,1.1686942867862378
diana,9.863145445889277,8.696868713122822,1.1662767327664554
catalunya congreso,10.332139749983318,9.167892616770072,1.1642471332132462
gobierno bng,10.393424321242259,9.230200358893171,1.1632239623490879
roberto,9.749831668642532,8.586998636341834,1.1628330323006981
equo num,10.322418766457954,9.160459293181457,1.1619594732764966
extesorero iniciativo,10.393424321242259,9.231515915622143,1.1619084056201157
lider coalicion,10.22766279825991,9.069994931250118,1.157667867009792
nancy,10.365043707107965,9.210265653597745,1.1547780535102206
isa,9.992661202705753,8.838005473784827,1.1546557289209254
dirigente iniciativo,10.393424321242259,9.248174908316747,1.1452494129255122
jesus teresa,10.393424321242259,9.249254794968165,1.1441695262740943
primo rivera,10.091557302143704,8.950321775598253,1.1412355265454508
pnv equo,10.393424321242259,9.260234160048148,1.1331901611941113
sacudir,10.172548283156639,9.042301592227268,1.1302466909293702
pelosi,10.36492625797297,9.234776051120566,1.130150206852404
eajpnv equo,10.393424321242259,9.264988471916764,1.128435849325495
pujol,9.599500141601224,8.471200777340718,1.1282993642605064
gabriel,9.192331182625695,8.06463648844557,1.127694694180125
catalunya pablo,10.393424321242259,9.275197586809737,1.1182267344325219
nancy pelosi,10.36480470151142,9.246616856091558,1.1181878454198628
alcon,10.19986315043088,9.083322704511682,1.116540445919199
pablo echenicar,9.920684911654526,8.804432621356046,1.1162522902984797
ejecutivo david,10.393424321242259,9.277883644907144,1.1155406763351152
teo,10.264515940685621,9.151885064200785,1.112630876484836
gobierno gallardo,10.393424321242259,9.28926299145989,1.1041613297823698
jxcat psoe,10.393424321242259,9.289867794704408,1.1035565265378509
equo pedir,10.393424321242259,9.292718735542945,1.1007055856993144
juan enciso,10.393424321242259,9.296395180316555,1.097029140925704
enciso,10.393424321242259,9.296395180316555,1.097029140925704
num equo,10.327414711073036,9.241727871011982,1.0856868400610544
pablo echenique,9.339833059774286,8.258383652207716,1.08144940756657
rodriguez vallejo,10.393424321242259,9.315718295511434,1.0777060257308246
jo cortes,10.393424321242259,9.316771936212056,1.0766523850302026
panorama politico,10.280730479730149,9.205648258318512,1.0750822214116376
pedro castillo,10.327834132766771,9.255902294903096,1.0719318378636746
escandalo corrupcion,10.170994448303105,9.100782713576494,1.0702117347266107
generalitat josep,10.337279511520567,9.267662265660528,1.069617245860039
secretario iniciativo,10.393424321242259,9.327998942620976,1.065425378621283
gloria,9.881041412828766,8.81572119461456,1.0653202182142056
rito maestre,9.925437308308002,8.863610410662641,1.0618268976453606
vazquez,9.823578499612614,8.76738860343615,1.0561898961764644
diputado equo,10.346153592559538,9.290752794345178,1.055400798214361
alfonso,9.031646672554082,7.977733180949914,1.0539134916041677
echenicar,9.850040810207787,8.796437180314058,1.053603629893729
catalunya asegurar,10.00936352585504,8.955843780762343,1.0535197450926965
monicar garcia,10.282856718310779,9.231145053198619,1.05171166511216
familia jordi,10.393424321242259,9.343597495577729,1.04982682566453
equo apoyar,10.393424321242259,9.343718758530226,1.0497055627120329
unida eajpnv,10.393424321242259,9.346141587102144,1.047282734140115
alvaro lapuertar,10.325963614426323,9.283420980678535,1.0425426337477877
lapuertar,10.325963614426323,9.283420980678535,1.0425426337477877
garcia,8.072961280724359,7.031873296545996,1.041087984178363
santiago elia,10.393424321242259,9.354469640280547,1.0389546809617123
luca,9.865265157412496,8.8287330952796,1.0365320621328955
gobierno anunciar,9.593645025574798,8.56009600775077,1.0335490178240274
moret,10.393424321242259,9.371075500306674,1.0223488209355853
gobierno cristina,10.393424321242259,9.376994407950775,1.0164299132914838
sanidad gonzalo,10.393424321242259,9.378178290790954,1.015246030451305
secretaria eajpnv,10.393424321242259,9.378712987281048,1.0147113339612108
organizacion equo,10.393424321242259,9.38386147411594,1.0095628471263183
equo partido,10.337969548952087,9.330631946839878,1.0073376021122087
secretario equo,10.393424321242259,9.386119248933397,1.0073050723088617
pere diego,10.393424321242259,9.386202319022072,1.0072220022201872
equo congreso,10.393424321242259,9.386548733243862,1.0068755879983975
javier zarzalejo,10.393424321242259,9.386650891980342,1.0067734292619175
zarzalejo,10.393424321242259,9.386650891980342,1.0067734292619175
coalicion equo,10.336245574243353,9.331362929862804,1.0048826443805492
catalunya acusar,10.393424321242259,9.391871957964254,1.0015523632780052
generar,8.676732186485983,7.679252724077612,0.9974794624083714
direccion iniciativo,10.393424321242259,9.39722075224877,0.9962035689934883
partido soledad,10.393424321242259,9.398134701334538,0.9952896199077212
portavoz jo,10.334930292909855,9.340482252657516,0.9944480402523386
malversacion fondo,10.025854866488354,9.037489655264231,0.9883652112241226
apoyo equo,10.393424321242259,9.406029254573136,0.9873950666691229
generar polemica,10.25459182970335,9.267584605307915,0.987007224395434
juan jo,9.862585070970827,8.876019948803691,0.9865651221671357
dirigente bng,10.393424321242259,9.409816978367807,0.9836073428744516
arenas,10.215248671375154,9.23405280234729,0.9811958690278644
dolor jordi,10.393424321242259,9.413279197701133,0.980145123541126
cs iniciativo,10.393424321242259,9.415224101749466,0.978200219492793
anunciar plan,10.330230521020752,9.352081897419469,0.9781486236012835
illueco,10.360726561953108,9.382687458786668,0.9780391031664397
generar intenso,10.393424321242259,9.418648316721876,0.9747760045203826
bng cs,10.393424321242259,9.41969627544935,0.9737280457929085
sanchezcamacho,10.339827969902148,9.366164476603762,0.9736634932983854
lluisa,10.393424321242259,9.42122683421848,0.9721974870237791
lluisa moret,10.393424321242259,9.42122683421848,0.9721974870237791
pau,9.831254391607859,8.863152762812273,0.9681016287955853
carlos arenas,10.317400647168999,9.349594597583295,0.9678060495857039
investidura cristina,10.393424321242259,9.42684123164357,0.9665830895986893
canarias bng,10.393424321242259,9.427629874123568,0.9657944471186912
psoe cup,10.393424321242259,9.427997884110964,0.9654264371312955
graells,10.296864026726332,9.33424004909716,0.962623977629173
hector illueco,10.360561614829063,9.398136839270878,0.9624247755581852
gonzalo perez,10.12924232298284,9.1680906411266,0.96115168185624
lider eajpnv,10.393424321242259,9.434224692701655,0.9591996285406044
garciajuan marin,10.393424321242259,9.435667263507936,0.9577570577343231
garciajuan,10.393424321242259,9.435667263507936,0.9577570577343231
escandalo,8.897765590830472,7.9406976244130325,0.9570679664174397
monicar,10.190237107578788,9.236016584839518,0.9542205227392699
castillo,10.000590097890365,9.047253091955712,0.9533370059346531
coalicion,7.590923100788205,6.63805512802335,0.9528679727648557
carlos arena,10.393424321242259,9.44127728331987,0.9521470379223889
varelo,10.393424321242259,9.442874723750498,0.9505495974917615
tania varelo,10.393424321242259,9.442874723750498,0.9505495974917615
ribar,10.393424321242259,9.444520773604902,0.9489035476373573
dirigente equo,10.393424321242259,9.44745556258556,0.9459687586566989
alicia sanchezcamacho,10.339560401849717,9.394253627832851,0.9453067740168652
garijo,10.3520968907435,9.4089401178251,0.9431567729183996
equo querer,10.325408525518649,9.383670275655476,0.9417382498631728
felix rivero,10.393424321242259,9.452233144867549,0.9411911763747103
bano,9.862826230020364,8.92299760154956,0.9398286284708046
vicepresidenta juan,10.393424321242259,9.453667776232814,0.9397565450094447
generar indignacion,10.393424321242259,9.454616614450169,0.9388077067920904
iniciatiir,10.393424321242259,9.45917258892214,0.9342517323201189
ejecutivo jo,10.393424321242259,9.45989714449333,0.9335271767489282
presidente psoe,10.393424321242259,9.461693026878544,0.9317312943637148
nacional bng,10.393424321242259,9.461976406494394,0.9314479147478654
diana ribar,10.393424321242259,9.462255641135677,0.9311686801065822
portavoz coalicion,10.393424321242259,9.462960619746491,0.9304637014957677
num iniciativo,10.393424321242259,9.463781737720193,0.9296425835220656
pere david,10.393424321242259,9.464464063758902,0.9289602574833573
vargas,10.009767437927712,9.083038339756095,0.9267290981716165
perez garijo,10.351852090849665,9.425757358163931,0.9260947326857334
retar maestre,10.294948920582907,9.370180690085562,0.9247682304973459
pp equo,10.393424321242259,9.47030422321038,0.9231200980318786
rito,9.672865091824105,8.750106405092103,0.9227586867320028
miguel hernandez,10.292673843032208,9.369919035861168,0.9227548071710405
retar,10.167733761645351,9.252192833469842,0.9155409281755098
cristinar narbona,10.393424321242259,9.479865877654015,0.9135584435882436
jordi,8.599653449993657,7.686553775497228,0.9130996744964284
equo madrid,10.393424321242259,9.481399249769995,0.9120250714722644
eva granado,10.315871281719302,9.40461966947254,0.9112516122467618
perez jacome,10.17756729600118,9.266593005692652,0.9109742903085287
pacto equo,10.393424321242259,9.484100025551863,0.9093242956903964
rodriguez ribo,10.393424321242259,9.485760818476962,0.9076635027652973
gobierno carlos,10.376302958425015,9.472238280668028,0.9040646777569865
narbona monico,10.393424321242259,9.490047406125477,0.9033769151167821
ionir francisco,10.393424321242259,9.491283703620288,0.9021406176219706
eajpnv pedir,10.393424321242259,9.491841748141761,0.901582573100498
gandio arturo,10.393424321242259,9.492685174587788,0.9007391466544714
direccion equo,10.393424321242259,9.492694160566337,0.9007301606759217
catalunya iniciativo,10.393424321242259,9.493548930123195,0.899875391119064
voto equo,10.393424321242259,9.494653328717614,0.8987709925246445
echenique,9.101361313250242,8.203919603271205,0.8974417099790379
zerolo,10.20980637750719,9.312456249229694,0.8973501282774965
jenner,10.393424321242259,9.499759529348612,0.8936647918936469
narcis serra,10.393424321242259,9.501721852665073,0.8917024685771864
cristinar,10.314652022297283,9.424949326926638,0.8897026953706444
jorge ignacio,10.393424321242259,9.504121556289665,0.8893027649525944
generar fuerte,10.329842827136419,9.440641987777944,0.8892008393584749
candidato canarias,10.393424321242259,9.505002035941718,0.8884222853005408
manuel gerena,10.327616033573225,9.44144296904248,0.8861730645307446
gerena,10.327616033573225,9.44144296904248,0.8861730645307446
mata,9.702145815854005,8.818135201562376,0.8840106142916291
caja iniciativo,10.393424321242259,9.510054327455792,0.8833699937864665
num eajpnv,10.393424321242259,9.514474751538131,0.8789495697041279
gobierno canarias,10.317474000943399,9.439712973974483,0.8777610269689156
gandia arturo,10.393424321242259,9.517735606697762,0.8756887145444967
maria gonzalez,10.003995939733988,9.129739224045197,0.8742567156887908
jenner lopez,10.393424321242259,9.520655926631793,0.8727683946104658
lopez escudero,10.393424321242259,9.520655926631793,0.8727683946104658
numero iniciativo,10.393424321242259,9.520943340318201,0.8724809809240579
bng pnc,10.393424321242259,9.521119453120397,0.8723048681218621
eajpnv num,10.393424321242259,9.521416505402717,0.8720078158395417
martinez lopez,10.269160043966716,9.39804911137855,0.8711109325881665
antonio torre,10.393424321242259,9.523030082447146,0.8703942387951127
diputado izquierda,10.379245915991666,9.509420820300198,0.8698250956914677
bng asegurar,10.393424321242259,9.523690925481073,0.8697333957611857
cruz pablo,10.393424321242259,9.525794008832749,0.8676303124095099
secretario bng,10.393424321242259,9.52604515865339,0.8673791625888683
ejecutivo cristina,10.330169092461475,9.465563172549533,0.8646059199119414
bng madrid,10.393424321242259,9.529190956986929,0.8642333642553304
portavoz unidos,10.393424321242259,9.530142376846888,0.8632819443953714
campoamors,10.393424321242259,9.538193030342974,0.855231290899285
equo psoe,10.393424321242259,9.54052806037212,0.8528962608701391
gandio,10.32133321127204,9.469405464312134,0.8519277469599071
joaquin prat,10.393424321242259,9.541636728139522,0.8517875931027366
felix rivera,10.393424321242259,9.545620028801281,0.8478042924409781
garcia escudero,10.238705230082054,9.39208393548082,0.8466212946012348
pio garcia,10.238705230082054,9.39208393548082,0.8466212946012348
equo mantener,10.393424321242259,9.54792604490976,0.8454982763324992
politico espanol,10.200238080649758,9.35501445004919,0.845223630600568
jacome,10.116058505507398,9.271232426771478,0.8448260787359203
pepe mujico,10.326206044871657,9.482343030802765,0.8438630140688925
steinem,10.393424321242259,9.551461566775645,0.8419627544666142
serra,9.432233356025785,8.590759984874433,0.841473371151352
monago,10.00746076022869,9.166060804229764,0.8413999559989271
parlamentario equo,10.393424321242259,9.555351687382037,0.8380726338602216
destapar escandalo,10.393424321242259,9.557118219590631,0.836306101651628
fomentar,9.706465663645481,8.870243469615641,0.8362221940298404
eajpnv ciudadano,10.393424321242259,9.557783131036915,0.8356411902053438
ejecutivo iniciativo,10.335669182763379,9.501491902509452,0.8341772802539271
iniciativa vers,10.393424321242259,9.563558425635556,0.8298658956067033
jorge xavier,10.393424321242259,9.563675118934553,0.8297492023077062
comunicacion iniciativo,10.393424321242259,9.56383747361186,0.8295868476303987
equo junt,10.393424321242259,9.565430920463795,0.827993400778464
generar controversia,10.361968194792746,9.534927986719575,0.8270402080731714
coalicion iniciativo,10.393424321242259,9.568700553832727,0.824723767409532
duque,9.786187915374585,8.961797403564443,0.824390511810142
unido iniciativo,10.393424321242259,9.571167330486652,0.8222569907556068
jordi victoria,10.393424321242259,9.57336082275927,0.8200634984829893
bng canarias,10.297134745110407,9.48020034387617,0.8169344012342368
sanz borja,10.393424321242259,9.576617108328838,0.816807212913421
narcis,10.321555865261834,9.50547317140929,0.8160826938525432
madrid equo,10.393424321242259,9.577345407676699,0.8160789135655602
xavier garcia,10.069114106087547,9.254166939825948,0.8149471662615984
josep bou,10.179850179309803,9.365981958484058,0.8138682208257446
bou,10.179850179309803,9.365981958484058,0.8138682208257446
bng querer,10.393424321242259,9.579700886151471,0.8137234350907878
calvino borbon,10.393424321242259,9.581118009876628,0.8123063113656315
rufiar martinez,10.393424321242259,9.58238426176488,0.8110400594773797
alejandra jacinto,10.08290304091985,9.275023827549742,0.8078792133701089
pai ciudadano,10.393424321242259,9.586270018019183,0.8071543032230757
rey juanma,10.393424321242259,9.586369773287599,0.8070545479546603
boluarte alfonso,10.393424321242259,9.587758660624688,0.8056656606175707
jaume graells,10.361794957210932,9.558555624907997,0.803239332302935
involucra,10.393424321242259,9.590913850895145,0.802510470347114
eva,9.944972790675624,9.142811873307883,0.8021609173677415
monica garcia,10.393424321242259,9.59193805451525,0.8014862667270091
subirats,10.173058926033267,9.371952826235258,0.8011060997980088
joan subirats,10.173058926033267,9.371952826235258,0.8011060997980088
primo rivero,10.393424321242259,9.592990372838377,0.8004339484038816
canal alicia,10.393424321242259,9.593664249669557,0.7997600715727025
acusar iniciativo,10.393424321242259,9.59368381639467,0.7997405048475894
gobernar equo,10.393424321242259,9.59394670799954,0.7994776132427184
cs eajpnv,10.393424321242259,9.594809521680718,0.7986147995615411
gobierno jo,9.601005467211658,8.802804566469222,0.7982009007424367
cataluna,9.460854242699073,8.664014536770683,0.7968397059283898
xavier domenech,10.335934796335723,9.539185924710853,0.7967488716248692
gloria steinem,10.393424321242259,9.597112532398814,0.796311788843445
secretario canarias,10.393424321242259,9.600051706391747,0.7933726148505116
beiras,10.393424321242259,9.601364020748875,0.7920603004933842
manuel beiras,10.393424321242259,9.601364020748875,0.7920603004933842
iir,9.611890260855882,8.820378878267663,0.7915113825882187
eajpnv pnc,10.393424321242259,9.603800388676754,0.7896239325655046
electoral equo,10.393424321242259,9.604559609606227,0.7888647116360321
diputado psoe,9.988103341864923,9.19970514427581,0.7883981975891121
jordi sevillar,10.393424321242259,9.608213797576546,0.7852105236657128
equo afirmar,10.393424321242259,9.608581627807208,0.784842693435051
psoe psc,10.393424321242259,9.609205041756148,0.7842192794861109
equo presentar,10.393424321242259,9.60924142331559,0.7841828979266694
catalunya criticar,10.319151644170548,9.535010570684287,0.7841410734862606
mujico,10.268684985731378,9.485462852035917,0.7832221336954603
unido pp,10.393424321242259,9.611122715955334,0.7823016052869249
discutir,9.98446000571803,9.202564204887768,0.781895800830263
carlos aparicio,10.393424321242259,9.613127824089343,0.780296497152916
voto iniciativo,10.393424321242259,9.613976035625768,0.7794482856164908
beriain,10.393424321242259,9.615033864637951,0.7783904566043081
david beriain,10.393424321242259,9.615033864637951,0.7783904566043081
antonio,8.39220545489675,7.615635981075715,0.7765694738210351
portavoz canarias,10.393424321242259,9.619361744442879,0.7740625767993805
miss,10.331780331174645,9.558349506331368,0.7734308248432775
pio,10.127365269108763,9.355134480521848,0.7722307885869153
catalunya juan,10.393424321242259,9.621309250156122,0.7721150710861373
joaquim bosch,10.359954839136195,9.588388167615085,0.7715666715211107
esperar acción,10.393424321242259,9.623343048229371,0.7700812730128881
candidato iniciativo,10.393424321242259,9.62474414888145,0.7686801723608099
sevilla,8.615050060497069,7.846380021694793,0.7686700388022754
catalunya num,9.802085661265563,9.034615166751818,0.7674704945137449
presentar plan,10.078466653523055,9.314148870394249,0.7643177831288064
rufiar serrano,10.393424321242259,9.631001551366593,0.7624227698756663
polemico reforma,10.314297244625392,9.552809272394134,0.761487972231258
gandia,10.285767266209909,9.524909615294192,0.7608576509157174
fortalecer,9.763393872349685,9.00269811093105,0.7606957614186349
pedir iniciativo,10.393424321242259,9.632930054323031,0.7604942669192276
psoe pdecat,10.34294971276463,9.583403121930381,0.7595465908342494
jacinto,9.824134175135464,9.064681120674537,0.759453054460927
portavoz eajpnv,10.393424321242259,9.63580150286349,0.7576228183787688
emerito calvino,10.393424321242259,9.635994680503591,0.7574296407386676
iniciatiir per,10.393424321242259,9.637936119592755,0.7554882016495039
canario num,10.327563727353777,9.572293230855564,0.7552704964982127
presidencia iniciativo,10.393424321242259,9.63913260237396,0.7542917188682985
presentar ambicioso,10.393424321242259,9.639190792145152,0.7542335290971067
ilegal iniciativo,10.393424321242259,9.63970963687122,0.7537146843710385
equo gobierno,10.393424321242259,9.639787231966437,0.7536370892758217
politico iniciativo,10.393424321242259,9.641860887504507,0.7515634337377524
papel diana,10.393424321242259,9.641996455184744,0.7514278660575151
soborno,9.91394750248138,9.162537707746937,0.7514097947344425
intenso,9.364943172950621,8.615218811888505,0.7497243610621158
psoe jxcat,10.324688183480513,9.57586104424418,0.748827139236333
propuesta equo,10.393424321242259,9.644738103513832,0.7486862177284266
bosch,10.241658670645355,9.49315469234617,0.7485039782991851
bng pablo,10.393424321242259,9.645041778886362,0.7483825423558965
elia,9.51774325003351,8.771027796192108,0.7467154538414018
equo considerar,10.393424321242259,9.646729246573116,0.7466950746691428
equo comunidad,10.393424321242259,9.646837116544528,0.7465872046977307
nacional iniciativo,10.393424321242259,9.64720702498464,0.746217296257619
catalunya senado,10.393424321242259,9.648441176303194,0.7449831449390647
parlamento espanol,10.283795568873794,9.539054182325627,0.7447413865481671
luis diana,10.393424321242259,9.649238596494737,0.7441857247475223
num coalicion,10.323905821943596,9.580235794484945,0.7436700274586503
sistema educativo,10.201358473103573,9.458507846036927,0.7428506270666464
asegurar equo,10.393424321242259,9.651403923066823,0.7420203981754359
tania,10.095001496243839,9.353539920798335,0.7414615754455038
numero equo,10.393424321242259,9.652433480933892,0.7409908403083669
xabier arzalluz,10.393424321242259,9.652831755471535,0.740592565770724
equo junts,10.393424321242259,9.654054064111923,0.7393702571303358
parlamento aprobar,10.3208564383533,9.582396804511472,0.7384596338418277
propuesta iniciativo,10.393424321242259,9.65500794710148,0.7384163741407797
unido joan,10.393424321242259,9.655543521926253,0.7378807993160059
elia bendodo,9.51675220048025,8.77892773795498,0.7378244625252695
garcia albiol,9.966865913264133,9.230057535343224,0.7368083779209087
alicia,9.990487860168797,9.254894262128007,0.7355935980407899
unidos iniciativo,10.393424321242259,9.65842202255411,0.7350022986881495
catalunya madrileno,10.393424321242259,9.65924852499072,0.7341757962515398
obrador,10.157113638445871,9.423786896702337,0.7333267417435341
paqui,10.393424321242259,9.660533226810099,0.7328910944321603
bng num,10.393424321242259,9.660688078244094,0.7327362429981648
diputado coalicion,10.393424321242259,9.662239529584156,0.7311847916581034
lider mes,10.393424321242259,9.663213612917534,0.7302107083247247
fundacion gabriel,10.393424321242259,9.663403533595817,0.730020787646442
equo mostrar,10.393424321242259,9.66348901961293,0.7299353016293288
josep,9.015709292408198,8.286553425894423,0.729155866513775
catalunya gobierno,10.265526150223284,9.537253437468276,0.7282727127550075
equo unidos,10.393424321242259,9.665861149719543,0.727563171522716
borja semper,10.098433889774938,9.37121478142149,0.7272191083534487
sevilla valle,10.393424321242259,9.66632980900514,0.7270945122371195
ministra jon,10.393424321242259,9.668430092982513,0.7249942282597459
alfonso rodar,10.254749397047936,9.529764239690826,0.7249851573571107
bng votar,10.393424321242259,9.668799853143284,0.7246244680989751
bendodo,9.375399408215001,8.650864310397443,0.724535097817558
equo seguir,10.393424321242259,9.66970132709046,0.7237229941517995
reforma sistema,10.034130523594143,9.310550496597777,0.7235800269963661
igualdad eduardo,10.393424321242259,9.671736340287985,0.7216879809542736
luis pio,10.393424321242259,9.673139074282131,0.7202852469601275
rosa perez,10.350042816440194,9.631033679379568,0.7190091370606257
ppvox,10.393424321242259,9.675585903339936,0.717838417902323
rufiir,10.069365457161188,9.351776475186966,0.717588981974222
eajpnv cs,10.393424321242259,9.67638706586247,0.7170372553797897
carlos,7.788848388104613,7.071949842184661,0.7168985459199524
formacion soledad,10.393424321242259,9.678089396062154,0.7153349251801053
unidos,8.983829604561409,8.268855745725576,0.7149738588358332
javier ruiz,10.393424321242259,9.679354166615154,0.7140701546271053
negociación equo,10.393424321242259,9.681951675746058,0.711472645496201
lourd maldonado,10.393424321242259,9.682828413212972,0.710595908029287
equo cup,10.393424321242259,9.684468677520092,0.7089556437221667
garcia asegurar,10.393424321242259,9.686251735156805,0.7071725860854539
portavoz bng,10.393424321242259,9.686294388696906,0.7071299325453531
formacion jo,10.261816998264061,9.557830249786274,0.7039867484777869
ignacio diaz,10.393424321242259,9.690199336192865,0.7032249850493937
aitor miguel,10.393424321242259,9.690710557829943,0.7027137634123157
eajpnv querer,10.393424321242259,9.691722683252664,0.7017016379895953
lider esquerra,10.275058345482858,9.573450717016534,0.7016076284663235
pablir boluarte,10.393424321242259,9.69184035970205,0.7015839615402086
miss universo,10.393424321242259,9.691967355928917,0.7014569653133425
canario iniciativo,10.393424321242259,9.69220766430749,0.7012166569347684
autonomico iniciativo,10.393424321242259,9.692536341543455,0.7008879796988037
laura luelmo,10.248134494079627,9.548751660018214,0.6993828340614137
bernie,10.302171082723873,9.603022852260835,0.6991482304630381
impulsar crecimiento,10.393424321242259,9.69475423627967,0.6986700849625898
catalunya partido,10.277420695511418,9.579074661257772,0.698346034253646
equo esquerra,10.393424321242259,9.69693487819669,0.6964894430455697
jo corte,10.336743357045235,9.64063709516716,0.6961062618780751
bng pedir,10.321158358927518,9.626743953646061,0.6944144052814565
guardiola,10.239059305552445,9.545802510720533,0.6932567948319122
aparicio,10.301759180722096,9.609479841643852,0.6922793390782438
martina,10.222741698058332,9.530798519797779,0.6919431782605532
maldonado,10.253231000229793,9.562648167154123,0.6905828330756698
arzalluz,10.301977534128369,9.611741228141417,0.6902363059869518
fundacion jordi,10.393424321242259,9.704050397068398,0.6893739241738608
extesorero bng,10.393424321242259,9.704550463590769,0.6888738576514903
maria carlos,10.393424321242259,9.705104923286997,0.6883193979552615
derecha iniciativo,10.393424321242259,9.705905856094837,0.6875184651474218
plan contemplar,10.393424321242259,9.70613348125405,0.6872908399882096
javier manuel,10.393424321242259,9.706194096247627,0.6872302249946323
gabriel rufiir,10.116685417538239,9.430903766092449,0.6857816514457902
implementacion,10.135353641636026,9.450168306341828,0.6851853352941983
xo manuel,10.393424321242259,9.709051742710718,0.6843725785315407
pilar lima,10.299763873176234,9.61582004696095,0.6839438262152839
antonio garamendi,10.123304626751494,9.44018494692149,0.6831196798300052
gobierno presentar,9.84317091767282,9.160377100276836,0.682793817395984
plan incluir,10.393424321242259,9.71150211485096,0.6819222063912989
principal partido,9.750940874954685,9.069909434639506,0.6810314403151789
catalunya mantener,10.334216163598699,9.654711677744093,0.679504485854606
defensa isa,10.393424321242259,9.71504680502367,0.678377516218589
fernando martinez,10.135997700397274,9.45794419713053,0.6780535032667441
presidente esquerra,10.330365551107539,9.653162434539329,0.6772031165682098
domenech,10.191530244448208,9.517590854665709,0.6739393897824986
eajpnv presentar,10.393424321242259,9.720111097397515,0.6733132238447439
unida,9.348506776197437,8.676077056058011,0.6724297201394265
javier negre,10.319552164918003,9.649146475826754,0.6704056890912486
ambicioso plan,10.25909610544059,9.589668010285786,0.6694280951548031
jordi cristina,10.393424321242259,9.725394363506508,0.6680299577357509
amlo,10.364086162109741,9.696171072530234,0.6679150895795072
destinado impulsar,10.393424321242259,9.726305743120278,0.6671185781219808
catalunya querer,10.151108350015651,9.48419275560611,0.6669155944095415
luelmo,10.215410097832951,9.548751660018212,0.6666584378147391
martina velarde,10.221641858814591,9.555950348308738,0.6656915105058534
resto jordi,10.393424321242259,9.72877021052069,0.6646541107215693
partido politico,8.892035307438645,8.228976239913242,0.6630590675254027
envuelto,10.097512075409522,9.435385469850816,0.6621266055587061
crecimiento economico,10.206900710957303,9.545579695607563,0.6613210153497402
cup upn,10.393424321242259,9.732305889867824,0.6611184313744349
alto funcionario,10.178195307554498,9.517248289562893,0.6609470179916048
przeworski,10.316687811489407,9.656915979591242,0.6597718318981656
adam przeworski,10.316687811489407,9.656915979591242,0.6597718318981656
velarde,10.139843848602995,9.482454283457114,0.6573895651458805
organizacion pp,10.311509448664253,9.654296229213898,0.6572132194503553
acalorado,10.249461525559248,9.592328125687139,0.6571333998721087
garamendi,10.029321582367839,9.372600415844184,0.6567211665236545
semper,10.002575165858445,9.346470012668936,0.6561051531895092
presidente david,10.330714950591108,9.674972328314295,0.6557426222768132
catalunya creer,10.251718133844681,9.597033827032897,0.6546843068117845
angel victor,10.1933137591857,9.540456327584959,0.6528574316007418
canaria equo,10.393424321242259,9.74348274583241,0.6499415754098496
contemplar medida,10.257160830824695,9.608710184288142,0.6484506465365527
granado,9.55695542704924,8.910582462923085,0.6463729641261562
objetivo impulsar,10.393424321242259,9.747505092453219,0.6459192287890403
indignacion sociedad,10.393424321242259,9.748532415128253,0.6448919061140064
ultraderechista coalicion,10.393424321242259,9.748769325905334,0.6446549953369249
garantizar sostenibilidad,10.260331217156583,9.616815469354423,0.6435157478021605
presidente juan,10.313591034825414,9.671481837949106,0.6421091968763086
polemica sociedad,10.393424321242259,9.751376754185802,0.6420475670564567
catalunya psoe,10.33655876080531,9.694600342381673,0.6419584184236378
catalunya anunciar,10.328257069216386,9.688005536253076,0.64025153296331
partido jo,10.2036822150357,9.563576869197401,0.6401053458382986
arturo,9.704106734000643,9.068319009492361,0.6357877245082815
maria guardiola,10.30320450081355,9.667714609394132,0.635489891419418
canarias madrid,10.289751481059804,9.654464464929887,0.6352870161299169
crisis politico,10.32298986580407,9.687759650482011,0.6352302153220588
critica gobierno,10.313352507740419,9.67897054120607,0.6343819665343489
gobierno pablo,10.046536418027747,9.412216851166717,0.6343195668610306
rufiar correa,10.393424321242259,9.759566228188529,0.6338580930537301
vicente,9.503151929038646,8.870654766899262,0.6324971621393836
rosa,9.233927354699157,8.60168934071123,0.6322380139879265
lourd,10.20788118760508,9.576376202479159,0.6315049851259218
rós,10.335149354424766,9.703913849146105,0.6312355052786618
ibar,10.36732071502162,9.73653214034215,0.6307885746794692
gobierno generar,10.319897123242363,9.68978908341811,0.6301080398242522
catalunya comunidad,10.34157638563975,9.713513515026174,0.6280628706135758
fernando roig,10.393424321242259,9.765832227421415,0.6275920938208444
diverso sector,10.374661896014336,9.748520802726,0.6261410932883358
alejandra,9.894818952796644,9.269204669537197,0.6256142832594467
secretario pp,9.366388718054797,8.741158974769284,0.6252297432855123
xavier,9.537483988308322,8.912621058958422,0.6248629293499004
equo catalunya,10.338763247202797,9.71392072163738,0.6248425255654162
joan baldovi,9.866245744064162,9.241552929723007,0.6246928143411559
investigacion exhaustivo,10.393424321242259,9.768959196560361,0.6244651246818975
luis moreno,10.315146869883534,9.691195403913444,0.6239514659700909
elkarrekin pp,10.262044597893315,9.639099905915105,0.6229446919782102
sistema pensión,10.023490092711924,9.401626223954892,0.6218638687570319
generar tensión,10.360351928559975,9.74049437875174,0.6198575498082359
alfonso rueda,10.060321485787288,9.441933833645411,0.6183876521418767
victor,9.97274507682555,9.354459319036081,0.6182857577894687
revuelo,10.16301677264026,9.545453828626885,0.6175629440133754
bernie sanders,10.370608458508785,9.75494033015279,0.6156681283559955
escandalo politico,10.312980200904667,9.697982803792799,0.6149973971118676
lourdes,10.322573053139797,9.710273538839129,0.612299514300668
baldovi,9.821445870704217,9.209526784949178,0.611919085755039
destapar,10.030307475255551,9.418756677909485,0.6115507973460659
generar preocupacion,10.333351781221735,9.723614001491605,0.6097377797301302
indignacion,9.749043818009007,9.13996783230908,0.6090759856999259
xabier,10.269671534853426,9.660749535402898,0.6089219994505282
exhaustivo,10.105211222362064,9.50029557806588,0.6049156442961827
madrid carlos,10.352619870074076,9.747989594827269,0.6046302752468069
medida impulsar,10.340367652885982,9.738826865386992,0.6015407874989904
jessica,10.174944945066498,9.57376751932285,0.6011774257436482
gijon,9.819521766587139,9.219486887062242,0.6000348795248964
generar profundo,10.333753411271625,9.734801930220046,0.5989514810515786
negre,10.251554091338878,9.652987879458294,0.5985662118805841
catalunya afirmar,10.3474998380851,9.75082339122377,0.5966764468613306
propuesto gobierno,10.32058245435648,9.725907740624578,0.5946747137319015
ambicioso,9.798323735378348,9.204502722248343,0.5938210131300057
foro asturia,9.826787944189165,9.23550254700708,0.5912853971820855
catalunya pedir,10.045294894945151,9.454520562076116,0.5907743328690351
cargo politico,10.232317829144833,9.645010112017056,0.5873077171277767
jessica albiach,10.173702188677488,9.587631472182101,0.5860707164953869
pp andalucia,9.886760168401752,9.301371426296358,0.585388742105394
sanders,10.301177894520325,9.716514438523042,0.5846634559972834
santiago,8.299614569763786,7.715975028607782,0.5836395411560042
albiol,9.714772755394936,9.131716938942912,0.5830558164520241
adam,10.24326656515725,9.66046700008727,0.5827995650699798
lopez obrador,10.156484923555192,9.574283500770402,0.5822014227847898
eduardo,9.20517381123025,8.624451819293288,0.5807219919369615
lima,10.208535007606443,9.628008078501415,0.5805269291050283
xo,10.296760442718709,9.716944091091563,0.5798163516271462
victor torre,10.190952611312472,9.612328092794389,0.5786245185180832
gonzalo,9.476734759702445,8.899746968263022,0.5769877914394232
universo,10.22753306499036,9.651537236192883,0.5759958287974776
proteccion animal,10.324847282270836,9.749846479004736,0.5750008032661
impulsar economia,10.326984776415829,9.753364277431672,0.5736204989841571
joan,9.212421601022559,8.639486035054187,0.5729355659683719
alberto rodriguez,10.08421047452352,9.511887955165431,0.5723225193580888
jessico,10.152055228282295,9.579800527666112,0.5722547006161829
sistema judicial,10.133644692848835,9.561861557154227,0.5717831356946075
castells,10.068083080675278,9.497412974558795,0.5706701061164825
manuel castells,10.068083080675278,9.497412974558795,0.5706701061164825
plan integral,10.278977235734262,9.709505886920693,0.5694713488135683
legalizacion,10.217046689396318,9.64801996640753,0.569026722988788
energias renovable,10.268713113453861,9.700137069385756,0.5685760440681058
significativo,9.711833084263395,9.143435888429384,0.5683971958340113
catalunya seguir,10.180667689180444,9.614754985165817,0.565912704014627
catalunya defender,10.18807412947043,9.622427224555965,0.5656469049144643
palmo,10.283377800408795,9.71801458241095,0.5653632179978452
buscar mejorar,10.35589702690323,9.792094858425056,0.5638021684781744
monica,9.896693794935677,9.332968974255733,0.5637248206799441
bustinduy,10.262329615584708,9.698700231849855,0.5636293837348525
tecnologico,10.05328103244063,9.49081841935641,0.5624626130842199
politico espana,10.024554515602432,9.462267685573645,0.5622868300287873
panorama,9.63142426346097,9.070060377700457,0.5613638857605121
literalmente,10.372613240192155,9.811301784292304,0.5613114558998511
politico llegar,10.199301055234349,9.638953177232226,0.5603478780021227
sevillar,10.00829786629519,9.44887086632354,0.5594269999716488
escandalo espionaje,10.146420517687806,9.587331045425092,0.5590894722627144
estallar,9.928506479114303,9.371014377604872,0.5574921015094301
lograr apoyo,10.318806291176974,9.763234996592034,0.55557129458494
manuel fraga,10.217622849055626,9.66430297924369,0.5533198698119364
ley educacion,10.109565103887737,9.55832960014941,0.5512355037383276
lucha cambio,10.259592941441216,9.709405135205133,0.5501878062360834
dirigente coalicion,10.290625670179692,9.741463334041061,0.5491623361386306
rosalia,10.277726994240119,9.72947939881631,0.5482475954238097
upn,9.306913138818794,8.759464980381962,0.5474481584368327
igea,9.774345903593012,9.22706473394178,0.5472811696512316
controversia,9.867018051772279,9.31975542736141,0.5472626244108696
energias,10.21277046937205,9.668090860599259,0.5446796087727908
proteccion ambiente,10.35922141266264,9.815609506057566,0.543611906605074
catalunya dejar,10.159852233431629,9.61813599062824,0.541716242803389
catalún,10.265552555633317,9.72408661901495,0.5414659366183674
catalunya considerar,10.135259108299605,9.594365338006597,0.5408937702930086
veracidad,10.26630128706012,9.72568718990125,0.5406140971588709
cabo reforma,10.260967284301877,9.7205632186241,0.5404040656777767
debate reforma,10.221062198132671,9.681360181269076,0.5397020168635951
renovable,9.888734089498413,9.349204456549383,0.53952963294903
joaquin,9.680486373752275,9.14132581492299,0.5391605588292858
controvertido,10.102886236013926,9.565505919782721,0.5373803162312054
rodar,10.000013698782569,9.463229681913754,0.5367840168688147
cambio sistema,10.288598001575057,9.753436752287733,0.5351612492873237
lider opositor,10.179677693978544,9.645620604045297,0.5340570899332473
eduard,10.259426281230382,9.725534963502236,0.5338913177281466
jo,7.4760095303091445,6.942354530943888,0.5336549993652566
today,10.326683244838547,9.793898271221954,0.532784973616593
incentivo fiscal,10.163344745774882,9.631451448526633,0.5318932972482493
cerdar,10.037064642719796,9.505994179374184,0.5310704633456123
descubrir,9.723155004033128,9.19306532412384,0.5300896799092882
esperar medida,10.16976235790554,9.639802283743403,0.5299600741621369
desatar,9.995176877420246,9.465421132793464,0.5297557446267813
francisco granado,10.063264764565982,9.535242729183631,0.5280220353823513
espanol presentar,10.24492460648457,9.718290321697847,0.5266342847867236
catalunya votar,10.28237809409284,9.756094914098968,0.5262831799938716
florentino perez,10.130634966845374,9.60692096079291,0.5237140060524634
psoe pnv,10.028368229004549,9.505079795691787,0.5232884333127625
torroja,10.316689360673022,9.796807618971227,0.5198817417017949
albiach,9.85509030667935,9.335410187802472,0.5196801188768774
incentivo,9.940659139305136,9.421455190362082,0.5192039489430549
maria dolores,10.265775611276908,9.747877305436424,0.5178983058404842
mem,10.393424321242259,9.877638753372892,0.5157855678693668
ciudadano upn,10.26016056615093,9.744488507040812,0.515672059110118
gobernante,10.126151658318898,9.610632100959993,0.5155195573589051
destapa,10.228880357317632,9.714223330845968,0.5146570264716637
comento,10.1558499069179,9.641495800147704,0.5143541067701971
modificado,10.35623014546247,9.84452467011836,0.5117054753441099
leopoldo,10.234309211859236,9.723148056957163,0.5111611549020729
intenso negociación,10.193796625941127,9.682891678341354,0.5109049475997729
francisco igea,9.923811695119522,9.413398942610977,0.5104127525085449
nepotismo,10.255046567921209,9.745479160559945,0.5095674073612635
escudero,9.50117501556909,8.993420637573594,0.5077543779954965
hector,9.744633415347653,9.236963008564839,0.5076704067828146
involucrar,9.94704465070363,9.439632189607709,0.507412461095921
diego,9.43600800165777,8.929521055587864,0.5064869460699057
mantendro,10.269022812013189,9.76353208119201,0.5054907308211796
carlota,10.232783530232577,9.72899870010798,0.503784830124598
andr manuel,10.299245194712874,9.802432720453691,0.4968124742591833
abucheo,10.170761467860158,9.675114863223747,0.49564660463641097
junts cup,10.276893390139225,9.781262404756898,0.4956309853823271
tensión,9.504171512787702,9.00917528062445,0.49499623216325084
diputado cs,10.241157623339786,9.749274877658253,0.4918827456815329
entredicho,9.966679059498494,9.475412651057527,0.4912664084409677
prat,9.93598403073019,9.445408233478188,0.49057579725200107
mertxe aizpurua,10.197019505824683,9.706658570394033,0.4903609354306493
mertxe,10.197019505824683,9.706658570394033,0.4903609354306493
fraga,10.1270304815369,9.63787921598063,0.48915126555627
catalunya negar,10.24847060337356,9.761359362475307,0.487111240898253
iniciativa gobierno,10.098374098702923,9.611295882649616,0.48707821605330714
nadal,10.182348762906017,9.696676008000374,0.485672754905643
propuesta reforma,9.72884723829879,9.245872278996702,0.4829749593020889
florentino,10.077876498207685,9.597271571179029,0.4806049270286561
hashtag,10.229846655756718,9.750373013330348,0.47947364242637036
gobierno buscar,9.995296766856725,9.516034485324274,0.479262281532451
borja,9.732420594831234,9.253549798744336,0.4788707960868983
división,9.927738485381223,9.449224210303509,0.47851427507771405
veracruz,10.291222678266685,9.813081546246334,0.478141132020351
jo maria,8.892068961510777,8.414415182321816,0.47765377918896057
roig,10.216790057030199,9.739305754850966,0.4774843021792332
cosido,9.804128079434344,9.327920877679894,0.4762072017544501
aprobar ley,9.809766688435547,9.334192463714158,0.4755742247213881
juan carlos,8.092345950533687,7.616955775290856,0.4753901752428309
ley reforma,10.18594389358934,9.711211524406654,0.4747323691826857
catalunya senalar,10.247566451895217,9.773269355301856,0.47429709659336083
negociación partido,10.279490393215584,9.805252122691384,0.4742382705242001
reducir brecha,10.199043878051825,9.727149619610568,0.47189425844125665
terremoto,10.011106785603184,9.54019863941688,0.4709081461863036
sistema politico,10.089562916613472,9.621453051929146,0.468109864684326
paquete medida,9.82037809471965,9.353267986677565,0.4671101080420854
contrato publico,9.938902928906225,9.474185798783784,0.4647171301224411
comparecer congreso,9.899752564568644,9.435212695542631,0.4645398690260123
carbono,10.342680548909195,9.880130533500495,0.46255001540870033
lluis trapero,10.078802220313346,9.616596354519546,0.4622058657938002
elección andaluz,10.03124606490329,9.570777761886392,0.46046830301689745
diputada pp,10.071891785797517,9.613742612412368,0.4581491733851486
pasar semana,10.283607412929609,9.825690314415946,0.45791709851366313
arreglar,10.270018863014553,9.81409287795007,0.4559259850644821
dolores,10.179572983123808,9.723697663577651,0.45587531954615734
chat,9.962943168830611,9.508511571737582,0.4544315970930288
socialista querer,9.943760867060941,9.491688352987582,0.45207251407335924
ernesto,10.144210955259037,9.692659407767492,0.4515515474915457
lider politico,9.777144194802432,9.32738365402487,0.44976054077756267
madrid pablo,10.151919576983992,9.702495830351351,0.4494237466326414
recuperacion economico,9.938227531643323,9.488888829281926,0.4493387023613966
maria servini,10.141508083525974,9.69228221805538,0.4492258654705932
presunto caso,10.237458556026068,9.788838622170516,0.4486199338555519
catalunya presidente,10.238153413214114,9.789924698504967,0.44822871470914727
ley seguridad,9.93610989092201,9.48952662065004,0.44658327027197053
implementar,9.821637910021055,9.376890154245434,0.4447477557756212
alberto fernandez,10.190107361862946,9.748492589431978,0.44161477243096847
rivero,9.475314925049513,9.033720655498023,0.4415942695514907
autopsia,10.317133296519083,9.875935292608098,0.4411980039109853
buscar garantizar,10.123793857949398,9.682856995046041,0.44093686290335654
encontrado,10.027987845797682,9.58712924003852,0.44085860575916236
mauricio casals,10.1700978890932,9.730254661416915,0.4398432276762847
canarias num,10.259353217892102,9.820667941741167,0.43868527615093456
financiacion ilegal,9.41831084655106,8.980902535596496,0.4374083109545648
leonor,10.120184862392211,9.683596364087201,0.4365884983050101
rius,10.239385153468568,9.802880671712538,0.43650448175602996
desencadenar,10.090681217215467,9.65481215424816,0.4358690629673063
gestion publicar,10.22454033421879,9.789402407144205,0.4351379270745852
fondo reservado,9.947926636685013,9.51394435783705,0.4339822788479637
lagrima,10.21511429596645,9.782383778867604,0.4327305170988449
comer,10.118569165033698,9.68700964305026,0.43155952198343783
fraude electoral,10.16128172932086,9.729730037398081,0.4315516919227793
criminalizar,10.104916992818778,9.673499306892333,0.43141768592644425
jessico albiach,10.196196772843217,9.765401999892529,0.4307947729506889
alternativo,9.135354877598168,8.704577427698151,0.43077744990001676
proteccion derecho,10.204720621163675,9.77403756313854,0.43068305802513507
objetivo mejorar,10.20671956422614,9.776274395642666,0.43044516858347315
nieto dictador,10.086573328269507,9.656507060126946,0.43006626814256066
hora despu,10.015625908060482,9.586406671079805,0.42921923698067665
num canarias,10.254601720681928,9.825982787218347,0.4286189334635804
frente amplio,10.120904137462539,9.693020794674366,0.4278833427881725
mireia,10.1191818598958,9.692040841077445,0.42714101881835553
callar,10.215352605719744,9.789587065060916,0.4257655406588281
molín,10.191393957521496,9.766046410449533,0.4253475470719632
marihuana,10.150216159051457,9.725023313822213,0.42519284522924394
crecimiento,9.316282251511453,8.891723109785008,0.42455914172644427
republicano,8.199814503643319,7.776598272786658,0.42321623085666094
exlider,9.58113454805055,9.158950216594494,0.42218433145605516
reforma educativo,10.1058494330408,9.685372413676474,0.420477019364327
apoyar candidatura,10.134528466869593,9.714323552201686,0.42020491466790766
abdicacion,9.980272112172786,9.560244322196334,0.4200277899764515
guillermo fernandez,10.236409069572614,9.816468707788767,0.41994036178384775
destinatario,10.257380132431878,9.838348731860613,0.4190314005712654
adolfo suarez,10.056078200416739,9.638487205151264,0.41759099526547416
partido oposicion,9.58287847069476,9.165903079920378,0.4169753907743825
opinion publica,10.090160985770433,9.674366451853567,0.41579453391686627
blanco,8.900474436801623,8.485075048279626,0.41539938852199754
catalunya reconocer,10.202744118306931,9.787439703595329,0.41530441471160273
exigir gobierno,10.09296336651323,9.677768163804393,0.41519520270883703
gobierno maria,10.216478502219699,9.80154960046133,0.41492890175836905
alargar,9.847897778809752,9.434029494594576,0.41386828421517663
prometer,9.219038751093601,8.805630749885418,0.41340800120818244
etiqueta,10.210162579084011,9.796835344186066,0.4133272348979453
ere,9.778722894847132,9.365492884010449,0.4132300108366831
persona salir,10.253112972779176,9.840321324105483,0.4127916486736929
asegura,9.863542982788116,9.451148208028192,0.4123947747599246
hernandez,9.538767333513658,9.126773278809535,0.4119940547041221
ponce,10.324503317057673,9.912593882631395,0.4119094344262777
acusar partido,10.098503929674827,9.68678250131046,0.4117214283643662
esencia,10.25516721726344,9.844202780267963,0.41096443699547613
reforma integral,10.184265902590221,9.773419979975435,0.4108459226147865
gates,10.30528577439091,9.894511084452809,0.4107746899381013
trampa,10.075873386816891,9.665533851741392,0.41033953507549903
sector sociedad,10.29870234778746,9.888793788343555,0.40990855944390425
javier,8.289045656610394,7.879479338585307,0.40956631802508703
puntualizo,10.2762395402826,9.866716047738972,0.4095234925436273
santiago abascal,8.599759574739323,8.190771572062783,0.4089880026765407
sandra,10.028432030428364,9.619543186360461,0.4088888440679028
discusion,9.822986514419272,9.414894526452391,0.4080919879668805
pena nieto,10.333976360422492,9.926964165132308,0.40701219529018395
carlos garcia,10.167812337562628,9.760838979506348,0.40697335805628043
garantizar igualdad,10.156784132498617,9.750091872889058,0.40669225960955835
nación,10.273218111298974,9.866577358251899,0.4066407530470748
puntualacer,10.393424321242259,9.987331581886883,0.40609273935537615
psoe congreso,9.78681159562782,9.380857999769391,0.4059535958584277
presidente mexico,10.351485459042419,9.945930284591254,0.4055551744511643
finalista,10.154645898725176,9.749116039897313,0.4055298588278635
compaginar,10.058710713037426,9.653296613771845,0.40541409926558103
casals,10.107584496195784,9.702395604469617,0.40518889172616745
competitividad,10.150091074197917,9.746487506404678,0.4036035677932386
gobierno president,10.180843090502611,9.77747376190925,0.40336932859336017
desplome,10.07377976613912,9.671061465758969,0.4027183003801511
medida destinado,10.172833202211278,9.770859546412444,0.4019736557988338
privacidad,10.166678280422936,9.765170016855205,0.40150826356773095
lider territorial,10.171262699237873,9.770038585615916,0.4012241136219572
senalir,10.05777613714553,9.657242626371586,0.4005335107739434
inesperado,9.893133903823646,9.49284848581091,0.40028541801273576
arena,9.671210117284499,9.271593885469777,0.39961623181472206
rendicion,10.143082527691046,9.744084580211073,0.3989979474799732
menor extranjero,10.20888494457263,9.809950667775876,0.3989342767967532
desafio,9.46752777614505,9.069001826330775,0.3985259498142746
suarez,9.655808968836636,9.257546209138994,0.39826275969764247
santo sede,10.126708355749592,9.728741341458067,0.3979670142915257
servini,9.999877631268083,9.602173650734825,0.39770398053325806
esther,10.127420367430988,9.73019919129448,0.3972211761365081
angel hierro,10.139811240729118,9.743377039455405,0.3964342012737134
luis angel,10.139811240729118,9.743377039455405,0.3964342012737134
josep lluis,9.9966585810809,9.600229494418768,0.39642908666213295
querer seguir,10.086887196534427,9.690852089422245,0.3960351071121817
izquierda unida,9.348464633913766,8.952455098025684,0.39600953588808174
financiamiento,10.289110736924199,9.893134357303369,0.39597637962083
espionaje politico,10.08056298001484,9.684852130067416,0.3957108499474238
estimular,10.280287250751654,9.885086578068362,0.3952006726832913
portavoz ejecutiva,10.124483250531815,9.729624153685135,0.3948590968466803
acto politico,10.14518647435986,9.750729646238058,0.39445682812180216
concursant,10.369685962388242,9.975873243420853,0.39381271896738923
economia espanola,10.233429376454739,9.84073119895309,0.39269817750164826
bai,10.047848814698833,9.655289529169448,0.39255928552938535
geroa,10.047848814698833,9.655289529169448,0.39255928552938535
geroa bai,10.047848814698833,9.655289529169448,0.39255928552938535
aizpurua,10.053202377552294,9.661010215031236,0.3921921625210576
regulación,10.228439266296816,9.836300023381716,0.39213924291509983
etica,9.877004708542511,9.485100631664896,0.39190407687761564
compromiso gobierno,10.213485496017189,9.821799111100363,0.3916863849168255
acabar num,10.116421338157714,9.724867817969185,0.39155352018852874
militancia partido,10.185183488993832,9.794666538054368,0.3905169509394639
debate mocion,10.127817024447063,9.738124539894741,0.38969248455232197
socialista mantener,10.153564441653211,9.763916511963096,0.3896479296901152
camaro,10.212934464764057,9.823296034395433,0.389638430368624
aparicion,9.909721291099848,9.520488757879347,0.38923253322050044
objetivo garantizar,10.221324987412583,9.835050483004085,0.3862745044084974
lider oposicion,9.437755332991186,9.051542968124838,0.38621236486634736
asuntos economico,10.204764095439083,9.819326685099357,0.3854374103397262
carro,10.156091136357064,9.770879752359201,0.3852113839978628
perfectamente,10.082599986789603,9.698503016175744,0.38409697061385906
roviro,10.1965581048164,9.812882575215708,0.3836755296006924
raro,10.191527082687188,9.80826303496976,0.38326404771742695
psn,10.012564983341331,9.629566723151088,0.3829982601902433
falta transparencia,10.165624868978623,9.783027591333024,0.3825972776455995
cola,9.921917816862361,9.540149427052024,0.3817683898103379
herediar,9.972585970629996,9.590930311817846,0.38165565881215
comprometedor,10.159713566160914,9.778242374935479,0.38147119122543494
burlar,10.30140865312107,9.920202536442284,0.38120611667878634
master presidenta,10.173344495808852,9.792162050614326,0.3811824451945256
atado,10.130703048416503,9.750294383606883,0.3804086648096199
ley igualdad,9.81160447793419,9.431206716885084,0.3803977610491067
chantajear,10.210294265076483,9.83020563361294,0.38008863146354344
igualdad genero,10.010047662471603,9.630056139237823,0.37999152323378027
broma,10.16702009102894,9.787423170516217,0.3795969205127232
areas,10.04927146839723,9.66968291391428,0.37958855448295026
circo,10.14744934855432,9.76877171433416,0.37867763422015877
riba,10.209054586791225,9.831155489308724,0.3778990974825014
candidato unidas,9.688605620109387,9.310903188484122,0.3777024316252646
censura gobierno,10.231828154207257,9.85433784199188,0.377490312215377
renta alto,9.964956826743359,9.587820878370579,0.3771359483727803
reducir emisión,10.304140427394806,9.927433909120522,0.37670651827428436
revelación,9.791043052406563,9.414680957709523,0.37636209469703985
defender derecho,10.002418394981824,9.626138269696654,0.3762801252851702
moto,10.165841899659311,9.790249743065404,0.3755921565939069
ejecutivo considerar,10.144914300139176,9.769365865269076,0.37554843487009926
captar,9.948917142741713,9.57370678214927,0.37521036059244395
aplauso,9.935933783838921,9.561190660548805,0.3747431232901164
vicepresidente derechos,10.150641844898635,9.77594497129575,0.3746968736028844
recurso natural,10.239367991202073,9.864839876456696,0.3745281147453774
lider madrid,10.151294676372027,9.776777649774482,0.3745170265975446
preservar,10.04451463124905,9.670567896424304,0.37394673482474694
software,10.112583555216242,9.738807324462401,0.37377623075384037
ayala,10.16118525119255,9.78798022441758,0.3732050267749685
sostenibilidad,9.5900573370208,9.217018880917577,0.37303845610322384
efectivamente,10.2054565487574,9.832500596057681,0.37295595269971926
opto,10.236529642644589,9.86399280729853,0.3725368353460592
lorena,10.075730220847928,9.703567957270835,0.3721622635770938
enfrentado,10.032352355305798,9.660413556730006,0.37193879857579226
mes elección,10.01340325923235,9.641765472667652,0.3716377865646976
presidente espanol,10.181229459912903,9.810785703713137,0.3704437561997658
terremoto politico,10.183155768940113,9.813458972038635,0.3696967969014775
libremente,10.163103048910727,9.794989176555884,0.3681138723548436
partido naranjar,9.31388942109902,8.945971754079688,0.3679176670193325
cueva,10.254470662671611,9.887642527658492,0.36682813501311884
abolicion,10.127548305983524,9.761126095497891,0.3664222104856325
presidente jo,10.23777309041915,9.872121360295901,0.3656517301232487
desgracia,10.247434307885225,9.881788074121438,0.3656462337637869
politico partido,10.044812029929972,9.679326509218303,0.36548552071166895
consecuencia politica,10.220334278451379,9.855080600458942,0.36525367799243647
direccion socialista,9.704305974968214,9.339139919711485,0.3651660552567293
pleno congreso,9.646924366738945,9.282348890719339,0.36457547601960627
exabogado,10.189120731074132,9.825663867410928,0.3634568636632043
promesa electoral,10.179166248925934,9.81598493165773,0.3631813172682037
crisis gobierno,10.064842205117639,9.702177550176765,0.36266465494087363
pepe,9.758759717010028,9.396583996994726,0.3621757200153013
limpio,9.808229630815589,9.446220742119392,0.36200888869619696
llegar hora,10.189080505420193,9.827470348047234,0.36161015737295976
generoso,10.241475979222237,9.87998842348294,0.3614875557392967
reforma fiscal,9.557573370043016,9.196616469441553,0.36095690060146346
arancha,10.106997555302863,9.74623798488572,0.3607595704171427
servidor,10.19210197121015,9.83135240951444,0.3607495616957106
eterno,10.174784762008041,9.81418885730255,0.36059590470549097
presidente formacion,10.087314498335612,9.727410687916297,0.35990381041931485
formacion gobierno,9.865739176285722,9.505931149909763,0.35980802637595843
contribuir,9.48605165941266,9.12644340678149,0.359608252631169
num defender,10.180554133812885,9.821108103154756,0.35944603065812863
gobierno defender,9.791292758513743,9.431974798682496,0.35931795983124637
chavez,10.236851750421923,9.877583931500016,0.3592678189219072
naranjar,8.869030556456735,8.509825033367374,0.3592055230893614
nube,10.292880914654322,9.934001090916281,0.3588798237380413
dejar partido,10.053715331204291,9.695122579096688,0.35859275210760266
recusación,10.071909669504928,9.713614360108114,0.358295309396814
ley establecer,10.134782557720776,9.77657236623925,0.35821019148152544
heredar,10.209176571234241,9.852024623439085,0.35715194779515613
cargo gobierno,9.830835316455406,9.473698745260606,0.35713657119480047
asegurar lider,10.009730425243792,9.652894984970839,0.35683544027295255
politico num,10.122978703115496,9.766704979316136,0.35627372379935984
subido,10.252386431239746,9.896235200012745,0.35615123122700076
alejandro jacinto,10.071031619846812,9.715087908360381,0.35594371148643056
rendir,9.683187879470351,9.327374759032057,0.3558131204382935
popular creer,10.125480833689279,9.76993058835423,0.3555502453350492
presunto irregularidad,9.718161288237228,9.363886158058552,0.3542751301786762
desafiar,10.150676161093832,9.796478705741034,0.35419745535279823
energia renovable,10.096669893428754,9.743307594244204,0.35336229918454976
gobierno lider,9.609877518863179,9.256865316413624,0.35301220244955545
tecnologia,9.790135313678165,9.437296669973543,0.35283864370462226
ejecutivo presentar,10.133274244534263,9.78056901340376,0.35270523113050345
evitar aclarar,10.176087365699702,9.823598047080091,0.35248931861961097
lamentable,10.12198163508096,9.77052666651939,0.3514549685615709
expresidente junta,10.0978849655615,9.747109398644232,0.3507755669172674
cumplirar,10.163108581847345,9.8123543998446,0.35075418200274555
acceso vivienda,10.195857686918432,9.845200122768697,0.3506575641497349
laura,9.243546002854218,8.893059396811262,0.35048660604295634
ministra asuntos,9.894778311973875,9.544687081285831,0.3500912306880437
ejecutivo asegurar,9.974161946217118,9.624272811012139,0.3498891352049789
pp mostrar,10.151993000183186,9.80220797832938,0.34978502185380655
wuhan,10.190020662421578,9.840295470769552,0.3497251916520252
junts,9.397347279960053,9.047779022905262,0.34956825705479133
fondo publico,9.468982756756036,9.119640787235216,0.34934196952082
pp reunir,10.16719427134646,9.818656406937999,0.3485378644084616
ideal,10.114901286733591,9.76689241076989,0.34800887596370167
modernizar,9.992438862656265,9.644882309468594,0.34755655318767076
clausurar,10.140759450312776,9.79332874329864,0.34743070701413714
udef,9.722375205846879,9.375261514777026,0.34711369106985224
seguridad ciudadano,9.752321169692106,9.405555246305079,0.34676592338702683
beber,10.18166378192559,9.835704575710608,0.34595920621498166
universidad rey,9.642087352623879,9.296489167946831,0.3455981846770477
formar coalicion,10.007278687480873,9.66239278691518,0.3448859005656928
tema clave,10.216232057457745,9.871454720341184,0.344777337116561
dolors montserrat,9.883933955868965,9.539247044444815,0.34468691142414976
descontento,9.96388921947045,9.62048190122215,0.3434073182483015
evadir,10.184499096856642,9.84155272890935,0.3429463679472917
desato,10.146807766443159,9.803861757173541,0.3429460092696175
madrid comunidad,10.138250683312213,9.79545948637078,0.3427911969414339
estrategia gobierno,10.176469223792731,9.834239605062898,0.34222961872983326
num minuto,9.70527789229028,9.36339822886323,0.3418796634270489
dejar escano,10.139838577865934,9.798371324830589,0.3414672530353453
bill gates,10.33043824184447,9.989047144808527,0.3413910970359435
guerra interno,10.040337093824865,9.698951848840293,0.341385244984572
desvio fondo,10.128433013296723,9.787440273326675,0.34099273997004786
nieto,9.222113922153877,8.881356089053869,0.3407578331000085
reunir miercol,10.093411774608356,9.753330634201111,0.3400811404072446
politica progresista,10.1611568214577,9.821184092310032,0.33997272914766796
riqueza,9.962626330245135,9.622788586632163,0.33983774361297137
anunciar dejar,10.103269451860754,9.763509405022441,0.33976004683831285
carguir,10.085091092235645,9.74547119976499,0.3396198924706546
inmaculado,10.088187782791323,9.7487910110946,0.3393967716967232
roto,9.795170822390169,9.455930227813546,0.3392405945766228
candido,10.068804305630348,9.729602467449125,0.3392018381812232
barbera,9.910363530952704,9.571161940697962,0.33920159025474206
pedir lider,10.204952327831482,9.865913766639096,0.3390385611923854
reportero,9.964401199247291,9.625665259886091,0.33873593936120017
inter publico,10.167238290105407,9.82866430549068,0.33857398461472776
desestabilizar,10.096492366288038,9.758150465734722,0.33834190055331526
configurar,10.132351493082457,9.79414501384017,0.3382064792422863
igualdad oportunidad,10.129939942171864,9.791833118888219,0.3381068232836455
revelar,8.803311570339718,8.465220798540178,0.33809077179953917
municipal socialista,10.171592139296994,9.833598269119955,0.33799387017703886
motivo personal,10.113131234523772,9.775423530663307,0.337707703860465
reformar sistema,9.992662352133685,9.655229635086966,0.3374327170467186
autonomar,10.069072750960233,9.731754079150559,0.33731867180967434
coalicion abertzale,9.943403445564039,9.606143334502736,0.33726011106130294
maldito,10.33020494300723,9.993105635813556,0.3370993071936734
unid,10.021197316622832,9.684277928614964,0.3369193880078676
juliar,9.982461405218963,9.645733307609305,0.33672809760965805
primaria partido,10.026533190863745,9.689864065294744,0.3366691255690011
tipo violencia,10.192940888305264,9.856301125683693,0.33663976262157114
regionalista,9.960080640176905,9.623533506340562,0.3365471338363424
interrumpar,10.190991458815422,9.854756829733546,0.3362346290818756
psoe izquierda,10.07374976777563,9.737595230139478,0.3361545376361512
secretario socialista,10.09569508459902,9.759951736854806,0.33574334774421466
expectacion,10.129953446992769,9.794719159233557,0.3352342877592118
salir calle,9.864510789394936,9.529418817371369,0.33509197202356766
feo,10.202660493146775,9.86764781742281,0.33501267572396465
seguir investigar,10.166974627936316,9.832406324978585,0.3345683029577309
juarez,10.269954871721325,9.935719712545916,0.33423515917540847
alvaro,9.264277310632062,8.93051348218541,0.33376382844665287
manuel calvente,10.092472334329162,9.75895142867881,0.333520905650353
equidad,9.895363430877227,9.56233441427977,0.33302901659745743
invito,10.21117442102666,9.878277084946909,0.3328973360797516
recuperar alcaldia,10.185641559972646,9.852749609725038,0.33289195024760865
atractivo,10.232123662440152,9.899457878007125,0.3326657844330274
politica gobierno,10.096298549559927,9.76374697418646,0.3325515753734667
farsa,10.24470027691624,9.912199459343736,0.3325008175725035
fiar,10.155570663455988,9.82319971450316,0.33237094895282837
querer dejar,10.150930572305446,9.818634187705834,0.3322963845996121
erario,10.23329954468298,9.901446765869055,0.33185277881392494
companero partido,10.129061539982779,9.797594822034725,0.3314667179480537
imparcialidad,9.78176190513607,9.450396359996178,0.33136554513989225
contestacion,10.079940403897488,9.749109459808489,0.3308309440889996
presunto financiacion,9.724191514115281,9.393989590452193,0.330201923663088
caso ere,10.130464842253279,9.800530298427354,0.32993454382592446
adjudicacion contrato,10.112401959945682,9.782574843424301,0.32982711652138086
sirviir,10.049957090938715,9.720333198652288,0.32962389228642763
inma nieto,9.944214515603557,9.614714898829504,0.3294996167740525
inma,9.944214515603557,9.614714898829504,0.3294996167740525
michael,10.130442869336132,9.800984057020786,0.32945881231534635
hugo chavez,10.262448547365773,9.932999900769392,0.32944864659638107
legalizar,10.103829135656943,9.774405060877301,0.32942407477964153
comision rogatorio,10.16601525952772,9.836966669025966,0.3290485905017544
exsocio,10.018540870089334,9.689531444416007,0.3290094256733269
politica espanola,9.999626583367576,9.670627860739788,0.3289987226277873
ofender,10.20439020327801,9.875547478261065,0.3288427250169441
gobierno izquierda,10.04883745876092,9.720127493557,0.32870996520392026
resto dictador,9.623644629598623,9.295044958519837,0.32859967107878596
vanguardia,9.75545493486008,9.427037034834289,0.32841790002579074
izquierdista,10.172408958024269,9.844025340370388,0.3283836176538806
disidente,10.183713759377074,9.85564869079144,0.32806506858563367
neutralizar,10.155394031333152,9.827583434401978,0.3278105969311742
logrario,10.110648260200609,9.782995641458195,0.32765261874241425
futuro ley,10.148607168273127,9.821315720019793,0.3272914482533338
presupuesto gobierno,10.096448568717078,9.769385386624272,0.3270631820928056
izquierda unido,9.117649960736154,8.790627705193716,0.32702225554243824
secretario organizacion,9.101551084712042,8.77460332962,0.32694775509204277
vicepresident generalitat,10.225438866358559,9.898959899390734,0.32647896696782475
gobernar madrid,10.16734582756015,9.841029010335236,0.3263168172249138
gobierno celebrar,10.121572830201226,9.795432726191047,0.3261401040101788
traidor,10.032531507711461,9.706561924427195,0.32596958328426595
admision tramite,10.191823638375267,9.866344922565679,0.325478715809588
rogatorio,10.113633277271237,9.788416667040066,0.32521661023117154
articulo constitucion,10.156459294185792,9.831450860245825,0.32500843393996703
comite electoral,10.038785307892157,9.713792877965496,0.32499242992666133
recibir apoyo,10.098072628700871,9.773271734510711,0.3248008941901599
condepumpido,10.150726747799782,9.826293145630972,0.3244336021688099
candido condepumpido,10.150726747799782,9.826293145630972,0.3244336021688099
programa gobierno,9.965490774108082,9.641200516993825,0.3242902571142565
rico,9.554306569487977,9.230034914387858,0.32427165510011946
bateria pregunta,10.063234793707599,9.738994435689985,0.3242403580176134
reforma constitucional,9.992040181835216,9.66880987199685,0.3232303098383671
num virus,10.333520880580258,10.010618254941827,0.32290262563843086
ferraz,8.830779905412518,8.508072536358144,0.322707369054374
adelantado,10.148324267790287,9.826575397507462,0.32174887028282484
valentia,10.067055974030032,9.745468405560658,0.32158756846937386
num necesario,10.200677899442189,9.879255841273409,0.3214220581687801
decisión tomar,10.16679708909689,9.845690256919973,0.32110683217691793
primaria num,10.196685908772844,9.875619175988394,0.3210667327844501
formar partido,10.140829157574595,9.81978652751969,0.3210426300549045
sanchismo,10.068308699359807,9.747272030055925,0.32103666930388286
celebrado num,10.18492193629763,9.86398983639792,0.3209320998997107
cni felix,10.153200560878243,9.832502135622688,0.32069842525555536
congreso meritxell,10.093076689865839,9.772431745105491,0.3206449447603479
barón,9.53590133514691,9.215300950510471,0.3206003846364389
educacion sanidad,10.114861129968734,9.794706177621311,0.32015495234742275
estabilidad politico,10.164666149554675,9.844975280343883,0.3196908692107918
lopez,8.493022389942306,8.173437729709134,0.319584660233172
juan,7.5727617645123475,7.2531772282363365,0.319584536276011
pablo,7.316507213281059,6.997010529843888,0.31949668343717086
presidente ejecutivo,9.645334749343135,9.326343039791,0.31899170955213485
viral,10.005095857062992,9.686273001561627,0.3188228555013648
impidio,10.12194774432562,9.803220141770353,0.318727602555267
cargo partido,9.815819991724144,9.497858891257756,0.3179611004663876
realmente,9.692835962213334,9.374969633800397,0.3178663284129364
salpicar,9.829893644023933,9.512594431715545,0.317299212308388
barcelo,10.116523112278045,9.79931099346286,0.31721211881518485
vacio,9.931414369610426,9.614266678883935,0.3171476907264914
vara,9.840633420955607,9.523499099718714,0.31713432123689245
natalidad,10.022508218616128,9.70558969166607,0.31691852695005807
descalificación,10.044920453441911,9.728116571056983,0.31680388238492796
volver pedir,9.994754255841283,9.678063637705309,0.3166906181359739
requerido,10.182574482968183,9.86594006741118,0.31663441555700267
obvio,10.081164897119516,9.765392634586357,0.3157722625331587
bancada,9.81281586456851,9.497172505253161,0.3156433593153487
decima,9.800322446911816,9.48486654093771,0.31545590597410467
publico lider,10.17159008820117,9.85645409495784,0.3151359932433291
francisco camps,10.151825258790057,9.837193123307733,0.3146321354823236
moncloa considerar,10.135004989198249,9.82038977282305,0.3146152163751985
gobierno creer,10.095179622505928,9.781060288263086,0.3141193342428412
direccion estatal,10.013369714237287,9.699813175480921,0.3135565387563659
macarén olona,10.124045071075294,9.810897390653238,0.31314768042205543
mediaset,10.257757361968547,9.944791584744122,0.3129657772244254
sostenibilidad sistema,10.175676844099323,9.86283983547484,0.3128370086244825
debilitar,9.785755202989959,9.472969020008968,0.31278618298099126
xix,10.11605972978637,9.803299698870015,0.31276003091635474
estarar,9.94972597667328,9.637019750131776,0.31270622654150415
lista votado,9.96236340228022,9.649857506066015,0.3125058962142049
grave crisis,10.160021939528864,9.847973630166878,0.3120483093619857
calma,10.22875301648004,9.916803394208767,0.311949622271273
inclusivo,10.011549665333748,9.699980863650438,0.31156880168330936
jo angel,9.99795319480009,9.686413596908041,0.31153959789204855
castillala mancho,9.997116909624246,9.685966359325878,0.31115055029836824
gobernar partido,10.130910667348585,9.819779154533748,0.3111315128148373
patxi lopez,9.849650524087988,9.538525441960944,0.3111250821270435
presentar enmienda,9.525986301033356,9.214878817599466,0.31110748343389005
causar muerte,10.314501186742415,10.003633007800332,0.3108681789420835
exportavoz,9.616434751478835,9.305720059685433,0.31071469179340205
ley proteccion,9.881923656920625,9.571709729235527,0.3102139276850977
costumbre,10.08910113937119,9.779052138051242,0.31004900131994795
luis rodriguez,9.497949632544286,9.187933710837818,0.3100159217064675
opositor,9.803127434788268,9.493198640560783,0.30992879422748487
monarca emerito,9.951914300306074,9.642125014838001,0.3097892854680726
oferta gobierno,10.054262529109817,9.744881449784454,0.3093810793253624
asesora,9.998336397889043,9.689302633345365,0.3090337645436776
especular,10.184497992011575,9.875696188204236,0.3088018038073397
seguir frente,10.08121110960826,9.772410290575815,0.30880081903244516
mostrar critico,10.110601570459968,9.801831605401619,0.3087699650583495
certamen,10.205302940909123,9.896582059388972,0.3087208815201503
fantasma,9.731309463216586,9.422855188074005,0.30845427514258184
senor,9.548188580810903,9.239739590054478,0.30844899075642473
lidiar,10.241709565952846,9.933274165963132,0.3084353999897136
espanolista,10.155565089122565,9.84726362020301,0.308301468919554
cortes,9.398864484002477,9.09075303161814,0.30811145238433646
evidentemente,10.161928516978735,9.85402910999092,0.3078994069878149
supermercado,10.09086063164465,9.783121823311838,0.30773880833281275
hegemonia,9.749080716391322,9.441462682364751,0.3076180340265715
informe letrado,10.126359091703566,9.818969074919902,0.30739001678366407
gobierno unidas,9.986033267392772,9.678687338092866,0.3073459292999061
respirar,10.042048620839187,9.735663971079696,0.306384649759492
avanzar negociación,10.159260418311963,9.852895400904307,0.3063650174076553
senadoro,10.07986412168223,9.7735683095606,0.30629581212162904
pasividad,10.037771818633656,9.731607339948805,0.30616447868485075
pesadilla,10.231381269502359,9.925223326023938,0.3061579434784214
triunfo,9.539957652859705,9.233814254894714,0.30614339796499124
madrid afirmar,9.85568981065512,9.549680526871507,0.30600928378361303
dr,10.275276520806273,9.969482335106777,0.30579418569949546
gobierno comparecer,9.99164645221525,9.68639066523198,0.3052557869832704
portavocia,9.982232573069766,9.676991073591735,0.30524149947803103
filtracion,9.677043880536964,9.372353730308449,0.30469015022851487
mexicano,9.563807266109608,9.259350415590568,0.30445685051904015
asamblea madrid,8.814071635042575,8.509875122191342,0.3041965128512327
bacteria,10.287536554635626,9.984111750657538,0.30342480397808735
exvicepresidente generalitat,10.168930357507172,9.865524234786037,0.3034061227211353
diir,10.199669216250715,9.89637528090837,0.30329393534234583
querer volver,10.130086712960827,9.827030708823667,0.3030560041371597
javier ramos,10.198418556722872,9.895511716359882,0.30290684036299
ironizar,10.017637875270049,9.714844468556526,0.30279340671352273
visiblemente,10.216876718305796,9.914267957223972,0.30260876108182444
medida economica,9.911101676337791,9.608565813940235,0.3025358623975567
rigor,10.08851553740809,9.786372241480166,0.3021432959279249
ferrol,10.072069689943325,9.770181224920103,0.30188846502322164
num afiliado,9.999441596268635,9.697782977822666,0.30165861844596975
deciar,9.805343976079007,9.503751959544774,0.30159201653423295
amenaza muerte,10.045752257501336,9.744201892995216,0.30155036450612016
gana,9.886210080590482,9.584729828279084,0.3014802523113982
via urgencia,10.106329169717196,9.804954043528749,0.30137512618844653
sumision,10.221269497650932,9.91992628283923,0.3013432148117019
investidura presidente,10.080060137866958,9.778770899231064,0.30128923863589385
habrar ningun,10.188457178859455,9.887439059794387,0.30101811906506803
secuestrado,10.07517445915564,9.774190585204268,0.30098387395137216
educativo,8.995114847037089,8.69431375401425,0.3008010930228391
vertido,10.132823812889784,9.832368224376848,0.30045558851293563
trapero,9.799389017633947,9.499804344310775,0.2995846733231726
salir voto,10.06010124384591,9.760645625348134,0.2994556184977757
habrar reunion,10.097427254265677,9.797979399077352,0.2994478551883244
mural,10.104210511166922,9.804781125407288,0.29942938575963396
corrección,9.878136255892255,9.578801104531953,0.2993351513603013
television espanola,10.22301858709628,9.923788889912162,0.29922969718411885
revitalizar,10.164831962583909,9.865803984699504,0.29902797788440516
grupo morado,10.090837199210133,9.791888553910162,0.298948645299971
fan,10.214458633763593,9.915600838105952,0.29885779565764103
letrado congreso,10.149477352904228,9.850749859663496,0.29872749324073133
antonio hernando,10.222634058833124,9.923921413865331,0.29871264496779304
fichaje,9.549071088862513,9.25038178920465,0.2986892996578643
belleza,10.115116623241013,9.816581076757146,0.29853554648386726
grande empresa,10.007011491065308,9.708505258194812,0.29850623287049594
javier lamr,9.86884750063007,9.57066196216297,0.2981855384671004
partido socialista,9.301197270292482,9.00310944983817,0.29808782045431137
asombro,10.29604571307801,9.998095556528398,0.29795015654961254
talento,9.865791325742105,9.56786444115913,0.29792688458297434
lujo,10.048045708116778,9.75028610492223,0.29775960319454775
hito,9.945745695316923,9.64817046499094,0.29757523032598243
implicación,10.2120608944835,9.91462184567475,0.2974390488087497
gobierno tomar,10.116580519378132,9.819296209986872,0.2972843093912605
presidenta isabel,10.084726357094196,9.787482868027078,0.2972434890671174
tercer mandato,10.189659958564084,9.89255881318478,0.29710114537930465
afirmar portavoz,9.68440541404644,9.387325135364712,0.2970802786817277
ejecutivo coalicion,9.392245587978588,9.09522792563785,0.29701766234073723
transfuga,10.080257170610468,9.783537265548079,0.296719905062389
contagiar,10.118575271755759,9.821962441557465,0.29661283019829376
proyeccion,9.91347711337517,9.617163181549635,0.29631393182553367
lacra,10.033784884958116,9.73763639622938,0.2961484887287362
gobierno evitar,9.957430846961614,9.661342001848453,0.2960888451131609
popularidad,10.286304621662472,9.99022815116022,0.2960764705022516
mundo entero,10.264086967594604,9.968013631762382,0.2960733358322223
operacion cataluna,10.138306566285038,9.842610695673407,0.29569587061163105
impactado,10.319420746932533,10.023891059958109,0.29552968697442417
lista coalicion,10.127327744267866,9.832148714836402,0.29517902943146446
nariz,10.119727306558957,9.824697496852934,0.29502980970602266
asegurar presidente,9.876196770521355,9.581369760657635,0.29482700986372024
cambiar opinion,10.129040457675673,9.834420518543405,0.2946199391322679
conveniente,10.131099718268365,9.836646341378875,0.29445337688948925
politico gobierno,10.104151653711355,9.810060822816423,0.29409083089493215
pito,10.182786251444607,9.888920433963676,0.2938658174809312
partido derecha,9.764685540994803,9.470860459241507,0.2938250817532957
sanchista,10.080774578690962,9.787341321533296,0.2934332571576661
mayoria social,10.081490250375433,9.788091266423502,0.2933989839519313
puro,10.131913784749566,9.838705994026418,0.29320779072314807
num ionir,10.138293022286394,9.84513416449132,0.2931588577950741
calvente,10.054385062139733,9.761494422163748,0.29289063997598497
cara investidura,10.036855151577438,9.744181931459647,0.2926732201177913
operacion kitchen,9.78729930164851,9.494645605537087,0.29265369611142233
confrontar,9.6652183919817,9.372615538338385,0.29260285364331473
cara municipal,10.1871600350327,9.895072511863914,0.29208752316878694
ley integral,10.11396919143908,9.822196741281287,0.29177245015779363
oriol,9.067586582305035,8.775830544094697,0.29175603821033746
diputar,10.140846230707172,9.849254866575645,0.2915913641315271
primavera,9.926461697878098,9.634997004886733,0.2914646929913651
ana rosa,9.977744619125273,9.686420464598156,0.2913241545271177
ejercio,10.06897764868799,9.777695443651357,0.2912822050366337
frente ministerio,10.08147185337803,9.790312268674734,0.29115958470329595
elacer,10.13872784645878,9.847576659757461,0.29115118670131857
enganar,10.055583378069679,9.764468174154878,0.29111520391480106
quiniela,9.991500330600905,9.70040630661937,0.2910940239815343
santiago compostela,10.06613289675349,9.775083308417068,0.29104958833642236
hombre confianza,10.150980249077858,9.860099217501341,0.29088103157651624
eco,9.930808881136718,9.639937700417361,0.2908711807193569
vicepresidente gobierno,9.051837096677785,8.761130532830641,0.29070656384714333
operativo policia,10.068445263336933,9.7777421011729,0.2907031621640339
sabiar,10.020571247751095,9.72997668382063,0.29059456393046545
defender medida,10.111736288293612,9.821216788066417,0.2905195002271945
verar,9.960571614531053,9.670193124949378,0.2903784895816752
retomar conversación,10.167584229335954,9.87746600765742,0.29011822167853474
mostrar respeto,10.140650559223516,9.850803946663277,0.2898466125602397
gestion crisis,9.960909028109304,9.67125827424642,0.28965075386288497
fernandez vara,10.092379662932169,9.802898661994313,0.28948100093785634
mandataria,10.20369585657761,9.914478159013116,0.289217697564494
madrilén isabel,9.854355404636182,9.565229478273313,0.2891259263628694
transversal,10.053792791442246,9.764888496761285,0.288904294680961
conquistar,10.177979068377864,9.88927667813279,0.28870239024507427
celia villalobo,10.095213902681536,9.806512315114933,0.288701587566603
arrasar,10.114647144226828,9.826029140467243,0.28861800375958424
mordazo,9.811484231063748,9.522900931466472,0.2885832995972759
ley mordazo,9.811484231063748,9.522900931466472,0.2885832995972759
escoger,9.890562178136683,9.602154989994025,0.2884071881426582
municipio madrileno,10.141125293516623,9.853293550044793,0.2878317434718305
echo,10.166450552356675,9.878619679190205,0.28783087316647027
celebridad,10.318619591276864,10.030812178528858,0.2878074127480055
negativamente,10.16092485609196,9.873315466900472,0.2876093891914877
comisión investigacion,10.161534594200809,9.873976529866523,0.2875580643342861
lucir,10.03160738456446,9.744166989218025,0.28744039534643484
madrid jo,9.924554802236662,9.637308348293518,0.2872464539431441
socialista hector,10.132194275816582,9.845166078312992,0.28702819750358977
despu mes,10.171516243569908,9.884817567013878,0.2866986765560302
perez,8.636175776308532,8.349553050534295,0.28662272577423664
partido grupo,10.126209791072922,9.839935557095757,0.28627423397716534
incapaz,9.962467018707304,9.676211927453682,0.28625509125362214
num posteriormente,10.171584401284925,9.885332861665319,0.2862515396196059
dirar,10.23650211190986,9.950364948761546,0.2861371631483145
juan chicharro,10.024840182100814,9.738765844123048,0.28607433797776594
agarrar,10.206255411306538,9.920219385970963,0.2860360253355747
pedir comision,9.94093672107767,9.654953206585429,0.2859835144922407
drastico,10.130743209403485,9.844786456034388,0.2859567533690974
visualizar,10.213916607826736,9.928040531698947,0.28587607612778854
salir luz,9.882526987663333,9.59668308983925,0.28584389782408337
respuesta escrito,10.111477115359772,9.825779243268023,0.2856978720917489
num peso,10.269921714018675,9.98444829847957,0.285473415539105
censura parental,10.089392917531438,9.804053832477273,0.28533908505416505
promesa,9.522856004966412,9.237545499440715,0.2853105055256968
coalicion pablo,10.154742789092676,9.869566625087764,0.28517616400491264
bousselham,9.705557773416787,9.420385598443156,0.28517217497363134
medida buscar,10.121616636112602,9.836508962313212,0.2851076737993896
unilateralidad,10.129361050773328,9.844670725328667,0.2846903254446609
coportavoz,10.128569279814238,9.843949842669343,0.28461943714489557
elección anticipado,9.745004478415389,9.460460567068019,0.2845439113473702
declarar miercol,10.168980376176181,9.884837455486018,0.28414292069016334
ferriz,10.118130197219338,9.8340294175485,0.2841007796708386
debacle electoral,10.08486573354619,9.800772711128486,0.2840930224177036
world,10.285072816233571,10.001132099317523,0.2839407169160477
meira,10.06650415069672,9.782588628273816,0.2839155224229035
publicado lunes,10.14255305571512,9.85868679530728,0.283866260407839
pp insistir,10.054732412150633,9.770877080990186,0.2838553311604475
socialista congreso,10.055480595590085,9.77170163643873,0.28377895915135554
director cni,10.10906268130639,9.825437359099128,0.28362532220726244
dictador valle,10.165884397647831,9.882603656692826,0.28328074095500533
rodolfo,10.107214981564633,9.823963950596193,0.2832510309684402
num apoyo,9.825470528446806,9.542366420997501,0.28310410744930437
secretaria agenda,10.191070734776611,9.908067979466827,0.28300275530978425
triunfar,10.300486564113578,10.017529135997881,0.28295742811569724
asegurar propuesta,9.956131038485534,9.673199127066601,0.2829319114189328
corts valencián,10.116444755242043,9.83357390046133,0.28287085478071283
valencián,10.116444755242043,9.83357390046133,0.28287085478071283
asequible,10.184240723555025,9.901458187466009,0.28278253608901593
prc,9.850444495725021,9.567848033438645,0.28259646228637614
fichar,10.009730982067445,9.727231497122968,0.2824994849444771
gestora,9.818634140847491,9.536316451315413,0.2823176895320785
honorifico,10.023202309497082,9.741068735042365,0.28213357445471665
presidencia comunidad,9.320542624365372,9.038478843825635,0.2820637805397368
bonificacion,10.12348427215905,9.841560295541905,0.2819239766171453
antecesor,10.014414700270718,9.732550129671829,0.2818645705988896
disco,9.899646576493959,9.617902109551114,0.28174446694284505
sacyr,10.143234021465101,9.861526293022079,0.2817077284430223
presentar sabado,10.169700657684757,9.888047072061015,0.2816535856237419
fatima,10.150081414473991,9.86849721697891,0.2815841974950821
corresponsal,10.305375019549276,10.02398742118427,0.28138759836500604
hueco,10.01477460843332,9.733494844044067,0.28127976438925373
suma derecha,10.14278947358873,9.861547363998511,0.28124210959021845
estancado,10.133627183222652,9.852430394515865,0.28119678870678655
delincuencia,9.95612972797471,9.675011592624102,0.28111813535060826
propuesto,9.06077274924537,8.779757634419896,0.2810151148254736
nicho,10.190830535253559,9.9099347935471,0.28089574170645903
manuel valls,10.01298010557118,9.732130117279798,0.2808499882913811
regular precio,10.08842187328032,9.807609288216455,0.280812585063865
llegar moncloa,10.019493970385115,9.738696005805872,0.2807979645792429
celebrar congreso,10.143187405703042,9.862416868766305,0.28077053693673726
huella,10.191946782203631,9.91124085976688,0.2807059224367521
partido pablo,9.444499134609364,9.163857317964826,0.2806418166445379
alto cargo,9.071927789681084,8.791307284536487,0.28062050514459713
vilalto,9.943065046145152,9.662936625785418,0.28012842035973406
aprobar congreso,10.121908925080875,9.8417815652665,0.28012735981437586
alar,10.025443896261153,9.745339325572822,0.28010457068833183
ahorrar,10.074529636720536,9.794564502914346,0.2799651338061899
profundo,9.378414018013626,9.098498795176745,0.2799152228368804
mantener encuentro,9.905594615359384,9.625854413428248,0.27974020193113525
pacto investidura,9.968072563085954,9.688554534934863,0.2795180281510916
maltrato,10.025146355888307,9.745628695321036,0.27951766056727045
gasto militar,10.135632813774622,9.856384444243703,0.2792483695309187
eficiencia,9.976201289943344,9.697067495437622,0.2791337945057215
portada,10.045846585722547,9.766877314007388,0.27896927171515884
economicamente,10.173545360832632,9.89458610162824,0.2789592592043917
fuente popular,9.938741064241148,9.659789344900714,0.2789517193404336
reunir jueves,9.998042461742818,9.719236993709757,0.2788054680330614
guante,10.139190311482173,9.860494811337997,0.27869550014417577
socialista num,9.924484018467506,9.645956373845648,0.27852764462185853
plagado,10.036394923838287,9.757881343491297,0.27851358034699025
gobierno afirmar,9.670341867349311,9.391871502575105,0.27847036477420595
consejero delegado,10.156457137317773,9.878181354275613,0.27827578304215983
obtener mayoria,10.089329509226502,9.81114710535376,0.2781824038727425
imaginar,10.120832803247632,9.84268142765392,0.27815137559371195
clarificar,10.136727407293673,9.85881774134329,0.2779096659503839
control congreso,10.160269655135671,9.882419413359436,0.2778502417762354
socialista asegurar,9.884574878894451,9.606841748776649,0.2777331301178023
portavoz parlamentario,9.41117810400641,9.133662921783085,0.2775151822233255
propuesta ley,9.902284232056203,9.624794410076932,0.2774898219792714
joaquim,9.777274411632233,9.499839617440813,0.2774347941914197
formacion politico,9.825149468559717,9.547823277460997,0.2773261910987195
incorporado,10.08736606367192,9.810077352147673,0.27728871152424794
asegurado,9.71994683641078,9.442669606836349,0.2772772295744321
avalmadrid,10.040942981052556,9.764136960610413,0.27680602044214275
transporte publico,10.162926573099178,9.88619365811825,0.27673291498092745
presidente gobierno,7.392789246425265,7.116103576223325,0.2766856702019398
colaboracion gobierno,10.167863033501968,9.891177368794649,0.27668566470731903
ccaa,9.845156195062076,9.568527090719234,0.2766291043428417
unid podem,10.089921798764495,9.813303000534228,0.2766187982302668
cambiar nombre,10.037175771082273,9.760598775348663,0.2765769957336097
valioso,10.280171692481101,10.003748113755286,0.27642357872581513
aragonesista,10.056996388433996,9.78108355778019,0.27591283065380523
pspv,9.731795034663257,9.455884885781032,0.2759101488822253
peso,9.304572469705167,9.02869413405204,0.27587833565312714
percatar,10.265604397679407,9.98973783973036,0.2758665579490476
vida publicar,10.081539706611878,9.805849446997172,0.2756902596147057
publico acceder,10.138975224535093,9.863308876806036,0.2756663477290573
penso,10.17482617066268,9.89923430520547,0.27559186545721026
bipartidismo,9.60505157411839,9.329480958731095,0.275570615387295
alcaldia capital,10.0514720630573,9.776134821958106,0.27533724109919433
mantener contacto,9.898328158825036,9.623014565443647,0.27531359338138905
num resultado,10.220424064387712,9.945135731680905,0.27528833270680764
presentar proposicion,9.870158641798207,9.594942277282609,0.2752163645155985
acusar ejecutivo,9.818935165618129,9.543764714934355,0.275170450683774
loco,10.282359861616607,10.007207586886572,0.27515227473003456
federación,10.00117556846143,9.726570828740812,0.27460473972061905
presidenta partido,10.026590516873876,9.752054105412295,0.2745364114615807
persona cercano,10.126543238592674,9.852010845271085,0.2745323933215893
fuerza num,9.982388107919979,9.707878495322333,0.2745096125976456
pp deber,10.095967524094808,9.82150703697951,0.2744604871152987
especulación,10.113239710378027,9.838938316470864,0.27430139390716235
sede genova,10.070404465657214,9.796149903224027,0.27425456243318713
pesado,10.17436133319959,9.900154605919234,0.27420672728035633
partido celebrar,10.154366883990132,9.880197737202506,0.27416914678762616
humilde,10.190243447609298,9.916174996689211,0.2740684509200868
propuesta concreto,10.076369072187573,9.802639451444836,0.27372962074273666
encender,10.149305051540061,9.875623383717587,0.2736816678224745
enmarcir,10.074961514341815,9.801314791442948,0.27364672289886727
clase politico,10.121582941481595,9.848031492846076,0.2735514486355193
geometria,10.108560665447278,9.835080758521428,0.27347990692585
geometria variable,10.108560665447278,9.835080758521428,0.27347990692585
negociacion presupuesto,10.019595340269168,9.746303154037271,0.2732921862318971
mejorar calidad,10.065048970045021,9.791805842094774,0.27324312795024674
integral,9.270442300115409,8.99731252078341,0.2731297793319989
estabilidad,8.955287584171407,8.68216376492542,0.2731238192459866
angela,10.02396212136365,9.750859313953624,0.27310280741002657
paragua,10.120899340571297,9.848083593882981,0.2728157466883161
page,9.942560627083836,9.669798304024498,0.2727623230593377
grupo oposicion,9.999235852858856,9.726546576973174,0.27268927588568204
mauricio,9.932419954170333,9.659784597067304,0.2726353571030291
vega,9.992326185355623,9.719713598418856,0.2726125869367664
candidata partido,10.141087792983573,9.868488439556664,0.27259935342690866
andalucia arremetir,10.118867353583797,9.846280831353527,0.27258652223027013
exhumacion resto,9.914581734218261,9.642140833751103,0.2724409004671582
sistema salud,10.122318727541009,9.849944649131308,0.27237407840970107
morada asegurar,10.034556290196956,9.762306615041858,0.27224967515509846
publicado num,10.157299225643284,9.8850896731868,0.27220955245648426
negociación presupuesto,10.093301455588218,9.82119327277295,0.27210818281526805
catalunya comu,9.97889918739585,9.706857883547245,0.2720413038486047
posse,10.078222595648533,9.806513936682366,0.27170865896616725
combatir,9.156012860529495,8.884420165908367,0.27159269462112867
historico dirigente,10.070264156113314,9.798901977909859,0.27136217820345543
lobby ultraconservador,10.086398239797253,9.815057614657954,0.2713406251392989
risa,10.099699980039087,9.82839939904257,0.27130058099651677
conversacion telefonico,10.118812131643379,9.847639227601736,0.2711729040416433
podrio gobernar,10.11735365549018,9.846200270360105,0.27115338513007536
medida propuesto,10.04413311735966,9.773108367877537,0.2710247494821232
deriva,9.791386607147125,9.520451864688557,0.27093474245856797
alterar,9.863040405071539,9.592203559503863,0.2708368455676755
presentar presupuesto,10.133267793884475,9.862505583943452,0.2707622099410223
mostrar preocupado,10.142070564564385,9.871453101487246,0.27061746307713896
sector publico,10.015672171925317,9.74513327257511,0.2705388993502069
unico partido,9.989602450487583,9.719069239795168,0.270533210692415
politico economico,10.10361549985062,9.833162726056601,0.2704527737940179
ultima hora,9.67895277802573,9.408550655451153,0.27040212257457696
juzgado madrileno,10.148802485770972,9.878973594585187,0.2698288911857851
interior jorge,10.188601986912717,9.91889832040069,0.2697036665120276
calderon,10.197891240889438,9.928320982510808,0.26957025837863036
bajada impuesto,10.058837038705539,9.789286201933614,0.26955083677192526
felix,8.929180317942457,8.659657327558355,0.2695229903841021
militancia,8.826889669589605,8.55738479302927,0.26950487656033495
incertidumbre,9.619911554028256,9.350541142549408,0.26937041147884777
querer evitar,9.98692265653225,9.717684561010378,0.2692380955218727
exigir dimision,10.067115817822966,9.797884569245978,0.2692312485769879
derogar reforma,9.940158030167355,9.67102082440794,0.26913720575941547
autoritario,10.109832053678822,9.840961072029074,0.2688709816497479
juan espada,9.547413663623832,9.278606732935831,0.268806930688001
aguantar,9.998200578554655,9.72947916598655,0.2687214125681052
signo,10.121480909599681,9.85278945595773,0.26869145364195113
pacto alcanzado,10.079442025770835,9.810860615660236,0.268581410110599
enfocado,10.139145749817718,9.870584488390415,0.26856126142730297
dominio,10.160999827795395,9.892558696196895,0.26844113159850025
programa marco,10.0829492636547,9.814582003297339,0.26836726035736014
dialogo catalunya,9.871723505730747,9.603433101975666,0.2682904037550813
anomalia,10.087107565948081,9.81884103952688,0.2682665264212005
candidato presidir,9.869266390981155,9.601252147188625,0.26801424379253014
apartamento,10.044174524260544,9.77639340013151,0.26778112412903354
negociación gobierno,9.942013814034407,9.674359644005547,0.2676541700288606
salvado,9.905006855141725,9.637398612530601,0.26760824261112326
crear comision,10.04047568273634,9.772944591793177,0.2675310909431623
cooperacion,9.265701051243786,8.998544970520053,0.2671560807237334
grande ciudad,9.925456492528168,9.658601868025107,0.2668546245030612
disputa,9.66144347802674,9.394611545467887,0.26683193255885307
moncloa ferraz,10.107236574909503,9.841133706815752,0.2661028680937516
fuente formacion,10.091624135543942,9.82579400343437,0.2658301321095724
medida necesario,10.054739987018023,9.788945783902587,0.2657942031154352
frente abierto,10.132005621350714,9.866362844498532,0.2656427768521823
vicepresident,9.918398529652276,9.65298745695997,0.2654110726923058
silla rueda,10.24275895263928,9.977507947772972,0.2652510048663075
cursado,10.051756587709681,9.786517445375742,0.2652391423339395
benito,10.039963543020667,9.774748456752322,0.2652150862683449
esconder,9.581598217754975,9.316428536956472,0.2651696807985022
presidencia regional,10.14134866139483,9.876228260971065,0.26512040042376483
antojo,10.25033549478058,9.985438830045634,0.26489666473494644
medioambiental,9.897408426816886,9.632548547820987,0.2648598789958996
ultima elección,9.812083460098924,9.54724244342073,0.2648410166781936
reunion grupo,10.131768620436405,9.866947379189876,0.26482124124652984
presido,10.067472191534543,9.802654131106035,0.2648180604285084
comentar,9.296413390802218,9.031982991059857,0.26443039974236093
pulmón,10.30718992907504,10.042805515779703,0.26438441329533724
transaccional,10.14150330508347,9.877244478626563,0.26425882645690635
enmienda transaccional,10.14150330508347,9.877244478626563,0.26425882645690635
senora,9.92192016641092,9.657682223232191,0.2642379431787294
exhumacion dictador,9.924109615791714,9.6599650282726,0.2641445875191142
gobernado,9.603601689717383,9.33960188926406,0.2639998004533233
negociar presupuesto,10.037704659030762,9.77391487878093,0.2637897802498319
exdiputada,9.876776733623126,9.613155626861566,0.26362110676156014
villalobo,10.036686401585923,9.773337979463463,0.26334842212246024
pedir socialista,10.130514636087506,9.867472182686258,0.26304245340124766
equivoco,10.083974428121662,9.820980087523889,0.26299434059777305
madrid asegurar,9.862282553001881,9.599382343141274,0.26290020986060725
retroceder,9.949742968393146,9.686869517375111,0.2628734510180344
abstendrar,10.015967074099322,9.753334995906316,0.2626320781930058
curar,10.124971860493426,9.862566639260477,0.2624052212329495
insto,10.171757480785582,9.909848372553045,0.2619091082325369
moncloa destacar,10.170167648174182,9.908350886968519,0.26181676120566344
rev,10.069534418596842,9.807732320994802,0.26180209760203965
odiar,10.239665990065884,9.977878745134918,0.26178724493096617
hablarar,10.135318367333662,9.873564235116948,0.26175413221671384
calle genova,10.12134335938827,9.859618159242924,0.26172520014534584
martar,9.404251233992186,9.142737226738253,0.2615140072539326
programa politico,10.143530841879548,9.882066787364158,0.2614640545153897
reforma legal,10.013671854622244,9.75222847812918,0.26144337649306415
ajuste,10.00373412385844,9.742329330551774,0.26140479330666544
retractar,10.026995683920834,9.765730234195512,0.26126544972532173
formacion liderar,9.961219514205137,9.700069783567713,0.26114973063742397
sano,10.14235404971504,9.88128004446185,0.2610740052531906
reflejo,10.131417822839976,9.870374193042329,0.2610436297976477
lehendakari inigo,10.170897239427898,9.909902073222042,0.2609951662058556
sorpresa,9.344304988357134,9.083422470848294,0.26088251750883984
valoración,9.986460900118793,9.725594340814572,0.26086655930422076
treinta,10.111371442304524,9.850669740706145,0.2607017015983786
lograr num,9.743468284513174,9.483091859260398,0.26037642525277604
centrarar,9.931410703979754,9.671046908271139,0.26036379570861534
volver mesa,10.126188327031016,9.865980823798836,0.26020750323218067
revolucionario,10.171775440195274,9.911699522770334,0.2600759174249401
negociación formar,10.114922730084476,9.854902250416426,0.2600204796680501
concedio,10.025023807240105,9.765092938158068,0.2599308690820372
gloria elacer,10.136554625422711,9.876624159476428,0.2599304659462831
huesca,10.106353548168451,9.846628889478835,0.2597246586896169
moneda,10.068978255289329,9.809270648833326,0.25970760645600244
mayoria num,10.144536694502628,9.884980408431709,0.25955628607091974
emocionar,10.244360499755805,9.984851529763084,0.2595089699927211
radical,9.32805425824413,9.068642272506981,0.25941198573714885
bonito,10.273387965575111,10.014052528740745,0.2593354368343661
descalabro,10.158920166911003,9.89959917885411,0.2593209880568921
continue,9.991659505685439,9.732425855322528,0.25923365036291024
rumor,9.99061010219353,9.731441230521764,0.2591688716717666
numero partido,10.12551581974401,9.866363096252861,0.25915272349114815
achacar,9.713697908899942,9.454661694599665,0.2590362143002771
asegurar estir,10.152274372992478,9.89332218213267,0.2589521908598087
rubricar,10.11647446882047,9.857962293987134,0.25851217483333677
turismo,9.318387897769629,9.059900495290588,0.2584874024790409
formación izquierda,9.977269385094946,9.71889472705251,0.2583746580424364
ferrusola,10.13760054301581,9.87925367721561,0.25834686580019905
empezar negociar,10.112874524091836,9.85481508851925,0.25805943557258715
derecha izquierda,10.051515490844535,9.793594348159937,0.257921142684598
salir num,9.998621715598192,9.740710411883633,0.2579113037145593
agotar legislatura,9.791595410513148,9.533783195132917,0.25781221538023047
irrelevante,10.121683960780054,9.863951847814148,0.2577321129659058
desvio,9.883438739704262,9.625823941433362,0.2576147982709003
serna,10.135913373143792,9.878361354906827,0.2575520182369644
trumpir,10.171822519019251,9.914350270687795,0.25747224833145665
acostumbrado,10.196687833311257,9.939383571725505,0.2573042615857517
definicion,10.208238936862724,9.95103106048727,0.2572078763754533
preparado,9.59024207506765,9.333044382855666,0.2571976922119834
catalunya abrir,10.170229940139647,9.913175521556983,0.25705441858266376
minuto despu,10.108249513174131,9.851275218444355,0.2569742947297762
vendrir,10.291695292213197,10.0352154409314,0.25647985128179585
sentimental,10.168580223753473,9.912173594063733,0.2564066296897405
parlamentario psoe,10.122220759648755,9.865895217055666,0.25632554259308904
sensacion,10.001753503708752,9.745790522678886,0.2559629810298656
mandar mensaje,10.045138589058908,9.789514070215054,0.2556245188438542
pere,9.246276796640268,8.990702462645043,0.25557433399522544
caso corrupcion,9.335222096994913,9.079943112323027,0.2552789846718859
inmersion,10.173882814816299,9.918646334636408,0.25523648017989053
derogacion reforma,9.804830888097467,9.549968515021696,0.2548623730757704
inmigracion,9.622772683065959,9.367989990823286,0.2547826922426726
ejecutivo anunciar,10.050766825589587,9.796026856112055,0.25473996947753186
partido santiago,9.555246223418223,9.300877959171958,0.25436826424626524
candidato elección,9.973045841715223,9.718707215356964,0.2543386263582583
designacion autonomico,10.101921036491852,9.847582617665847,0.2543384188260056
investidura candidato,9.97049285028366,9.716217950144548,0.25427490013911225
mancho,9.865009486690441,9.610965704546517,0.2540437821439241
liderado pablo,9.950764694877078,9.697008448921174,0.25375624595590374
patio,10.17613634989775,9.92240812887738,0.25372822102036885
mingorrubio,10.121859462556568,9.868357507759791,0.25350195479677673
diputado socialista,9.855787467845268,9.602307582970221,0.2534798848750466
riguroso,9.98023786144492,9.72709765828079,0.2531402031641292
punto vista,9.874512375240757,9.62144661178681,0.2530657634539466
culpar,9.635418293137215,9.382422365665946,0.25299592747126987
balance legislatura,10.107500033923062,9.854653661425226,0.25284637249783515
partido presentar,9.863421823931448,9.61059556034232,0.2528262635891281
socialista gobierno,9.889623163029494,9.63690205571557,0.25272110731392416
desmentir,9.610673015610404,9.357972128919421,0.2527008866909828
otar,10.129841622233121,9.877314597328398,0.25252702490472245
desavenencia,10.125787113175557,9.873404992210725,0.2523821209648318
promover,9.015784916432287,8.763566484317323,0.2522184321149634
gutierrez,9.905107230316858,9.65298050074836,0.2521267295684986
coordinador nacional,10.038746851174349,9.786709751847436,0.25203709932691254
detrimento,10.159062250469757,9.907079843181714,0.2519824072880432
deslealtad,10.093290864576302,9.84136589096778,0.2519249736085225
solido,9.824045561110017,9.572148636056799,0.25189692505321837
maximo dirigente,10.124339537216484,9.872482533560119,0.2518570036563652
cable,10.221180885856167,9.969524338510997,0.2516565473451706
mayoria suficiente,9.993553145789818,9.74220297764309,0.25135016814672717
allegado,10.105887486049179,9.854628892536784,0.25125859351239477
desigualdad,9.469446754708928,9.21835177964506,0.251094975063868
limito,10.129842650475242,9.878760152238549,0.25108249823669304
metroscopia,10.082064869349674,9.831201906363214,0.25086296298646005
sorpasso,9.981618081713338,9.730839282494877,0.2507787992184607
resucitar,10.167909537998993,9.917276208811979,0.2506333291870142
resumen,10.177344584554593,9.926720131171349,0.250624453383244
sede parlamentario,9.96838558598187,9.717808670400036,0.2505769155818349
lograr mayoria,10.055163460270615,9.804680117690033,0.2504833425805817
promotora,10.13646033991231,9.886004838720035,0.250455501192274
opaco,9.528222003320762,9.277827509200401,0.25039449412036063
bronco,9.944276120819067,9.693973223715732,0.2503028971033352
pondran,10.125733456202386,9.875499581678707,0.25023387452367984
concursante,10.250014723592514,9.999926736401891,0.2500879871906232
formacion extremo,9.50691629860246,9.256845831437177,0.25007046716528336
tacho,10.09624331262349,9.846222148640784,0.250021163982705
minoria,9.665044905766287,9.41505063577729,0.24999426998899743
expresión,9.97844921842519,9.728526758293118,0.24992246013207264
santamario,10.105444762090354,9.855562105133858,0.2498826569564958
social asegurar,10.106404654268744,9.856798675784148,0.24960597848459543
gente,8.62818053927444,8.379098219538628,0.24908231973581252
altamente,10.293469411643903,10.044444850432377,0.2490245612115256
marin,9.0379899411894,8.78900559126985,0.24898434991954943
contar voto,9.969907328154301,9.721047665218912,0.24885966293538964
impuesto grande,9.81595055314244,9.567092790475533,0.24885776266690662
cambio politico,10.05757391700376,9.808874697876645,0.2486992191271149
seguirar luchar,10.100320310604136,9.85197951876604,0.2483407918380962
constructivo,10.124719190328994,9.876385220098392,0.24833397023060222
expulsado,9.923733513050554,9.675486358039462,0.24824715501109118
etc,10.076388955869827,9.828313089893584,0.24807586597624365
parlamentario socialista,10.029344998907137,9.78140315195556,0.2479418469515764
guapo,10.246279678348573,9.99839239123967,0.2478872871089024
anunciar presidente,10.14585857550781,9.898067972602648,0.24779060290516242
parlamentaria,9.974065096574707,9.727132801543183,0.2469322950315238
unica,9.093257599623705,8.846329608197054,0.24692799142665045
duplicar,10.151305201152658,9.90442364114841,0.24688156000424755
acudir acto,10.09013533783556,9.843288704039171,0.24684663379638927
reventar,10.007203198715505,9.760472071098704,0.24673112761680116
macarén,10.021196402818399,9.77449542720195,0.24670097561644866
derecha ultraderecha,9.869316397927772,9.622686190292148,0.24663020763562393
gas efecto,10.156119854030843,9.909496095962446,0.24662375806839698
partido asegurar,9.889488407046619,9.64298701188142,0.24650139516519864
presidenta regional,9.831532248598348,9.585134666659798,0.24639758193855066
consolidar,9.457160545968753,9.21080022523967,0.24636032072908343
innumerable,10.166966537800977,9.920632991206547,0.24633354659443008
lanzado,9.703331688926575,9.457042226021057,0.24628946290551745
lucia,9.980625594573866,9.734422801066273,0.24620279350759233
arruinar,10.147649333122443,9.901578286652637,0.24607104646980638
andorrano,10.12665572856803,9.8806675070251,0.24598822154293032
serio tercero,10.132137706017904,9.886210515472586,0.2459271905453182
tipico,10.2029880175601,9.957136879543008,0.2458511380170929
austeridad,10.08785900861083,9.84201764587583,0.2458413627349998
comentario,9.524632562591012,9.27890268481093,0.24572987778008226
entusiasmo,10.102869640696133,9.857173079437661,0.2456965612584714
voto madrid,10.067447436522727,9.821775048826641,0.2456723876960858
conectar,10.044690269624569,9.799048905489006,0.24564136413556348
diputada asamblea,10.137530106682448,9.891908615614703,0.24562149106774456
num escanos,8.836996844954019,8.591442665290732,0.2455541796632872
ajena,10.095995591759122,9.850490369638438,0.24550522212068415
asegurar ningun,10.135296984748479,9.889837630029406,0.2454593547190722
negar partido,10.116944578080878,9.87170689897207,0.24523767910880778
ministro transporte,9.860944073463388,9.615782349259298,0.24516172420409
chicharro,9.930611906818703,9.685468042652149,0.24514386416655398
blando,10.11398075962996,9.868851843462702,0.24512891616725874
seno ejecutivo,9.983204790421594,9.738122012391427,0.24508277803016654
habitacion,10.177592540931105,9.932576341039038,0.24501619989206702
compostela,9.98892753922516,9.743942188788091,0.24498535043706937
repentino,10.201908902340609,9.956988919474798,0.2449199828658113
atribuir,9.244035177287941,8.99915384889474,0.24488132839320187
santos,10.072803431222917,9.827939517145962,0.24486391407695507
torre,9.223056368918662,8.978343438400536,0.24471293051812637
conferencia politico,10.065853593108725,9.821153967206763,0.24469962590196204
valorar positivamente,10.035466152650377,9.790810312719184,0.2446558399311929
estructura gobierno,10.02605528495321,9.781602319776324,0.24445296517688675
anton,10.08052572968529,9.83607337484806,0.24445235483722882
convencion nacional,9.632656847252575,9.388309743251801,0.24434710400077364
social partido,10.111838070791057,9.867504248377271,0.2443338224137861
acto partido,9.901849793561409,9.657549598794569,0.24430019476683995
gobierno llegar,10.110763660442005,9.86665041776276,0.24411324267924606
unidad cuidado,10.278970058028383,10.034990784692683,0.24397927333570024
aspiración,10.026571284088492,9.782797565299946,0.24377371878854603
ojala,10.175175157988638,9.931434851426406,0.24374030656223233
indemnizacion num,9.968413688284604,9.724692594383383,0.24372109390122176
indiferencia,10.13999365794391,9.896279408354502,0.24371424958940757
nacionalismo,9.905476678627426,9.661824297796498,0.24365238083092855
reir,10.192988744925408,9.949416196957618,0.2435725479677906
entrar valorar,10.149793570892593,9.906231566280862,0.2435620046117304
acs,10.089244214670959,9.845725143856141,0.24351907081481805
simplemente,9.807967610718777,9.564623385426044,0.24334422529273247
seguirio,9.918187640924021,9.6749246016423,0.24326303928172166
congreso federal,10.070768050120206,9.827702369625163,0.24306568049504307
mitigar,10.12323517564445,9.880171378017105,0.24306379762734487
campana candidato,10.080022330837688,9.837001952206395,0.243020378631293
presidente castilla,9.914062289961377,9.671090983278301,0.2429713066830761
fingir,10.186385863754701,9.943604805596268,0.24278105815843354
incuestionable,10.082365882076653,9.839656458606177,0.24270942347047608
gobierno espanol,9.192961419311978,8.950293836478728,0.24266758283324918
vistalegre,9.919174216667273,9.676622934486755,0.2425512821805178
pdecat cup,9.975665183566962,9.733198553800193,0.2424666297667688
defendia,10.141285695523742,9.898834760015792,0.24245093550795005
aparcar,10.174310367942898,9.931967828210974,0.24234253973192388
fuente direccion,9.737119354921749,9.494803786007948,0.24231556891380102
frente ejecutivo,10.068647902733314,9.82639916536936,0.2422487373639548
anunciar medida,9.773829677310843,9.531950558780563,0.24187911853027977
juicio caja,10.097945245758094,9.856151682046743,0.24179356371135086
aspirante presidencia,10.00446512590269,9.762677971999992,0.241787153902699
minima,10.148883579721966,9.90719721318301,0.24168636653895526
disco duro,10.03726162462184,9.795722012976762,0.2415396116450772
ministra industria,10.021876387397475,9.780352556244619,0.2415238311528558
sesion investidura,10.047845300286204,9.806439114511814,0.24140618577438921
despreciar,10.025503905981576,9.784131556953811,0.24137234902776505
insistir ejecutivo,10.1284967525952,9.887161214335508,0.24133553825969223
bonilla,9.47982464275957,9.238501659639295,0.24132298312027523
gobierno acusar,9.933457671889396,9.69221990685336,0.24123776503603622
mapa politico,10.046498320867741,9.80571410511477,0.2407842157529707
inscripcion,10.070186014202568,9.829413578122375,0.24077243608019216
viajo,10.12501844599917,9.88432249373336,0.24069595226581164
transacción,10.123872328346478,9.883400962568473,0.24047136577800465
new york,10.301069847659532,10.06064353961051,0.2404263080490221
moderacion,9.60764857617073,9.367911099063765,0.23973747710696536
puerta sol,9.792062693764555,9.55246226277192,0.23960043099263473
acepto,10.072863435625644,9.833332104940727,0.23953133068491717
num unido,10.149248385187294,9.90976619058711,0.23948219460018372
top,10.205177138128159,9.965760292696045,0.23941684543211394
investir presidente,10.000484762117411,9.761074666598553,0.23941009551885806
paco,10.122097598258659,9.882744421866002,0.2393531763926564
fiscalizador,10.079603235290882,9.840258030322927,0.23934520496795564
socialista afirmar,9.9328518152521,9.693528439292804,0.23932337595929631
obtener titulo,10.042717208778976,9.803462612158599,0.23925459662037696
querer aprovechar,10.175967444564519,9.93675292062201,0.23921452394250764
eibar,10.219414294149018,9.980380110355501,0.23903418379351749
encuesta publicado,9.940499328006583,9.701617003305875,0.23888232470070747
ionir,8.978929515882337,8.7401377276152,0.23879178826713598
sena,10.185430673615073,9.946827585269876,0.23860308834519728
mostrar partidario,10.084875537673145,9.846335938835693,0.2385395988374519
rumbo,9.60400351954326,9.365517151941694,0.23848636760156694
cambio postura,9.987241539623637,9.74875674084706,0.23848479877657702
nivel internacional,10.146755315076701,9.908413070897742,0.2383422441789591
terminado,10.206937714245315,9.96863916172438,0.238298552520936
palacio moncloa,9.919276130434277,9.681050912832594,0.23822521760168236
punta,10.021175512081209,9.782968288501884,0.2382072235793249
correspondiar,10.071887891036098,9.833806053906953,0.23808183712914577
personaje,9.795441653020072,9.557455889025071,0.2379857639950007
ministra defensa,9.09271488526153,8.854759523644113,0.23795536161741815
sociedad espanolar,10.116004905151454,9.878156146253994,0.23784875889746004
absolutamente,9.324435310488225,9.086700406142485,0.2377349043457393
banez,10.148173329217116,9.910484008059552,0.23768932115756414
ferraz considerar,10.13521626468711,9.897591836420666,0.23762442826644303
portavoz socialista,9.442548797379656,9.204984982684532,0.23756381469512355
asesorar,10.136391374481677,9.898909177327813,0.23748219715386476
proxima autonomica,10.08107119172937,9.843823859170575,0.2372473325587947
navidén,10.207346626751415,9.970112799254382,0.23723382749703248
llorar,10.161253998236026,9.924060418492981,0.23719357974304422
sentir orgulloso,10.172567697682105,9.935599872932942,0.23696782474916311
escanos num,9.988252854859388,9.751390368761573,0.2368624860978148
candidatura conjunto,10.020355595875875,9.783529620317973,0.23682597555790252
miranda,10.104224586873343,9.867576951366592,0.23664763550675083
esparza,10.061016954007673,9.824385674860928,0.23663127914674575
javier esparza,10.061016954007673,9.824385674860928,0.23663127914674575
esposa,9.547713963864119,9.311092931967572,0.23662103189654715
patxi,9.758006681272278,9.521512360101356,0.2364943211709214
sostener gobierno,9.924497694068917,9.688341083829929,0.2361566102389876
fiasco,10.137332654777449,9.901322225723082,0.23601042905436742
debate interno,10.125419900629264,9.889797672403171,0.23562222822609336
pazo meira,10.09350298906678,9.857946668234696,0.23555632083208344
garantizar estabilidad,10.070364704118745,9.834945082930878,0.23541962118786763
chino,9.64977187584919,9.414443029229599,0.2353288466195913
autodeterminacion catalunya,10.115072258139497,9.879767989306993,0.235304268832504
campana num,9.781534182148281,9.5464621849911,0.2350719971571813
amar,10.132700533347524,9.897697757855706,0.23500277549181803
actuan,10.046217294928883,9.811253739768581,0.2349635551603022
juez investigar,10.071726376198752,9.836828690670151,0.23489768552860113
rosa quintana,10.168507043646963,9.933621707052987,0.23488533659397604
grupo popular,9.834657336728714,9.599778673218655,0.23487866351005948
exdiputado,9.29326413779354,9.05846127065893,0.2348028671346114
congelacion,10.036635444077337,9.801867975146907,0.2347674689304302
parlamento andaluz,9.73904264288268,9.504350687831643,0.23469195505103713
inhabilitado,9.940265312605067,9.705694651085171,0.23457066151989636
consejo ciudadano,9.475227994822218,9.240695835284964,0.23453215953725426
oviedo,10.069681700251179,9.835154695966242,0.23452700428493678
cruzado,9.865435570394705,9.630974550938545,0.2344610194561607
debate politico,9.953815962634316,9.71946835280051,0.2343476098338062
partido sumar,10.014054613359678,9.779795415642273,0.2342591977174049
caravana,10.251411216436285,10.017181037497213,0.23423017893907172
interpelar,9.887947571600018,9.653960189419369,0.23398738218064885
eutanasia,9.599986356459647,9.366081123502694,0.2339052329569533
escanos,8.763572754802361,8.529705577320655,0.23386717748170582
silvio,9.989203446243135,9.75539165251006,0.23381179373307504
numero voto,10.126381875342116,9.892616530808949,0.23376534453316644
cantar,9.94886685087184,9.715142855977946,0.23372399489389295
concurrir elección,9.832342352204385,9.598640518788313,0.2337018334160721
valio,10.20162449083018,9.96795939978127,0.23366509104891087
recesion,10.166387659204698,9.932760215364423,0.233627443840275
antena num,10.185337622330069,9.9517903327923,0.2335472895377695
rotundamente,10.146943249769274,9.913449267161946,0.23349398260732812
desayuno,9.93870092865299,9.70522825151627,0.23347267713671904
entrevista diario,10.03866483784092,9.805196652990848,0.23346818485007148
acto electoral,9.846196324713533,9.612916155775496,0.2332801689380375
podem marea,10.123130870159983,9.889918083041772,0.23321278711821058
debacle,9.858346074721911,9.625172086440037,0.23317398828187486
denominar,9.943768013889796,9.71064290756669,0.23312510632310612
vivienda social,10.162183138325684,9.929200271032535,0.2329828672931491
enemigo,9.644077860774436,9.411478960911799,0.23259889986263715
jugada,10.123792814128919,9.891243844034989,0.23254897009393005
voto derecha,10.102997137874965,9.870543447856443,0.2324536900185219
gobierno sacar,10.099819598815555,9.867369431035296,0.23245016778025906
rabat,10.00198869665416,9.770155451691458,0.23183324496270075
fila socialista,9.924376612296873,9.692571226966896,0.2318053853299773
teresa rodriguez,9.097239733210001,8.86548073453844,0.2317589986715607
emblematico,10.039616009374694,9.808006644675764,0.23160936469892945
letra,9.959260245617777,9.727694999865601,0.23156524575217574
gobierno función,9.184411820939347,8.952849051986417,0.23156276895293004
elección madrilena,10.11263861140288,9.881335305789671,0.2313033056132099
wert,10.044465446249628,9.813334243332838,0.23113120291679046
sentar negociar,10.062433251132202,9.831319578004852,0.23111367312734998
campán,9.760611130255949,9.52953023315955,0.23108089709639934
financiacion autonomico,9.693084174192776,9.46200681533692,0.23107735885585612
otorgado,10.000381108690803,9.76948791859485,0.23089319009595322
confesar,9.7186577476108,9.487868273003718,0.2307894746070822
modernizacion,10.023261137081963,9.792524905569056,0.2307362315129069
sugerir,9.702817852117677,9.47225566506954,0.2305621870481378
plena,10.127597299045181,9.897046118397201,0.2305511806479803
estir dispuesto,10.094301265004042,9.863875104782121,0.23042616022192064
elección mayo,9.770150558133107,9.539741908423363,0.2304086497097444
num unico,10.1382922657095,9.907956572137758,0.23033569357174244
num reglamento,10.147794426878143,9.917481591552718,0.23031283532542446
mueble,10.172651043286448,9.942411335726659,0.2302397075597895
derecho trabajador,9.984483850902812,9.75457237542043,0.2299114754823819
tjue,9.959243991547424,9.72935134055141,0.22989265099601397
negacionista,9.991382266362743,9.761597403914445,0.2297848624482981
gobierno aceptar,10.013261960011821,9.783490983833726,0.22977097617809505
malestar,9.23957648291693,9.009845630710513,0.22973085220641565
ahorro energetico,10.09300916215223,9.863334516858538,0.22967464529369153
guanyem,9.907902356969371,9.678233448696504,0.2296689082728669
ambiguo,10.10242238270613,9.872857116413044,0.22956526629308627
caso gurtel,9.88534970601836,9.655882300317005,0.22946740570135482
traicion,10.023816383194657,9.79435298237967,0.2294634008149874
afianzar,10.042226561197046,9.81304824797933,0.22917831321771587
cantabro,10.085359909526794,9.856280609024008,0.2290793005027858
homosexual,9.962414810090202,9.733348002638799,0.22906680745140306
asumir cargo,10.120948945502716,9.89196784340578,0.22898110209693634
renovar cgpj,10.005157744421064,9.776250345230624,0.22890739919044023
precandidato,10.024175870494249,9.795360695896363,0.22881517459788547
aislar,9.94720186172005,9.718395539672079,0.22880632204797102
calvario,10.19308736671816,9.964375298760315,0.22871206795784538
nicola,9.60614367838278,9.377458438456136,0.22868523992664436
nacional popular,10.12400097622629,9.895338316172268,0.22866266005402203
resto grupo,9.651052476766598,9.422426340382934,0.2286261363836637
critica interno,10.092283567611197,9.863683687367349,0.22859988024384847
num pasar,10.116533638471276,9.887987437714315,0.22854620075696097
socioeconomico,10.164346780545388,9.935912565524994,0.2284342150203944
romeir,10.127063602031688,9.89886360768666,0.2281999943450277
espacial,10.138470913396723,9.910307968735344,0.22816294466137954
expresidente madrileno,9.97792449251859,9.749781754816912,0.2281427377016776
afirmar partido,9.773141666647291,9.54510365439168,0.22803801225561138
num impuesto,10.056332734378826,9.828359324087005,0.2279734102918205
excoordinador,10.099454639921486,9.871522587077358,0.2279320528441282
creer deber,10.083459565905155,9.855533545866455,0.22792602003869966
formacion naranjar,9.45493859675446,9.227170557601207,0.2277680391532524
trama corrupcion,9.95857959182608,9.730873532031213,0.22770605979486724
ramos,10.128518236577717,9.900925814824348,0.22759242175336958
expresidente anc,10.027419872027926,9.79992447134568,0.22749540068224583
ley num,9.885991992373032,9.658641739581117,0.2273502527919149
referente,9.327440258238385,9.100099633941841,0.22734062429654323
partido cara,10.088930654368548,9.861633954974035,0.2272966993945129
sa,9.973964495476785,9.746747664948368,0.2272168305284179
exvicepresidenta gobierno,9.646313528600437,9.419197966578421,0.227115562022016
principal dirigente,10.023573092744908,9.796595940059643,0.22697715268526508
india,10.283758742840059,10.056840448417299,0.22691829442275946
lideresa,10.086905684574013,9.86003142488142,0.22687425969259323
partido deber,10.081781565688651,9.854989264044157,0.22679230164449393
voto socialista,9.96810217039934,9.741358011226561,0.2267441591727799
bajario,9.940499958454671,9.713756163291125,0.22674379516354648
vestido,10.101554635264542,9.874826965288326,0.2267276699762153
congreso extraordinario,9.774420046953754,9.54778430406128,0.22663574289247457
plantar,9.904844970789346,9.678226573792207,0.22661839699713937
exigio,10.152374336906094,9.925968376685947,0.2264059602201467
medida incluir,9.979380822480127,9.75301672209902,0.2263641003811081
pedirir,9.96009495874323,9.733791305509573,0.2263036532336571
presentar alternativa,10.053055861956674,9.827051568179511,0.22600429377716225
socialista catalán,9.858761277193803,9.632850501598897,0.22591077559490635
resto formación,9.956173165221076,9.730330799699468,0.22584236552160775
ganar num,10.036384422617635,9.810552192188533,0.22583223042910205
tuits,10.001305301949687,9.775603057426915,0.22570224452277188
seco,10.194742106668137,9.969132726981634,0.22560937968650308
radicalmente,10.136077001452122,9.910499123570295,0.22557787788182715
hilo,9.948324394298254,9.722754807903634,0.2255695863946201
efecto invernadero,10.13732858683532,9.91182605163701,0.22550253519830932
invernadero,10.13732858683532,9.91182605163701,0.22550253519830932
control ejecutivo,9.954488926175154,9.729252595932115,0.2252363302430389
alto nivel,9.979256105710018,9.754054275503426,0.22520183020659168
caso tratar,10.09724012404062,9.872231275091643,0.22500884894897766
sorprendente,9.942745432400862,9.717815495090761,0.22492993731010102
mejorar condición,10.053613079386711,9.82869188981964,0.22492118956707152
ofensa,10.154491994718743,9.929609223029551,0.22488277168919169
presentar elección,9.529315624539018,9.304467718389676,0.2248479061493427
legislador,10.032230987433891,9.807413967756142,0.22481701967774903
junts pdecat,9.999804912425995,9.775190432478585,0.22461447994741057
hundir,9.90836123313268,9.68375664616953,0.22460458696315122
insistencia,10.009960502760459,9.785373384225707,0.22458711853475144
pedir apoyo,10.067761600414427,9.843185658456028,0.22457594195839903
provocación,10.018593223924764,9.79404985974351,0.22454336418125465
indocumentado,10.25547143953665,10.030986180673729,0.2244852588629218
exsecretario,9.39561394042339,9.171237817671804,0.22437612275158614
num iniciativa,10.184566283030643,9.960199357691526,0.22436692533911717
excarcelacion,10.012748777303617,9.788393869191667,0.22435490811195002
deshacer,10.004291416113755,9.77999534779763,0.22429606831612503
donación,9.393666400982532,9.16939565866628,0.22427074231625177
linea politico,10.009951022129876,9.785987658376083,0.22396336375379278
forma inmediato,9.973049972917217,9.749185668362156,0.223864304555061
exprimer ministro,10.10811507570461,9.88432807610807,0.22378699959654114
fosil,10.143661550801498,9.919892617642802,0.22376893315869673
crisis institucional,10.077718003380475,9.853977890928856,0.22374011245161896
top num,10.21979567421778,9.99614091151454,0.22365476270323903
elogiar,10.034535414046344,9.811037199916296,0.2234982141300481
replica,10.09449724589035,9.871054779665572,0.22344246622477826
elección comunidad,10.047474873383894,9.824097658786316,0.2233772145975781
direccion grupo,10.049696131643069,9.826386140607747,0.2233099910353218
francesc,10.039015794640257,9.815769722452986,0.22324607218727088
decepcionado,10.15495742796364,9.931720987911396,0.22323644005224352
plan nacional,10.15321112253183,9.929975717108473,0.22323540542335785
visibilidad,9.963056486043907,9.739933117153477,0.22312336889043038
apoyar medida,10.01412774768577,9.791188803689975,0.2229389439957945
irregularidad cometido,10.109737935800412,9.886841687646264,0.22289624815414832
sedicion malversacion,10.11670278493753,9.893923610891855,0.22277917404567482
portavoz unidas,9.53000755390213,9.3074074959789,0.22260005792323057
acta diputado,9.921735684283,9.699156152752513,0.22257953153048682
replico,10.088487861885138,9.866110813667664,0.22237704821747428
interponer recurso,10.122989917720288,9.900658007954094,0.22233190976619355
participacion ciudadano,10.07835911696069,9.856059449689926,0.22229966727076444
adjudicar,9.869358391566145,9.647096167104229,0.22226222446191635
jon inarritu,9.406003349274954,9.183846204384855,0.2221571448900992
criticar duramente,9.949494350834975,9.727492298834811,0.22200205200016399
proceso primaria,9.897499210303307,9.675617846970807,0.22188136333249986
derecha espanola,10.085877332958608,9.864021109523724,0.22185622343488376
logra,10.055506893464775,9.833651818307704,0.22185507515707137
guerra,8.036688298251386,7.814873076736625,0.22181522151476152
unar,10.180637827283393,9.958826760336528,0.2218110669468647
coalicion unidas,9.945614262065725,9.723869325214052,0.22174493685167285
curioso,10.120781671549103,9.899079247576637,0.22170242397246653
tiro,9.98998723357566,9.768518330513736,0.22146890306192368
dejariar,10.00576743626465,9.784330255985479,0.22143718027917103
ultima encuesta,10.007848111725057,9.78645290153671,0.22139521018834607
magrebi,10.154391087895865,9.933136861384076,0.22125422651178894
cambio climatico,9.305641478951797,9.084454498945265,0.22118698000653225
reencuentro,10.064497526988829,9.843323604518977,0.2211739224698519
interrogatorio,9.615980813947047,9.394955209033245,0.22102560491380174
causo,9.995050229569788,9.774066318489211,0.2209839110805767
coalicion gobierno,10.071587011329312,9.8506132595418,0.22097375178751122
sesión control,10.117348755425065,9.896589282418772,0.22075947300629295
apelo,10.043603694638302,9.822858678118651,0.2207450165196505
villegas,10.106570809504545,9.885930797483878,0.22064001202066663
manuel villegas,10.106570809504545,9.885930797483878,0.22064001202066663
detective,9.958794490390552,9.738159669407844,0.22063482098270804
exvicepresidenta,9.448981693167152,9.22839759380716,0.2205840993599928
adjunto,8.98479356022875,8.764310795512962,0.2204827647157881
pelo,9.95346254842243,9.733004384397894,0.2204581640245351
acto presidente,10.087028497685955,9.866601058546035,0.2204274391399199
mutuo,9.832472863790882,9.612199252198087,0.2202736115927948
exmonarca,9.946749705165828,9.726479468039381,0.22027023712644755
gobierno socialista,9.477261469179329,9.25702471335441,0.22023675582491897
llegario,10.099832295450833,9.879604478281651,0.2202278171691816
castillala,9.624198724930006,9.403987607387469,0.22021111754253653
filosofia,10.069929623683878,9.849753341656319,0.220176282027559
espectaculo,9.724045665541036,9.50393367549322,0.22011199004781545
marta,9.60729216466389,9.387238445643682,0.22005371902020876
desnudo,10.241605553431564,10.021814361540448,0.2197911918911153
illa,9.035963558290517,8.816330982713403,0.2196325755771138
explicito,9.994343210113222,9.774733018963865,0.2196101911493571
mayoria parlamentario,9.873156129786635,9.653765533797538,0.21939059598909694
salir crisis,10.079991198329047,9.860623367095261,0.2193678312337859
caso punico,10.026617453369841,9.80740413995237,0.2192133134174714
partido ultraderechista,9.117954008041439,8.898810405928485,0.21914360211295403
ano presidente,10.162090982513906,9.942974140157087,0.2191168423568186
reacción,9.683217405774577,9.464178338457808,0.21903906731676948
confidencial,9.678634339766402,9.45966679575526,0.21896754401114293
resolucion judicial,10.08109055227499,9.862131293153457,0.21895925912153302
the,9.699607879219254,9.480675641273686,0.21893223794556782
catala,10.077316945135435,9.858479312757613,0.21883763237782183
llamar movilizacion,9.83879454984708,9.620007186629527,0.21878736321755277
impulsado gobierno,10.119784408713334,9.901077784780682,0.21870662393265228
importar,9.701416330612664,9.482764432460087,0.21865189815257757
casualidad,10.115826664375607,9.897181853536864,0.2186448108387431
derecho social,9.912925657492826,9.694363491552117,0.21856216594070865
personacion,10.085575010243005,9.867058957116448,0.21851605312655664
ampliar plazo,10.102066787522658,9.883699623192697,0.21836716432996006
acudar,10.040010636379312,9.821790927182878,0.2182197091964344
maria teresa,9.97353493872408,9.75537539473766,0.21815954398642035
andres manuel,10.291183854673282,10.073140347384129,0.21804350728915267
querer llegar,10.151271575043497,9.93329038889744,0.21798118614605677
socialista presentar,9.961697016657217,9.743716317139222,0.21798069951799448
presidir junta,10.112753530504367,9.89492847998813,0.2178250505162378
estrategica,10.044879494981895,9.827217836779678,0.21766165820221772
aprender,10.0311488255947,9.813519319264742,0.21762950632995803
nc,9.96160484337917,9.7441026581211,0.21750218525806986
salvini,10.118253142195382,9.900893668718053,0.21735947347732854
repeticion elección,10.058718014182828,9.841385357993174,0.21733265618965447
postelectoral,9.97451292056205,9.757230238842586,0.21728268171946397
asegurar formacion,9.989071146244555,9.77186159806427,0.2172095481802856
patente,10.09860588351633,9.881435209743747,0.21717067377258203
familiar amigo,10.204616142002562,9.987487328189074,0.21712881381348836
socialista anunciar,10.043663867502609,9.82660769458252,0.21705617292008839
claramente,9.633289985082904,9.416416938834113,0.2168730462487911
partido regionalista,10.03296928385412,9.816134661636944,0.21683462221717598
interesante,10.021135696615383,9.804618955068474,0.21651674154690959
despedido,10.068580021770869,9.85209358581859,0.21648643595227846
ministra hacienda,8.963999343321424,8.747595751519903,0.21640359180152124
encantado,10.149085313040976,9.932715703145734,0.21636960989524212
horquilla num,10.12405936829353,9.907770865727992,0.2162885025655381
candidato formacion,10.0449146637231,9.828714041568926,0.21620062215417413
escandalo master,10.112801938205395,9.89660939857955,0.21619253962584573
num movilización,10.160197672216864,9.944214748139265,0.21598292407759878
gripe,10.019025411043215,9.803136089850343,0.21588932119287207
fiebre,10.180408030170636,9.96469112058033,0.21571690959030576
gobierno iniciar,10.055100662358022,9.839436809341972,0.21566385301604996
pan,10.208362114215829,9.992759112537374,0.21560300167845448
vendar,10.227528695196716,10.01203147299149,0.21549722220522582
comision justicia,9.903683107351792,9.688195683383778,0.215487423968014
conferencia prensa,10.188786944027905,9.973301837367776,0.21548510666012888
emerger,10.232267241977775,10.01690472491832,0.21536251705945553
num pesos,10.273363949528605,10.058083896509034,0.21528005301957087
polarizacion,10.05087731498548,9.83561300263232,0.21526431235315968
miserable,10.133012770622608,9.917751497640644,0.21526127298196407
presunto corrupcion,10.04064711248261,9.825481292355287,0.21516582012732322
jo ignacio,9.841895435530887,9.626756715578669,0.21513871995221834
gobierno derecha,9.86157133435117,9.646897657794382,0.2146736765567887
matiz,9.9781690268072,9.763678957482556,0.21449006932464343
impuesto sociedad,10.025100982679826,9.810795353949995,0.2143056287298304
feudo,9.659382359672366,9.445119743332366,0.2142626163399992
precampana,9.384528745465214,9.170305292730177,0.2142234527350375
cuerda,9.90781839782121,9.69360029048191,0.21421810733929902
polemico,8.83697671977638,8.623027811796554,0.21394890797982669
plazo enmienda,9.947284186132938,9.733413031958017,0.21387115417492097
perteneciente,10.045437765604778,9.831818026397658,0.21361973920711996
facilitar acceso,10.144752958849313,9.93122572405648,0.2135272347928332
frente gobierno,9.793837031846802,9.580382818133511,0.2134542137132911
sistema inmunologico,10.29683021640769,10.0834406374397,0.21338957896798938
bill,10.153639811927919,9.940388313384007,0.21325149854391157
derecha gobierno,10.112090654147716,9.898862900210863,0.21322775393685234
recurso publico,10.04030313471638,9.827126613836942,0.21317652087943806
reticencia,9.99003497286893,9.77691580945583,0.21311916341310067
cardenal,9.996680921353407,9.783634015131856,0.21304690622155142
for,10.22291150158845,10.010002621139838,0.21290888044861234
reune,9.982085745015034,9.769277919163677,0.21280782585135682
estancar,10.111011496087517,9.898246950649213,0.21276454543830425
compra vivienda,10.10482594821731,9.892121352157519,0.2127045960597922
socialista insistir,10.035855252144398,9.823156144730595,0.21269910741380293
partido mantener,10.10484429028359,9.892149495486933,0.21269479479665776
calentamiento global,10.113699404814769,9.90100528331194,0.21269412150282818
mente,10.118310331449882,9.905739993419484,0.21257033803039782
ley suelo,10.03708049387695,9.824650118883449,0.2124303749935006
salmantino,9.993328235003709,9.780898056023453,0.21243017898025585
cnn,10.25514968205241,10.042916595290274,0.21223308676213648
dina bousselham,10.049252615294437,9.837124504570486,0.21212811072395077
paisequo,10.076522089099221,9.86440125542049,0.2121208336787319
escrupulo,10.092372576790973,9.880461624475576,0.2119109523153977
intercambiar,10.121678342085248,9.909858042028247,0.21182030005700092
sostenible,9.48310510602067,9.271316434202681,0.21178867181798822
volvero,10.132097497825427,9.920340176100588,0.2117573217248392
pensamiento,9.927669395347344,9.715974207419649,0.21169518792769537
transformacion digital,10.098005265922023,9.886664952731687,0.21134031319033575
escudo social,9.99149220177861,9.780178878660744,0.2113133231178672
asegurar ejecutivo,9.973034207713994,9.761778392302277,0.21125581541171634
discurso presidente,10.037778675132966,9.826602782460112,0.21117589267285375
sumar mayoria,10.075244934598327,9.864078235656192,0.2111666989421348
comunidad educativo,10.049507613826549,9.838382121297995,0.21112549252855395
bloque progresista,9.88123616978752,9.670251174420178,0.21098499536734217
formacion ultraderecha,9.584324545612548,9.373428389355933,0.21089615625661473
lider unidas,9.470880589710546,9.260101829208622,0.210778760501924
escrito presentado,10.11305506427994,9.90234934308519,0.21070572119475095
discurso odio,10.040602661147625,9.829944586882126,0.2106580742654991
renovacion cgpj,9.795665121187119,9.585057963347136,0.2106071578399824
preocupante,9.826720571376097,9.616170649506731,0.21054992186936516
presupuestario num,10.031833084825989,9.821481637980801,0.2103514468451877
reconocer derecho,10.125166740624747,9.914841871101709,0.21032486952303842
jueza maria,10.041976455294732,9.831765477820795,0.21021097747393647
publicamentir,10.182610008637667,9.972460163680811,0.21014984495685596
recomendable,10.219534108273324,10.009627258294321,0.20990684997900289
falsear,10.052917785872346,9.84303511595831,0.2098826699140357
organacer,10.03457584259712,9.824694901114118,0.20988094148300185
dina,10.018654080654175,9.80881484022521,0.2098392404289644
ley vivienda,9.336167264255517,9.126574472833555,0.20959279142196152
aitor,9.7075908006254,9.498051205321692,0.20953959530370803
criminalidad,10.07157387528011,9.862091473466982,0.20948240181312805
salir paso,10.089159092061236,9.879695590920525,0.20946350114071066
presidente electo,10.21405733713281,10.004594588019682,0.20946274911312734
presidente tribunal,9.95157580397187,9.74220572697905,0.20937007699282084
urna num,10.01492501460042,9.805675510476975,0.209249504123445
nostalgico,10.095590098377052,9.88638471399793,0.20920538437912128
victoria rosell,9.784204826527674,9.575125598563288,0.20907922796438605
hipotetica,10.043165929679018,9.834176921702532,0.208989007976486
presidente popular,9.871461970123457,9.66252768726404,0.20893428285941695
tripartito,9.905169058626045,9.696295070659817,0.20887398796622847
montserrat,9.655738867627237,9.447012007630617,0.2087268599966201
regularizacion,9.994565384695408,9.785840354893503,0.20872502980190433
guillermo,9.782164383801613,9.573497499840952,0.20866688396066024
civil dictadura,9.97652967431912,9.767895442961942,0.20863423135717873
gobierno cumplir,10.040264863852306,9.831749656648837,0.20851520720346883
chico,9.972068407923171,9.76360403325813,0.20846437466504142
votacion reforma,9.97543000749196,9.766995288131625,0.2084347193603353
formacion morado,9.906963487552163,9.698562028540715,0.2084014590114478
ley familia,10.102654669202321,9.89439088277769,0.20826378642463084
noticia falso,9.945304208605371,9.73719259425729,0.20811161434808056
guerra sucio,10.104983771220914,9.896928746450461,0.20805502477045223
pedir responsabilidad,10.081839084133911,9.873835785515729,0.20800329861818234
emergente,10.087356138707564,9.879387652804422,0.20796848590314276
espada,9.14974021799181,8.941877082654678,0.2078631353371332
futuro politico,10.017838352953673,9.81001973717566,0.20781861577801308
presidenta junta,9.900402033608062,9.692695360963027,0.20770667264503473
cruce,10.114453081397695,9.906762139122028,0.20769094227566676
expresidente comunidad,9.755537379589951,9.547870540343853,0.20766683924609808
ajustado,9.745642407709708,9.537975842573921,0.20766656513578674
quizar,10.015735985860884,9.80809908070094,0.20763690515994426
vocal cgpj,10.108914629757914,9.901406373921555,0.207508255836359
flor,9.958974488398514,9.751481690448308,0.2074927979502057
belarra,8.92016419750426,8.71271586403815,0.20744833346610925
reeditar,9.621887365308671,9.414556939788865,0.20733042551980674
existio,10.126911869974293,9.919587784239882,0.2073240857344114
incluir reforma,10.090520622173683,9.883265370577224,0.2072552515964592
madrid portavoz,10.061950950261535,9.854914197398166,0.20703675286336853
president autonomico,9.477671921241486,9.270650727276012,0.20702119396547403
equipo negociador,10.075203721572889,9.868208826128491,0.20699489544439764
grande fortuna,9.687836911814793,9.480897519703174,0.20693939211161982
flagrante,10.197350069746442,9.990425485729263,0.2069245840171785
madrid anunciar,9.97923993756433,9.772315436406293,0.20692450115803673
dolors bassa,10.079473259694954,9.872752376992935,0.20672088270201883
precio luz,10.094548369507036,9.887844556832313,0.20670381267472315
creacion empresa,10.130265701023466,9.923598432391703,0.20666726863176343
manuel murillo,10.073951134704963,9.867350895370196,0.206600239334767
miente,10.096243571921827,9.889688012735482,0.20655555918634505
dirimir,9.949665910211259,9.74315190731105,0.20651400290020838
inspirar,10.119624380287542,9.913114270455237,0.20651010983230478
num participar,10.117615259500024,9.911132588364143,0.20648267113588048
ministro franz,9.852998224471946,9.646563364566347,0.20643485990559896
conflicto catalunya,9.825016787119715,9.618650159040063,0.20636662807965145
num censo,10.028715879641386,9.822379305146066,0.20633657449531917
barra,10.175442049390258,9.969275471302614,0.20616657808764316
proponer cambio,10.02369434666645,9.817693092075,0.2060012545914489
juanma moreno,8.754932127188656,8.548936037993737,0.20599608919491885
infección,10.16910378650227,9.963200446483267,0.20590334001900246
hacienda mario,9.424735373826389,9.218890543019644,0.2058448308067451
portal transparencia,10.077841454057697,9.872198505417673,0.20564294864002441
apariencia,9.997624109825981,9.792040008888353,0.20558410093762802
funciones,9.779085562238881,9.573578834117114,0.20550672812176707
estabilidad gobierno,9.985082972743525,9.779628725740007,0.20545424700351766
frente crisis,9.976703126515291,9.771322819443848,0.20538030707144372
robar,9.592495711917538,9.387158260531,0.20533745138653714
avion,9.91511150842974,9.709992200236586,0.20511930819315438
informe pericial,10.096104988226664,9.89107602547232,0.20502896275434424
huerta,10.185238606021887,9.98022528441872,0.20501332160316643
vivia,10.209457780217882,10.004593537389207,0.2048642428286751
portavoz direccion,9.891828837559563,9.686992591432617,0.20483624612694662
demostrado,10.140755404459982,9.935922261728676,0.2048331427313066
peticion unidas,10.110960479481147,9.906256224302682,0.20470425517846458
presentar primaria,10.039405366112918,9.834704115780147,0.20470125033277142
politicamente,9.897419713481309,9.692859091583067,0.2045606218982421
reprocho,10.129813678652306,9.925268859125126,0.20454481952718062
seguia,10.060115521496101,9.85586897598339,0.20424654551271182
hugo,9.95078811263781,9.746735686918491,0.20405242571931836
notar,10.025762115806776,9.82171661583123,0.2040454999755461
encauzar,10.12754241399892,9.923529753913556,0.20401266008536467
congreso pedir,10.022307698766575,9.818470430111171,0.20383726865540375
medida concreto,9.853903524313198,9.650169502827554,0.20373402148564423
izquierda derecha,9.944531355948927,9.74082237539766,0.20370898055126752
cristo,10.106272720000716,9.902606162852697,0.2036665571480185
cerrar pacto,10.00853895448249,9.804898523187925,0.20364043129456455
calentamiento,10.10681119730795,9.903233726492362,0.2035774708155884
aprobacion ley,9.72777522003859,9.52426615499311,0.20350906504547872
harto,10.082368400136525,9.87892223863566,0.20344616150086559
abrir debate,9.921397938340096,9.71807896612289,0.20331897221720574
consecuencia economica,10.171999233040916,9.968849923110373,0.20314930993054325
pelear,9.853572577124982,9.650499209660145,0.20307336746483706
coalicion progresista,10.13172896991169,9.92866073264897,0.20306823726271972
num querer,10.085140205858206,9.882073854504876,0.20306635135333018
censura,8.267947403605355,8.06497036567852,0.20297703792683564
afinidad,10.08593715351081,9.88297953083501,0.2029576226758003
contesto,10.126042136866383,9.923206567177067,0.20283556968931649
apoyo num,9.875134050523966,9.672325456630027,0.20280859389393946
ministro economia,9.948448736247496,9.74567363536732,0.20277510088017614
maria,7.947977341780775,7.7452037012287835,0.20277364055199154
discreto,9.998641587613108,9.795881523985217,0.20276006362789012
obtendrio num,9.950592582893613,9.747837250578353,0.20275533231525955
iniciar conversación,10.022298622677786,9.819691048226062,0.20260757445172395
concretamente,9.909411696523222,9.70683084439513,0.20258085212809185
teruel existir,9.823383355900157,9.620937891102447,0.20244546479771053
prescindir,10.024718470368862,9.822361926449267,0.20235654391959557
convertiriar,10.06733067131552,9.865070985135283,0.2022596861802377
nervioso,10.211338096592801,10.00908931863611,0.20224877795669016
condenado num,9.946334309518459,9.744109590122624,0.20222471939583464
num representante,10.065011338149647,9.862928352560552,0.20208298558909554
alto riesgo,10.207644514599995,10.00566704243481,0.20197747216518458
posicionar,9.336776593884341,9.134865547756828,0.20191104612751332
trav comunicado,10.030514410658185,9.82870263379745,0.20181177686073504
anunciar intencion,10.040208812187949,9.838410927677288,0.20179788451066116
calidad vida,10.162630242668525,9.960906535442586,0.20172370722593946
regional partido,9.986243021084224,9.784767099085988,0.20147592199823627
digitalizacion,10.036212792154105,9.83475641591684,0.20145637623726564
lengua cooficial,10.07194796570306,9.8706251341988,0.20132283150426034
cooficial,10.07194796570306,9.8706251341988,0.20132283150426034
manuel lopez,10.16512182625336,9.96387017341145,0.2012516528419095
mensajero,10.303232324837662,10.102062915619193,0.20116940921846904
ratificado,10.119259459462077,9.918196408969832,0.2010630504922446
dato falso,10.08359149835684,9.882627226948545,0.20096427140829576
conflicto interés,10.102120433432313,9.901190303433044,0.20093012999926962
acabo,10.040717980279931,9.839881754428044,0.2008362258518872
cuba,9.893095551493595,9.692305706313592,0.20078984518000276
presidente omnium,10.042300767502288,9.84174447182618,0.20055629567610822
molesto,9.948643556409833,9.748112945085529,0.20053061132430372
criticar presidente,10.09350099109844,9.893051656443257,0.20044933465518255
inmunologico,10.266374523002636,10.065991673440175,0.20038284956246066
gracias apoyo,10.137651006897475,9.937293675552445,0.20035733134502998
portavoz ejecutivo,9.513011888197797,9.312761571068252,0.20025031712954444
desconcierto,10.067223148225162,9.866987537621831,0.20023561060333073
cambio gobierno,9.908604843124829,9.708390099784364,0.20021474334046552
curiosamente,10.258623675622117,10.05875279413292,0.19987088148919696
comprometio,9.869289078218792,9.669493224280544,0.19979585393824806
transformar,9.714311245169595,9.514515620413377,0.19979562475621826
eu,10.236349654113331,10.036642273232566,0.19970738088076523
cupir,10.105007672310519,9.905324830041717,0.1996828422688015
aliar,9.875224181011593,9.675624572893188,0.1995996081184046
inarritu,9.371447588312652,9.171910661479465,0.19953692683318636
cano,10.00298707152179,9.803452659771924,0.19953441174986608
asturia,9.05309725466801,8.85363769802497,0.19945955664304016
replicar,9.597652144262916,9.398212715400625,0.19943942886229138
exconsejera,10.024608916743595,9.825180484282102,0.19942843246149344
adjunto operativo,9.961197094009428,9.761938676787043,0.19925841722238502
presidenta asociacion,10.171939549404348,9.972697108166036,0.19924244123831159
comparecera,9.763740113187115,9.564533015119649,0.1992070980674665
comunismo,10.206984865119876,10.00796903806851,0.1990158270513671
sumamente,10.2409872583615,10.042069999273181,0.1989172590883186
tragedia,9.87469812676036,9.675855112184324,0.19884301457603648
mierda,10.13680633815552,9.937982548392915,0.19882378976260462
alguien,9.350326506796925,9.151602136026266,0.19872437077065896
fleco,10.104795901611306,9.906076230305219,0.1987196713060868
pacto presupuestario,10.02244448952816,9.823954289469917,0.19849020005824336
martes ejecutivo,10.124902523777322,9.926435280553799,0.19846724322352394
evasion,10.099711314350728,9.90124625054901,0.19846506380171824
lanzo,9.96238417319373,9.764073981145389,0.198310192048341
dejar aire,10.09512962904368,9.8968392274603,0.19829040158337996
formato,9.894814335326837,9.696549032838933,0.1982653024879042
siniestro,10.016014799561562,9.817825484671996,0.19818931488956615
iir espinoso,10.104546385650323,9.906378283810817,0.1981681018395065
logo,10.074798196432665,9.876698640361992,0.1980995560706731
lledoner,9.914507024777814,9.716434596779107,0.1980724279987065
hernando,9.825963963723769,9.627969075863193,0.19799488786057573
forzado,9.873515312921272,9.675718449366629,0.1977968635546432
abertzale,9.269843298555662,9.072119317681318,0.1977239808743434
oposicion criticar,10.063657582349016,9.866000850176217,0.1976567321727991
parlamentario congreso,9.9676650493204,9.770032036261684,0.1976330130587165
dejar politica,9.962142779197514,9.764535095634297,0.19760768356321634
vencedor,9.95285515891928,9.755310913881694,0.19754424503758727
morado,8.323009862652993,8.125486286581747,0.19752357607124615
presidente estadounidense,10.170106675807666,9.972665657414774,0.19744101839289208
entero,9.927676833575518,9.730263977339384,0.19741285623613436
cartagena,10.115933216640679,9.918585574666162,0.19734764197451682
espionaje ilegal,10.120544015384764,9.923239511122853,0.19730450426191126
asignacion,9.775431374538003,9.578320258173077,0.19711111636492618
xix congreso,10.141079284682757,9.94397020059203,0.19710908409072658
partido catalán,9.871930363959335,9.674916132954149,0.1970142310051859
anticorrupcion solicitar,10.026221953967804,9.82927879079813,0.1969431631696743
gigante,10.092512996863091,9.895655301278572,0.19685769558451938
grupo confederal,9.107373012594685,8.910670558654989,0.19670245393969665
presidenta autonomico,9.835127752215323,9.63854840408606,0.19657934812926214
mayorio absoluto,9.853491331671682,9.657001240715553,0.19649009095612868
incompetencia,10.047278741867357,9.850838145819145,0.1964405960482125
pazo,9.841790629533401,9.645353007001528,0.1964376225318727
pleno campana,10.03857094848801,9.842397239570854,0.19617370891715602
comision secreto,10.079881188223256,9.883808112306271,0.19607307591698486
irani,10.101550091644619,9.905575851063718,0.19597424058090063
jusapol,9.977653258373728,9.781681472417857,0.19597178595587117
contundente,9.529387952735009,9.333416755742956,0.195971196992053
numero diputado,10.075308376787886,9.879423393876984,0.1958849829109024
regalar,9.89567276623621,9.69979146008501,0.19588130615120036
fusion,10.01529274252831,9.819427719492014,0.19586502303629594
generacion,9.821407414915761,9.625743143555004,0.19566427136075681
abrir comision,10.087505183729405,9.891910656731891,0.1955945269975139
accion politico,9.923385287625809,9.727919506999195,0.19546578062661446
gobierno deber,9.946304849259585,9.75084900717373,0.19545584208585431
subida impuesto,10.097963855366544,9.902526754895252,0.1954371004712918
interrogar,9.763201717407725,9.567790090378661,0.19541162702906334
invadir,10.120524875758436,9.925172952010971,0.1953519237474648
cepa,10.18151036169409,9.986333116030663,0.19517724566342665
referendum autodeterminacion,10.030514496691277,9.835450893502435,0.1950636031888422
retirar enmienda,10.078045702291522,9.883060431877375,0.19498527041414704
cercano,9.00689676832629,8.812043668728911,0.1948530995973794
penalizar,10.11947772289671,9.924692984453587,0.19478473844312205
lenguaje,9.828632154559738,9.633874184312667,0.1947579702470712
multiplicar,10.101215308919906,9.906612184536115,0.19460312438379113
cinta,9.960073219360012,9.765569377731579,0.1945038416284337
socialista pedir,9.962214091791237,9.767862518583739,0.19435157320749852
extremo izquierda,9.9151239325877,9.720794585415808,0.19432934717189276
recaudar num,10.108895186602618,9.914577067714388,0.19431811888822992
divergent,10.10447967070879,9.910169960087874,0.1943097106209155
miembro familia,10.020120178163147,9.825902764890252,0.1942174132728951
formar equipo,10.102710175073797,9.908911109329308,0.19379906574448924
abortar,10.028318429611558,9.834699791164041,0.19361863844751603
permitiran,10.173637286571797,9.98002231502467,0.19361497154712737
rosell,9.644024375804896,9.450458760584064,0.19356561522083204
precio alquiler,9.641159696013233,9.447780730529256,0.19337896548397637
gay,9.892246872991397,9.698925668846197,0.1933212041451995
compromisario,9.900770676044607,9.707519960718383,0.19325071532622395
voto diputado,10.074076781213389,9.880847114813125,0.1932296664002635
castigar,9.997096878886941,9.803954349804668,0.19314252908227303
jamas,10.102229920405092,9.909118255967464,0.1931116644376285
entrario,10.037579057904372,9.844561167335195,0.19301789056917684
obtendrio,9.848763467047078,9.655829824977312,0.19293364206976626
ilusion,9.760443820554862,9.567552176435287,0.19289164411957493
sucio,9.85155125250293,9.658680857578268,0.19287039492466107
ignacio lopez,10.06080671818476,9.86799979028267,0.19280692790208853
tradición,10.13175970263081,9.938966832406125,0.19279287022468417
pendrive,10.124863927751253,9.932094582420447,0.19276934533080592
dano causado,10.148307452986806,9.955604941008145,0.19270251197866095
gobierno secretario,9.920051790356498,9.727455646061923,0.1925961442945745
mantener posicion,10.032703911770898,9.84010929863528,0.19259461313561843
forzo,10.13145430779644,9.938914748598057,0.19253955919838361
masivo,9.224923623764266,9.03243758501634,0.19248603874792636
continuacion,9.959413706275036,9.766970377681409,0.19244332859362778
escepticismo,10.105083347648357,9.9126637958143,0.1924195518340568
alquiler social,10.125614913336724,9.933230297917284,0.1923846154194404
combustible,9.957525989311256,9.765143385831408,0.1923826034798477
carme,9.856354238632756,9.664076901151333,0.19227733748142306
eje central,10.125245240768804,9.932971821511693,0.19227341925711094
ganado,9.99503066800771,9.802815615281899,0.1922150527258104
gonzalez pons,9.856401154297558,9.664230732120181,0.19217042217737657
jo manuel,8.751991219604477,8.55987039822696,0.1921208213775163
dario,9.884791940290663,9.692681890362104,0.19211004992855862
distanciar,9.887787857994653,9.69571438296407,0.19207347503058259
ano gobierno,9.707097877643363,9.515134483414156,0.19196339422920694
crisis interno,9.728383739677483,9.536446061394466,0.19193767828301667
agustin,9.962415418407604,9.770551571724164,0.19186384668343948
definitivamente,9.733490918605906,9.541692281944654,0.19179863666125208
senda,9.578129282692705,9.38645633396536,0.19167294872734608
interprofesional,10.066197316886809,9.87477013070445,0.19142718618235932
minimo interprofesional,10.066197316886809,9.87477013070445,0.19142718618235932
debate nacion,9.775958291688038,9.584662145917049,0.1912961457709894
municipalista,10.006890570930583,9.81560494951651,0.1912856214140728
mantendra,9.946321953267883,9.755079212750452,0.1912427405174313
crisis climatico,9.924282060456935,9.733354992208177,0.19092706824875805
producto basico,10.109416301000355,9.918493008374764,0.19092329262559105
socialista asamblea,10.077988942634175,9.887120212301435,0.1908687303327401
tablero politico,9.99886321395722,9.808054554790239,0.1908086591669811
completamente,9.667051441371289,9.47636734889313,0.19068409247815943
telefonico,9.635392839340971,9.444724788402857,0.19066805093811467
comparecer rueda,9.978421016990026,9.787905868092349,0.19051514889767773
cuidado intensivo,10.183653335835222,9.993197453119564,0.19045588271565883
manuel villega,9.933767210345987,9.743337162263751,0.19043004808223607
criticado,9.93392220777843,9.74351412070842,0.19040808707000956
ministro educacion,10.092649713182293,9.902252537729574,0.19039717545271984
concurrir,9.158376952919443,8.967981993823667,0.19039495909577653
fracasado,10.135939936461783,9.945590974303409,0.1903489621583745
ano volver,10.089879854416907,9.899576844842272,0.19030300957463453
voto partido,9.89618447253678,9.70588488956982,0.1902995829669596
destapo,10.09609655909755,9.905809882453013,0.19028667664453636
delito trafico,10.122158073723108,9.931920466449988,0.19023760727312045
vivienda alquiler,10.004346025247315,9.814173697288135,0.19017232795918027
tribuna,9.589970121731435,9.399805289210361,0.19016483252107363
tachar,9.450230200839492,9.260138638694722,0.19009156214477052
expresidenta madrilén,9.704477577133595,9.514410323102961,0.19006725403063385
kitchen,9.250079922629098,9.060262331144992,0.18981759148410582
suscribio,10.082138779175787,9.892584263480543,0.18955451569524406
ascenso,9.656509671702135,9.466956022519712,0.18955364918242346
maquina,9.914669735071541,9.725225929522162,0.189443805549379
normalmente,10.221509276761426,10.032087181296456,0.1894220954649697
oler,10.098731006190816,9.90935605615379,0.18937495003702587
pretendiar,9.8882763815577,9.699039606841783,0.18923677471591738
lider socialista,8.900226940991963,8.711007985382082,0.18921895560988133
presentar investidura,10.06238925810133,9.87324297228163,0.1891462858196995
afiliar,9.997660534722746,9.808521662271506,0.18913887245123995
feminismo,9.240915878729371,9.05179848204969,0.18911739667968064
ministra igualdad,8.987005300121721,8.798024176717577,0.18898112340414386
debate,7.60104891550876,7.412181151210037,0.1888677642987231
emitir comunicado,9.996203244666994,9.807375953414988,0.18882729125200548
pesos,10.12086781062733,9.932079096622893,0.18878871400443664
semanario,10.156236974075378,9.967504744458147,0.1887322296172318
gobernar comunidad,9.995662769595377,9.80694204332878,0.18872072626659708
amano,10.014810890906054,9.826222522266015,0.1885883686400387
decreto anticrisi,9.913489177121335,9.724987179648204,0.18850199747313034
asuntos economicos,10.070346294717565,9.881894439194182,0.1884518555233825
economicos,10.070346294717565,9.881894439194182,0.1884518555233825
equilibrio,9.806478306781617,9.618049171765444,0.18842913501617353
atender publico,10.037803674443069,9.849382612110555,0.1884210623325142
anticrisi,9.810196997656146,9.621821702904091,0.1883752947520545
coincidencia,9.891612275647367,9.703279993852359,0.18833228179500772
lider formacion,9.300520174443264,9.112222227094838,0.18829794734842586
discriminar,10.069216862420706,9.880927595192006,0.18828926722870065
recordar lider,9.984388543058966,9.796106503065438,0.18828203999352766
nucleo duro,9.937714066253974,9.749433022870878,0.18828104338309615
gerardo pisarello,9.966934092081338,9.778776882202278,0.18815720987906026
firmo,9.861195652194937,9.673041981916127,0.18815367027881003
enesimo,10.009356536224969,9.821308903798151,0.18804763242681766
portavoz psoe,9.40456923483148,9.216771129872834,0.18779810495864702
caliente,9.97456603158888,9.786917454851153,0.18764857673772717
miembro consejo,9.95453338190686,9.766895470761517,0.18763791114534278
revertir,9.874560739059953,9.686930598673799,0.18763014038615466
num escano,9.78810611551751,9.600571880957823,0.18753423455968665
vicepresidente generalitat,9.857684464090072,9.670176704718788,0.18750775937128417
prensa posterior,10.002461539607093,9.814985107041318,0.1874764325657754
mocion censura,8.386396228328085,8.198926851081765,0.18746937724631962
dimitar,10.045868476044276,9.858500818643845,0.18736765740043104
desgastar,9.97874338325411,9.791482826833628,0.18726055642048323
jon,9.350126663630428,9.16290689270245,0.18721977092797815
declaracion conjunto,10.09880787278306,9.91159937142132,0.1872085013617415
pons,9.769392302519936,9.582404223685952,0.18698807883398416
partido morado,8.631421241382146,8.444581515223701,0.18683972615844446
juantxo,10.03935054291825,9.852699155656639,0.18665138726161068
juantxo lopez,10.03935054291825,9.852699155656639,0.18665138726161068
sencillo,9.982273144730142,9.79565242247187,0.1866207222582723
portavoz adjunto,9.232847996870008,9.046343186298317,0.18650481057169088
excelente,10.097893151645128,9.911597583039471,0.18629556860565621
acido,10.146723821365441,9.960437316463425,0.18628650490201615
num tasa,10.238402603274375,10.05211883957874,0.18628376369563426
villega,9.823820883005729,9.637563898297174,0.1862569847085549
espinosa,9.94261855622234,9.756401864865149,0.18621669135719188
fiscalizar,10.100138316494702,9.914077319858837,0.18606099663586484
transferir,10.195792910814644,10.009815993324137,0.18597691749050682
virus num,10.302038771455813,10.11607895109407,0.1859598203617434
mario jesus,9.216636335839317,9.030711955468885,0.18592438037043202
desfavorable,10.045787790820208,9.859976445949313,0.18581134487089557
pisarello,9.924441990360977,9.738696078904448,0.18574591145652875
teoria,9.724217270471843,9.538615060040545,0.18560221043129843
gusto,10.038071147035676,9.852493068051542,0.18557807898413436
paridad,9.966939545119956,9.781401529832836,0.18553801528712022
disciplina voto,10.11966274272055,9.93414904196067,0.1855137007598806
camps,9.884477653952258,9.698972006260677,0.1855056476915813
estimacion voto,9.495969970620443,9.310495430058488,0.18547454056195534
integridad,9.494108874679148,9.308640943076743,0.18546793160240505
pregunta escrito,10.136809505317936,9.951361912600163,0.18544759271777345
prisa,9.699793924747874,9.51439320423518,0.1854007205126944
difunde,10.076061035262258,9.890661412687887,0.18539962257437104
reformar ley,10.00633835500975,9.820949830224041,0.18538852478570966
moda,10.13104363732108,9.945680595792922,0.18536304152815752
pozo,9.962969287703457,9.777695621884488,0.18527366581896842
fundador falange,10.032644619251316,9.847469794614907,0.18517482463640889
trascender,10.137482061947116,9.952364822584093,0.1851172393630236
espejo,10.008601359471447,9.823503353725034,0.1850980057464131
evaluar,9.962586785832821,9.777499211013119,0.18508757481970228
aprobacion reforma,10.056709933031236,9.871722579220613,0.18498735381062303
rector universidad,10.160332693915684,9.975397513329368,0.18493518058631686
formacion naranja,8.997991168072877,8.813088279973169,0.18490288809970856
rodilla,10.156547372677549,9.971649241136042,0.18489813154150703
grabado,9.799994041713827,9.615098817851885,0.18489522386194146
rasgo,10.150427602801399,9.965638517506038,0.18478908529536042
saludar,9.916463896373635,9.731685545062433,0.18477835131120202
votarar favor,10.10970853838356,9.925024121525132,0.18468441685842762
conexión,10.115288719068934,9.930700418265237,0.18458830080369637
director adjunto,9.965229260788815,9.780688567806397,0.18454069298241826
alcanzar mayoria,10.110874757465835,9.926391454577342,0.18448330288849313
hora despuser,10.018805383277046,9.83437453922672,0.1844308440503255
optimista,9.781755726204226,9.597344334651108,0.1844113915531178
begonar,9.955726684584272,9.771383838786457,0.1843428457978149
estimación gabinete,10.172680257065378,9.988380848916481,0.18429940814889711
grupo votar,9.982036672607107,9.797756320490624,0.18428035211648286
tranquilizar,10.127891176124225,9.943628085882722,0.18426309024150278
ayuntamiento comunidad,10.06116673429972,9.877222657762088,0.18394407653763167
delincuente,10.031910027992701,9.84797794423855,0.1839320837541507
congreso bateria,10.102319141951279,9.918430099082816,0.1838890428684632
regulado,10.088860560918048,9.904998517510743,0.18386204340730572
laura borras,10.101949851661471,9.918161669951974,0.18378818170949707
borras,10.101949851661471,9.918161669951974,0.18378818170949707
distinto experto,10.085941153060395,9.902163146551695,0.18377800650869958
contraponer,10.099420014180533,9.915760953167275,0.18365906101325713
new,10.104798406180207,9.921160543940013,0.18363786224019307
proximos diar,9.923469668221372,9.739863991898403,0.1836056763229692
marta vilalto,10.083231881951118,9.899627512601965,0.18360436934915292
declaración lider,10.043641113304831,9.860110450556899,0.18353066274793228
contribuyente,9.867819032766779,9.684353490807808,0.18346554195897014
coalicion soberanista,9.910316421001927,9.726915001104762,0.18340141989716408
ofrecido,9.89774121101952,9.714363015706047,0.1833781953134732
parlament num,10.095242964318816,9.911935400967764,0.18330756335105214
num enmienda,9.93196669041585,9.748686044327105,0.18328064608874506
mikel,9.894454720822988,9.711279966483643,0.18317475433934582
entramado,9.851058689738494,9.667922805548,0.18313588419049331
don,9.90316768764037,9.720278220362365,0.18288946727800415
biblioteca,9.966841053955505,9.784121470341123,0.18271958361438223
debilidad,9.669884513387938,9.487216203268012,0.1826683101199258
pense,10.257316265912001,10.074707322043938,0.18260894386806292
venta arma,10.021377762765,9.838856831775797,0.1825209309892042
leido,10.121473046423645,9.938966665079523,0.18250638134412256
dividido,9.748734120132887,9.566260259466542,0.1824738606663452
rozar,9.981155154940982,9.798740781558573,0.18241437338240907
querer negociar,10.008244738086063,9.825964791040843,0.18227994704522033
participar num,9.91765580193914,9.735512540984748,0.18214326095439226
secretario ugt,10.101915703202428,9.919796955488625,0.18211874771380288
portavoz congreso,9.688399885331563,9.50662380437904,0.18177608095252396
pedir comparecencia,10.04876942821764,9.867067876897874,0.1817015513197653
gobernar coalicion,10.024089354011236,9.84240741849235,0.18168193551888656
malversacion,8.790946074603943,8.609287084707983,0.18165898989595952
rezar,9.936645417540271,9.755085486847564,0.18155993069270693
sentencia gurtel,10.104408734016715,9.922853035538779,0.1815556984779363
presupuesto pge,10.119783409124139,9.938235789719961,0.18154761940417785
ejecutivo congreso,10.098249643970723,9.916754024457475,0.18149561951324777
departamento seguridad,10.14248912291298,9.960995417940717,0.18149370497226336
volvio,9.781315804813778,9.599846605666093,0.1814691991476849
purga,10.025403557753041,9.843977966647781,0.1814255911052598
derecha num,10.047790391981506,9.866400835842038,0.18138955613946806
recuperar num,10.092297833097172,9.910949139058523,0.18134869403864862
respaldar,9.015939370573037,8.834637957556303,0.1813014130167332
borbon,9.370645737364278,9.189360405482383,0.18128533188189522
sanidad educacion,9.912716017637093,9.73144591828439,0.18127009935270344
enfocar,10.141188524204619,9.959924808425422,0.1812637157791972
derecho vivienda,9.947175017036157,9.765919675094755,0.18125534194140158
fluido,10.086712060628294,9.905479479622604,0.1812325810056894
cierre campana,9.985175648837629,9.804009189688566,0.18116645914906293
gabinete key,10.159853443620726,9.97871867579023,0.1811347678304962
encontrar candidato,10.056909699333763,9.875828549414317,0.18108114991944646
super,10.186319484956778,10.005243238174328,0.1810762467824496
voz critica,10.075025922182993,9.893959538523218,0.18106638365977545
asamblea regional,10.007691780874495,9.826663635915281,0.18102814495921393
dirigir partido,10.097373838433574,9.91642175329623,0.18095208513734384
encabezar candidatura,10.003696916918726,9.822747414645315,0.18094950227341045
analista,9.810576835357464,9.629654084719238,0.18092275063822605
innovacion,9.659328428766809,9.478417351546378,0.18091107722043098
coordinador federal,9.641045336330395,9.46022078374305,0.1808245525873442
crispacion,9.648161396104074,9.467435273558428,0.18072612254564646
vecina,10.034312407622616,9.853628976629867,0.1806834309927492
convertirar,9.862801971321332,9.682133875531425,0.1806680957899065
letiziar,9.932660969940663,9.752097673892113,0.18056329604855037
investigar audiencia,10.124852426496654,9.944306727468696,0.1805456990279577
aliviar,10.138348333032104,9.957809159244784,0.1805391737873201
celia,9.986168561101408,9.805653292803358,0.1805152682980502
puesto marcha,10.006383024572138,9.825977875658488,0.18040514891364978
administradora,10.088440129586564,9.908060859208913,0.18037927037765122
moderno,9.933299835553001,9.752973497695878,0.1803263378571227
cumplimiento ley,10.095604938711483,9.915439366874722,0.18016557183676163
principado,10.067819631643163,9.887660638261535,0.1801589933816281
medida seguridad,9.923092814324452,9.74300438252542,0.18008843179903167
direccion popular,9.977273673082166,9.797259147414787,0.18001452566737974
preocupado,9.679056698949168,9.499078316237307,0.17997838271186062
alzamiento,10.010656933295044,9.830791702707542,0.17986523058750237
retratar,10.086994352787958,9.907170136227387,0.17982421656057035
gobierno cerrar,10.111476824239597,9.931738374233099,0.17973845000649824
renovar organo,9.876440422528459,9.69693465632361,0.1795057662048496
isabel diaz,8.530072957725672,8.350568366463783,0.1795045912618889
exasesora,9.940117410950672,9.760638483929247,0.17947892702142454
dano informatico,10.03201275318535,9.852637994854529,0.1793747583308214
espacio confederal,9.456272701844629,9.277068386376268,0.17920431546836113
vicesecretaria,9.174691132499028,8.995536879922067,0.17915425257696072
presentacion libro,10.053935161385109,9.874829545079182,0.17910561630592703
portavoz conservador,10.080616246797618,9.901550194251174,0.17906605254644425
sentar hablar,9.972656664286829,9.79362195915597,0.17903470513085828
experto considerar,10.166730583437523,9.98770815277582,0.17902243066170342
jupol,10.110813890823245,9.931811468837392,0.17900242198585303
ningun tipo,9.546180093832096,9.367236391390808,0.17894370244128766
juicio reforma,10.140943282307093,9.962012136139144,0.17893114616794925
viento,10.194110653535228,10.015192346984472,0.1789183065507558
dariar,9.943910411797958,9.765116971217498,0.17879344058045987
num elección,9.934575529256119,9.755814462895417,0.17876106636070155
unicar,10.058375869487268,9.879634685882229,0.1787411836050392
plazo num,9.850919734517294,9.672198817192633,0.1787209173246609
investido,10.036910514629078,9.858241083321124,0.17866943130795399
alcaldable,9.932623305198442,9.753988091033943,0.17863521416449935
carencia,9.994774869813398,9.81616053133486,0.17861433847853725
formacion liderado,9.769051603484504,9.590455397698813,0.17859620578569135
comodo,10.006001793191931,9.827477330539176,0.17852446265275468
luis martinezalmeida,9.929096530170563,9.750659735033475,0.1784367951370882
adquirir,9.668930864665443,9.490640962136396,0.17828990252904653
dín,9.950561551586105,9.77234656331787,0.17821498826823579
evacuacion,10.11315585564088,9.934946338630379,0.17820951701050092
facilito,10.111172118173917,9.93297670262755,0.17819541554636587
juez escalonillo,10.082736325305108,9.90454194290842,0.17819438239668806
ampliacion aeropuerto,10.05495781416132,9.876790365301627,0.1781674488596927
emocionado,10.101487261978706,9.923324630060705,0.17816263191800097
candidato socialista,9.124307527703861,8.94622386450861,0.1780836631952507
dejar formacion,10.07484725122227,9.896822908890444,0.17802434233182574
renunciado,10.126677941401047,9.948860247879221,0.17781769352182586
madrid acusar,10.011693893669507,9.833944974134708,0.17774891953479965
mantener vivo,10.139987810490622,9.962282187193923,0.17770562329669914
paquete,9.367682418853851,9.190046376389638,0.17763604246421316
num derecha,10.064772101259909,9.887166864845241,0.1776052364146672
nacimiento,9.888698729537015,9.711106803282345,0.1775919262546708
complementario,9.967278226679056,9.789765128273071,0.17751309840598495
escano congreso,10.019112112568305,9.841601391332977,0.1775107212353273
aportar dato,10.160875213498793,9.98342550387581,0.1774497096229819
giro derecha,10.081134408051614,9.90369831089399,0.17743609715762432
neurón,10.046890448209284,9.86948449748714,0.17740595072214482
ordenador,9.881969305388356,9.704580583431934,0.1773887219564223
gobierno viernes,10.117717581586652,9.940336743032251,0.17738083855440046
emvs,10.054960679565259,9.87761259262634,0.17734808693891857
necesitar num,10.07785138765329,9.900553355274079,0.17729803237921082
vicepresidencia gobierno,9.953762731197655,9.776492213463671,0.17727051773398372
estadistico,10.046351206671932,9.869130210146873,0.17722099652505996
jefa,9.988061851299804,9.810860790500271,0.17720106079953268
comprender,9.956893702855968,9.77973037237047,0.1771633304854987
balcon,10.02437592600973,9.847231513470701,0.1771444125390289
num juan,10.052209951171434,9.875199986220787,0.17700996495064736
debil,10.023243548635499,9.846248402615709,0.17699514601978983
apoyar investidura,9.604222932624307,9.4272345086439,0.17698842398040604
rectifico,10.043042077625918,9.866111054604714,0.17693102302120423
llenar,9.804817755754588,9.627889935874668,0.17692781987991957
director policia,10.088399151289298,9.911497735489657,0.17690141579964092
num ganar,10.059924155140415,9.883180582898884,0.1767435722415307
gobierno estable,10.098213732570485,9.921519943987892,0.17669378858259321
agenda num,9.287410924437397,9.110725121718472,0.1766858027189251
privado andorra,10.164511585619339,9.98783227432807,0.17667931129126835
debia,10.039747673813991,9.863088573333679,0.17665910048031286
tapar,9.624567343646385,9.447967266576333,0.1766000770700522
programa electoral,9.490434729668799,9.31388636940423,0.17654836026456877
formacion ultraderechista,9.29521097760164,9.118678410887629,0.17653256671401074
empeno,10.05555819640456,9.879051656850974,0.17650653955358564
rir,10.202691622807192,10.026202920799722,0.1764887020074699
mejorar resultado,10.092224787230549,9.9157928626649,0.17643192456564982
boca,9.810308700197705,9.633892352728674,0.176416347469031
dirigente formacion,9.9767710838564,9.800409757078842,0.1763613267775579
inmenso mayorio,10.167668662317531,9.991329532064622,0.17633913025290937
chaqueta,10.117285170417402,9.940968951294915,0.17631621912248718
cabeza lista,9.146978943295377,8.970721018677292,0.17625792461808487
instar presidente,10.081664641725062,9.905572470453757,0.17609217127130528
anunciar,7.47410662221719,7.298071671771856,0.17603495044533357
registrar congreso,9.891672446406952,9.715648109812337,0.17602433659461525
formación independentista,10.053392520788298,9.87743235838026,0.1759601624080389
comision interior,9.9551880478031,9.779390513539216,0.175797534263884
ministerio dirigir,9.928893446172916,9.753142725882919,0.17575072028999728
bloqueado,9.90178701967942,9.726135139218533,0.17565188046088664
lion,10.142619836702654,9.967148437475208,0.1754713992274457
seguiriar,10.088960358353413,9.913517032377067,0.17544332597634593
enviar carta,9.823107306008422,9.647688104172065,0.17541920183635717
garciaegea,10.078417578962368,9.903017844095784,0.1753997348665841
jo villarejo,10.072932157561356,9.897558186943082,0.1753739706182742
insistio,10.088549631739916,9.913192106852728,0.17535752488718792
destruyo,10.127537340740206,9.952226668608,0.17531067213220553
sumar mayorio,9.919924717037896,9.744657863070028,0.17526685396786768
inhabilitar,9.959406543004077,9.784152607380765,0.17525393562331182
espiar,9.753779798583706,9.578531499254458,0.17524829932924746
acertar,9.968079062315836,9.792890211456747,0.17518885085908842
asturiano,9.792466821047466,9.617316074800714,0.17515074624675186
rafa,10.084491052456393,9.90945750262734,0.1750335498290525
mantener gobierno,10.088217013918939,9.913242293392198,0.17497472052674112
exprimer,10.061973221043834,9.887013194247185,0.1749600267966489
madrid barcelona,9.934487306545593,9.759538484651713,0.17494882189387972
amigo,8.909075916579821,8.734128054357123,0.1749478622226981
partido querer,10.003401590662442,9.828689199457672,0.17471239120476945
madrid elección,10.094486150278446,9.919795827053512,0.17469032322493305
marco investigacion,10.087237699604476,9.912670198239303,0.17456750136517307
beca,9.823037604536767,9.648484878696278,0.17455272584048842
ley enjuiciamiento,9.984840037477895,9.810311587374155,0.17452845010373963
ley aborto,9.951381109455415,9.776899433219798,0.17448167623561694
amante,10.089338887866631,9.91486816037384,0.1744707274927908
seriedad,10.057830160146217,9.883481508382228,0.17434865176398873
duramente,9.501025075224574,9.326762550366514,0.17426252485805982
tramite parlamentario,9.911532909286262,9.737361667188935,0.17417124209732648
capitaneado,10.068685811329225,9.894529861951531,0.17415594937769363
javier imbroda,10.117817785248219,9.943821873311286,0.17399591193693276
imputación,10.090764257543645,9.916787705396658,0.17397655214698737
fuente cercano,9.961388658869605,9.7874375137559,0.1739511451137048
tensionar,10.115466455270912,9.941588375167496,0.17387808010341566
republicano catalán,10.022960888951175,9.84911131489825,0.1738495740529249
reversion,10.045976316703763,9.872172979670212,0.17380333703355078
escano unidas,10.161537588458911,9.987768271038593,0.17376931742031765
juanma,8.719922202973184,8.54618198692052,0.1737402160526642
creacion comision,9.730723316091064,9.557003764018166,0.1737195520728978
salvador illa,9.234542263521517,9.060936683438193,0.17360558008332383
portavoz cs,9.871182573432954,9.697677823586865,0.17350474984608866
propagacion virus,10.26948474427988,10.096000894867606,0.1734838494122748
corrupcion,8.12372409449466,7.9502557795331,0.17346831496156057
sanidad publicar,9.766421361372633,9.593077560326096,0.17334380104653668
diaz ionir,10.074171341319246,9.900902417722293,0.17326892359695378
calmar,9.912660698423728,9.739399867237557,0.17326083118617142
responder pregunta,9.72372650632749,9.550482388936178,0.1732441173913113
frustrar,10.056978277129511,9.883779693253684,0.17319858387582698
vanessa,10.060088948686964,9.886894268498864,0.17319468018810014
amagar,10.065816852102047,9.892631468841952,0.1731853832600958
esperar cerrar,10.092112451235858,9.919012000067815,0.17310045116804318
contrarreloj,10.111068845250237,9.938044760600139,0.17302408465009833
destituir,9.880064790129959,9.70711330079483,0.17295148933512827
situacion pandemia,10.09983837729814,9.927012046884483,0.17282633041365614
irrumpir,9.723817234021164,9.551081285709467,0.17273594831169703
confia,9.503293657081556,9.330591255655268,0.1727024014262888
comparecient,9.942862302763993,9.770162326306542,0.1726999764574515
factura luz,9.894146545571164,9.721544305033776,0.1726022405373886
manchar,10.01614768076993,9.843582862012902,0.1725648187570279
pfizer,10.135415707748324,9.9628547015096,0.17256100623872328
fila popular,10.061834993870724,9.889334466164202,0.17250052770652147
lés,9.908434981038829,9.735944319705299,0.17249066133352997
lés humanidad,9.908434981038829,9.735944319705299,0.17249066133352997
gobernar lista,10.083390757184954,9.91094754398273,0.1724432132022251
ciencia tecnologia,10.182044979963276,10.009628601913668,0.17241637804960774
basilica valle,10.121041814276852,9.948731464691827,0.17231034958502534
paciencia,10.041539464523936,9.86927088176068,0.1722685827632553
cara elección,9.624373368965045,9.452186693907143,0.17218667505790286
recusacion,9.827123058507565,9.65496399287478,0.17215906563278516
iir redondo,10.044702839962943,9.872673551031353,0.17202928893158997
seguir crecer,10.169018450124922,9.997033277197492,0.17198517292742999
creciente,9.626482990017875,9.454507550248755,0.17197543976912044
ministra derechos,9.235725780694725,9.063754543284116,0.1719712374106095
fichaje estrella,10.111838414151133,9.939910595239555,0.1719278189115787
despu publico,10.150121011730755,9.97840274333873,0.1717182683920253
dardo,10.118097941784402,9.946651289571735,0.17144665221266742
modelo financiacion,10.08933945947221,9.91790435744691,0.17143510202530088
admitio,10.035305223893678,9.863916568211009,0.17138865568266937
major,10.122143799974163,9.950785344785224,0.17135845518893866
pacto coalicion,9.929278091302235,9.757994547625206,0.17128354367702947
presidente comunidad,10.010249222135787,9.838973714608803,0.17127550752698362
regresar,9.270151550182991,9.099036001951832,0.1711155482311586
politica fiscal,9.980912304896103,9.809882672128932,0.17102963276717098
asegurar portavoz,9.855978272140836,9.684960820118453,0.17101745202238305
manejo,10.08934097771653,9.91833036903616,0.1710106086803691
morena,10.218054044846223,10.047065560595767,0.1709884842504561
presentar fiscalia,10.107541263917836,9.936673297646049,0.17086796627178735
urkullu,9.524225323752761,9.353359658712636,0.17086566504012524
prescrito,10.058169973638138,9.887309643953083,0.1708603296850555
critica,8.252875106335983,8.082179294616253,0.17069581171972992
ganar elección,9.430840911628257,9.26022742773239,0.17061348389586684
resto fuerza,9.85493049130425,9.684358286320395,0.1705722049838556
presidencia junta,9.72374400074124,9.553228444012214,0.17051555672902552
vicesecretario,9.22782967961032,9.057393182710168,0.17043649690015172
cuestionado,9.913118389328215,9.742698855745639,0.17041953358257622
juicio caso,10.065335899278837,9.895008073678786,0.1703278256000509
cao,10.033474377887078,9.863166304779986,0.17030807310709228
partido izquierda,9.57179635007995,9.40148867787505,0.17030767220489906
quintana,10.093721344721112,9.923476484388104,0.17024486033300867
sabor,10.066906551542143,9.896713319627734,0.17019323191440883
exministro jorge,10.021320427535198,9.851220547946644,0.17009987958855355
puesto mesa,10.062122393006197,9.892073362351525,0.17004903065467225
presentar mocion,9.69678137600023,9.526740013290933,0.1700413627092967
bajario num,10.024683684197347,9.854686767398642,0.16999691679870566
serar num,10.099785392463488,9.929809375409153,0.16997601705433496
comunicativo,10.079177673499636,9.909208080493082,0.16996959300655412
corinno zu,10.132257441674891,9.962321567775323,0.16993587389956843
crisis sanitario,9.733724121619451,9.563853165663025,0.16987095595642643
municipio num,10.086841865764214,9.916991110720145,0.16985075504406844
testigo juicio,10.072841831847043,9.903010127952992,0.1698317038940509
dependerar,9.825103366064237,9.655273974435216,0.16982939162902078
hernar,9.794212241261128,9.624439887726163,0.1697723535349649
punto mira,10.063868561084,9.894097313485501,0.16977124759849893
ill,9.884356930587428,9.71461016972481,0.1697467608626173
ill balears,9.884356930587428,9.71461016972481,0.1697467608626173
valla melilla,10.100385629685865,9.930712321332274,0.16967330835359107
sacar presupuesto,10.022205765810382,9.852546208308038,0.16965955750234407
reflexionar,9.485190387359257,9.315564906130051,0.16962548122920573
estrategia partido,9.990792851733353,9.821218679307728,0.16957417242562478
xxi,9.994021147555372,9.824488406431044,0.16953274112432837
irregularidad master,10.073771250676767,9.904278571575848,0.16949267910091947
nacional investigar,10.023877227392784,9.854384786603017,0.16949244078976733
partido rechazar,10.113417742913485,9.94409206041962,0.1693256824938647
extorsionar,10.139038191551196,9.969901776331108,0.1691364152200876
adolfo,9.730095054069462,9.560959510116396,0.1691355439530664
confluencia,9.06823759092016,8.899123244978378,0.16911434594178232
sustituirar,9.81850614032122,9.64940794314524,0.1690981971759804
absoluto num,9.902293959952614,9.733196865014323,0.16909709493829084
alacant,10.09701525544462,9.927939212405917,0.16907604303870372
voto unidas,10.110686861518323,9.94171818352518,0.16896867799314208
dolors,9.534896714215439,9.365991634978943,0.16890507923649523
hora noche,10.128558148634097,9.959708520755452,0.16884962787864488
residir,9.962095393648848,9.793257201206991,0.16883819244185716
homofobia,10.026565703670979,9.857759631628193,0.16880607204278597
partido gobernar,10.09673103347301,9.92805652845034,0.16867450502267012
letrada,10.023533435330586,9.854859538473145,0.16867389685744172
presidente num,10.117568330122166,9.948966992971906,0.16860133715026038
horizonte republicano,10.121558708222286,9.9530074944889,0.16855121373338555
begona,9.932103803904035,9.76363559590583,0.16846820799820428
puerta abierto,9.817402284723267,9.648943922572197,0.16845836215106935
exvicepresident,9.972036355063775,9.803609226304966,0.16842712875880927
revelar num,10.084470733433857,9.916131537814737,0.16833919561912047
valorar,8.782432807042088,8.614146515580474,0.1682862914616141
altavoz,10.165164208846306,9.996879328253751,0.1682848805925552
gobierno bloque,10.101523528993491,9.933342940465351,0.16818058852813955
lista congreso,10.070859350223095,9.902725035355498,0.1681343148675971
organo parlamentario,10.090169170331299,9.922048239204933,0.1681209311263654
oposicion gobierno,10.00024684854552,9.832173496983899,0.16807335156162218
veiar,9.94514896595859,9.777155706536801,0.1679932594217881
posterior consejo,10.104378885915633,9.936446724823716,0.1679321610919171
expectativa electoral,10.058743449902757,9.890856709812851,0.16788674008990512
presidir,8.685494369959116,8.517634837315098,0.16785953264401776
elevo,10.153914031767151,9.986118699260448,0.16779533250670298
gustar,9.13890742000613,8.97113841194834,0.16776900805779071
batacazo,9.948295192555758,9.780604530169885,0.1676906623858727
congreso presidente,10.086911368113562,9.919276434935238,0.16763493317832356
positivamente,9.876524404211825,9.708926294426481,0.1675981097853434
burla,10.166726352886204,9.999130555479383,0.16759579740682184
apuntalar,10.059621759958482,9.892056883390325,0.16756487656815722
querer gobernar,10.075071215699221,9.907555877105121,0.16751533859410017
acto celebrado,9.984109058174768,9.816607538275356,0.1675015198994121
lider sindical,9.974911108608076,9.807438546252696,0.1674725623553801
ayudo,10.161226043702923,9.993902229077422,0.16732381462550094
predecir,10.156341420724567,9.989025072127058,0.16731634859750955
interior gobierno,10.12079025429115,9.9534762324463,0.16731402184484878
propuesta socialista,10.117038307494319,9.949953352584867,0.16708495490945197
atraer,9.4855145587636,9.3184392023246,0.16707535643899973
ave,9.830238879749839,9.663165319560223,0.16707356018961583
europa press,9.955729799124551,9.788702476343062,0.16702732278148957
supondrar,9.886866915663976,9.719841310919053,0.16702560474492323
criticar falta,9.991400666361727,9.824416983469376,0.16698368289235077
rango,9.988812609526635,9.82183033963699,0.16698226988964393
faes,9.869054315498266,9.702075255793611,0.166979059704655
incluyo,9.85664637855227,9.689702190671976,0.16694418788029353
formacion pablo,9.807096426751334,9.640154882996386,0.16694154375494819
diplomatica,9.858573250950732,9.691662715766341,0.1669105351843907
badajoz,9.978857980630378,9.811960187315991,0.16689779331438714
escritora,10.108176436304523,9.941290017341498,0.16688641896302592
iconico,10.139059115584582,9.97218943471955,0.16686968086503207
futuro ejecutivo,10.089850409974074,9.923093010591932,0.16675739938214207
buscarar,10.081416842071501,9.914723241634773,0.16669360043672832
exjefe gabinete,10.08568586737144,9.919020250415006,0.16666561695643445
num esca,9.344059443919914,9.177411285645158,0.16664815827475543
lider conservador,9.749793665003091,9.583168640438847,0.16662502456424377
colar,10.023585252414485,9.856971126220637,0.1666141261938474
apoyo pnv,10.110317237789317,9.94371886623721,0.16659837155210688
exministro interior,9.70202775666998,9.535477936662664,0.16654982000731522
certificar,10.056769460794834,9.890224846629302,0.16654461416553268
sl,9.653394171324694,9.486903801563384,0.16649036976130915
molestar,10.013206665900663,9.846814405370612,0.16639226053005096
estimacion,9.39183064160469,9.225450191401944,0.1663804502027464
inigo urkullu,9.832433314955273,9.66611629946728,0.1663170154879925
abordar reforma,9.993921003677137,9.827610287185365,0.16631071649177187
despu lider,10.03882129800813,9.872545232547516,0.16627606546061457
jorge,9.036234300465487,8.870149226049268,0.16608507441621967
sueno,10.02050941723341,9.854427074407411,0.1660823428259981
actua,9.757241776442571,9.59116127627837,0.16608050016420073
nombra,9.956261407676692,9.790242787996025,0.166018619680667
retirado,9.672808644742762,9.506822732297126,0.16598591244563643
preocupación,9.982537707515869,9.816608154648018,0.16592955286785127
contar minuto,9.993857376894619,9.828008648318272,0.16584872857634636
victoria,8.644919376312407,8.479117511573337,0.16580186473906977
esteril,10.1196475559067,9.953847377207415,0.16580017869928554
parapolicial,9.820183103422279,9.65439633506297,0.16578676835930928
equitativo,9.99230305268137,9.826531009729257,0.16577204295211345
alejandro,9.373620721979849,9.20790392878985,0.16571679318999877
aforamiento,9.824783420926687,9.659084006781608,0.16569941414507916
mayoria independentista,10.029377546436953,9.863684008211557,0.1656935382253959
confinar,10.085208967399257,9.919530303308896,0.16567866409036114
presidente nacional,9.88457114294419,9.71895329092327,0.16561785202091883
adversario politico,9.98269214256006,9.817113507788246,0.16557863477181378
valiente,9.62531465862293,9.459751772182063,0.16556288644086692
portavoz pnv,9.979756720223788,9.814389159994292,0.1653675602294964
incluir medida,9.85113700791428,9.68581307861415,0.16532392930013096
ley aprobado,10.08575630128045,9.920699917959551,0.16505638332089845
asegurar vicepresidente,10.027178938112186,9.86216004345256,0.16501889465962627
perderiar,10.02052237322626,9.855514645618827,0.1650077276074331
manu,10.106275343238593,9.941450462153657,0.16482488108493598
conclave,9.631876340721533,9.46711868843093,0.16475765229060357
apoyo suficiente,9.93464991003003,9.769906129204807,0.16474378082522279
bpa,10.036223583630134,9.871489568589551,0.16473401504058316
trasladado,9.980481328650328,9.81577608292944,0.16470524572088685
lider ejecutivo,9.170465172678849,9.005939411159991,0.164525761518858
sarasola,10.101024895369278,9.936714433235904,0.16431046213337375
fuerte,8.657834552989765,8.49353825035265,0.1642963026371156
solar,10.009074883335977,9.844780057711423,0.16429482562455355
fuerza izquierda,9.88995957266428,9.7257162384489,0.16424333421537973
disputa interno,10.100769448239834,9.936553012497681,0.16421643574215317
unica solucion,10.093788086057844,9.929578884135505,0.164209201922338
leal,9.841807347915406,9.677612542726402,0.16419480518900365
proveedor,9.943753445728632,9.77966172785298,0.16409171787565136
perjudicar,9.343904399886933,9.179823540373476,0.1640808595134562
vistalegre iii,10.092975373151114,9.928895861987908,0.16407951116320696
cerrar campana,10.106005373867728,9.94192763834875,0.16407773551897797
asegurar querer,9.898901889183605,9.73503032347221,0.1638715657113945
reinado,10.122271651908612,9.958460601319052,0.16381105058956003
transexual,9.90202897425226,9.738286204902149,0.16374276935011167
jose,9.899929063388129,9.736232454223911,0.16369660916421758
taxista,10.067120663436391,9.90342754111566,0.16369312232073163
dejar cargo,9.724622275649777,9.560948477962576,0.16367379768720092
simple,9.645142246528104,9.481544546794977,0.16359769973312766
desarrollo economico,10.152537253132717,9.989080724716853,0.163456528415864
silla,9.962999914471037,9.799619641953713,0.16338027251732434
elección autonomica,8.808852192364323,8.64548343375191,0.16336875861241396
gobierno aragon,9.863648149388355,9.700383105709262,0.16326504367909322
contrato num,9.935784415697334,9.77252396370792,0.16326045198941408
academia,9.966588163300921,9.803338970970472,0.16324919233044888
manipulado,10.144724186854496,9.981536801888693,0.16318738496580387
socialista creer,10.093056509032245,9.929948814620605,0.16310769441163941
fernandez manueco,9.662089122548316,9.498993308821959,0.16309581372635762
deber ratificar,10.084050679791527,9.92111350400029,0.162937175791237
respirador,10.052142687747937,9.889208049058828,0.16293463868910862
lamento,10.13569692776803,9.972864784242054,0.16283214352597675
electoral andalucia,9.969119498987476,9.8063312023082,0.16278829667927575
apunte,9.990503380670502,9.827750177909772,0.16275320276072947
aparcado,10.108979973568701,9.946297793931182,0.1626821796375193
perspectiva,9.542229505905697,9.379614680240975,0.16261482566472196
japon,10.197212955453,10.034603626909442,0.16260932854355836
subirio,10.104748357447296,9.942146324551548,0.16260203289574804
emergencia climatico,9.975753635042137,9.813192293064963,0.16256134197717387
acto institucional,10.020446972047823,9.857907038067943,0.16253993397988076
retirar propuesta,10.049550396151414,9.88701697356062,0.16253342259079417
parque nacional,10.04512226564584,9.882821059188068,0.1623012064577729
tedh,9.928883225334404,9.766675319113771,0.1622079062206332
enviado diputado,9.711280505580778,9.549096447912,0.16218405766877808
manuel moreno,10.137434767830602,9.975283833522099,0.16215093430850303
bloqueo politico,10.00908042161259,9.846932144254922,0.16214827735766768
supondriar,9.912192629570843,9.750095635825152,0.1620969937456902
investidura fallido,9.897052098859893,9.734956995689688,0.1620951031702056
comision parlamentario,9.776655296566291,9.614582838142294,0.16207245842399765
jefe gobierno,9.944814121164342,9.782755130958746,0.16205899020559578
num favor,10.040448415646681,9.878410716047089,0.16203769959959224
mateo,9.895806464189524,9.733786160909322,0.16202030328020278
profundizar,9.738507381790965,9.576508115834198,0.1619992659567675
repeticion electoral,9.472412602727601,9.310465999538147,0.1619466031894543
querer presidente,10.115950229962767,9.954257096607565,0.16169313335520208
congelado,9.936836456119538,9.775153839738485,0.16168261638105363
plato,9.983938627691325,9.822352938132955,0.16158568955837005
economia nacional,10.177674422930581,10.0161117215511,0.1615627013794807
juez supremo,10.090193714009505,9.92865320357603,0.1615405104334755
unico debate,10.058661094462774,9.897231604690987,0.16142948977178762
deber seguir,10.115370389019077,9.953979307573496,0.161391081445581
complicado,9.319194356897123,9.157811988309025,0.1613823685880984
buscara,10.013257863718266,9.851891388761848,0.16136647495641832
tensa,10.089307668552363,9.927977208432926,0.1613304601194372
char,10.12199732548246,9.960713579030058,0.1612837464524013
hora reunion,9.95696577260887,9.795777706458162,0.16118806615070724
periodistico,9.903450475345718,9.742340609526154,0.16110986581956332
gipuzkoa,9.922814103379334,9.761784882007966,0.16102922137136844
espana vaciado,10.058204431234177,9.897185782907027,0.16101864832715052
renovacion organo,9.871209739678664,9.710353619734093,0.1608561199445706
apoyo necesario,9.820184400776638,9.65942769723154,0.16075670354509874
visitar,9.186945939802532,9.026242101769176,0.1607038380333563
inmovilismo,10.08033473835249,9.919643122895295,0.16069161545719624
ultraderecha,7.856611977255427,7.695940080426292,0.16067189682913519
obtener apoyo,10.118650876003038,9.958010126223751,0.16064074977928655
titular interior,10.100088902197845,9.939458018519083,0.16063088367876155
moncloa asegurar,10.026286246090434,9.865666133991171,0.16062011209926297
financiacion partido,9.989169326674288,9.828559707129966,0.1606096195443225
esforzar,10.001393458566671,9.840854092726781,0.16053936583988992
tejerín,10.044855089444782,9.884394407889987,0.16046068155479531
cambio criterio,10.037222565516881,9.876813495883523,0.16040906963335821
triste,10.005687319288723,9.84528736752532,0.16039995176340405
poseer,9.872477102937776,9.712112259978891,0.16036484295888442
cortina,10.09204137978442,9.93193229739146,0.1601090823929603
ampliir,10.06057087202848,9.90047706219965,0.1600938098288296
reafirmar,9.436652116872535,9.276598910249804,0.16005320662273093
conviccion,10.09912549471012,9.939076605042747,0.16004888966737418
press,9.95111991373583,9.791111525138763,0.1600083885970669
inmenso,9.916056403037937,9.756100699401683,0.15995570363625333
mes septiembre,9.98306108292267,9.823146138932287,0.1599149439903833
aliado parlamentario,9.83719653586149,9.677388912809747,0.15980762305174423
saludable,10.112775166559363,9.953000582431294,0.1597745841280691
recurrir tribunal,10.057121907263346,9.897395322624364,0.1597265846389817
defraudar,10.056329893224309,9.896610003727238,0.1597198894970706
lengua vehicular,10.086787983970948,9.927079500101792,0.15970848386915648
obtendria,9.720938463256777,9.561249333029632,0.15968913022714482
presidente senado,9.997347424614818,9.837671019476911,0.15967640513790649
magnar,9.865226434345097,9.705652045936352,0.15957438840874438
carta magnar,9.865226434345097,9.705652045936352,0.15957438840874438
distraer,9.973448474240818,9.81392020269002,0.15952827155079774
laguna,9.967752445399586,9.808377941993617,0.15937450340596904
acto organizado,9.828173925323092,9.668809595478335,0.1593643298447578
nicola maduro,10.114379197413681,9.95504167164096,0.1593375257727221
garcia tejerín,10.095830779649111,9.93649971537058,0.15933106427853083
cabeza,8.705460279278828,8.546140045002764,0.15932023427606445
gobierno asegurar,9.147482117285652,8.988184437636104,0.15929767964954777
puerta cerrada,10.016929114657895,9.857673841196325,0.15925527346156976
alba,9.854239290486126,9.6950262671876,0.15921302329852516
hueso,10.08278749064019,9.92359710120171,0.1591903894384803
comisario jefe,10.08294170572667,9.923757980298662,0.15918372542800796
pasion,10.199725874567852,10.040665017153898,0.15906085741395337
acusación popular,10.05347094918726,9.894420578921576,0.15905037026568358
tranquilo,9.549762493127163,9.39078875936908,0.1589737337580832
meta,10.052306938783362,9.893355988537557,0.15895095024580463
suponiar,10.209999612660388,10.051145162849181,0.15885444981120678
volcar,10.011583062613918,9.852735514539534,0.15884754807438384
metropolitano,9.914973028404699,9.75618872890485,0.15878429949984962
lhospitalet llobregat,10.027263818664297,9.868488318698553,0.1587754999657438
ingreso minimo,9.748005226838416,9.589349336235284,0.15865589060313212
remover,10.140025314957661,9.981409642337159,0.15861567262050258
techo gasto,9.654780734268563,9.496258413138989,0.1585223211295741
regulacion precio,9.93306862351162,9.774564832614555,0.1585037908970648
madrid criticar,10.003511603240435,9.845088721271138,0.15842288196929744
tomar control,10.0708728570484,9.912454459419003,0.15841839762939713
hablar politica,10.160596718539734,10.002271473890508,0.1583252446492267
tajante,9.963277965028949,9.804986190747824,0.15829177428112473
universidad otono,10.062576667566194,9.904295769061841,0.15828089850435312
vicesecretario comunicacion,9.63087807673236,9.47281501803646,0.15806305869589998
jugar papel,10.116128712091562,9.95822263027855,0.15790608181301202
iir espinosa,10.043894907517684,9.886035914132439,0.15785899338524523
firmar manifiesto,10.068202385842564,9.910606232745378,0.15759615309718633
disputado,10.166664630611107,10.009103641519532,0.157560989091575
castro,9.701843094064095,9.54438658745216,0.15745650661193622
voluntariamente,9.859280847828352,9.701879660286005,0.15740118754234622
apoyo gobierno,10.02198722554546,9.864681677576623,0.15730554796883744
respectar,9.913875519798045,9.756588995560135,0.1572865242379109
real madrid,9.897846487688634,9.74060009389187,0.15724639379676297
nulo,9.801246857804845,9.644135175597546,0.1571116822072991
restituir,10.01149183404937,9.854385945148504,0.1571058889008654
batasuno,10.065045540851818,9.907960530884287,0.15708500996753116
migracion,9.709800720738505,9.55272487248901,0.1570758482494945
partido madrid,9.806329653554045,9.64927354921755,0.15705610433649397
comision investigar,10.115527491979432,9.958492698615055,0.1570347933643763
presentacion candidatura,10.082351339860486,9.925363535272743,0.15698780458774308
perfil twitter,10.038811185935685,9.881827778181108,0.1569834077545771
transformacion,9.595155322731172,9.438181677292267,0.1569736454389048
feria,10.042320648580722,9.885377125032367,0.15694352354835495
voto num,9.24830439815135,9.09138236569164,0.15692203245970937
alcaldia madrid,9.683178877231695,9.526277379994083,0.15690149723761238
diputado jxcat,10.00443506052549,9.8475949532563,0.15684010726918984
fomento,9.227888745483472,9.071126490716983,0.1567622547664893
tilda,10.03797900204118,9.88122710769762,0.15675189434355907
negociado,9.94709784104542,9.790385933541982,0.15671190750343733
investir,9.298139086052492,9.14146162492881,0.15667746112368164
alegria,10.019639046669056,9.862982942823841,0.156656103845215
avanzo,10.026582450455058,9.870025983872676,0.15655646658238176
sofiar,9.774584078518423,9.618127901409167,0.15645617710925563
vacuna covid,10.060311880224129,9.90388363447206,0.15642824575206937
senador,8.661065927757404,8.504658420709056,0.15640750704834794
aferrir,10.035398020574391,9.879066412721011,0.15633160785337985
num estimacion,9.770848515616034,9.614541169195864,0.15630734642017075
millón voto,9.983216060099224,9.826948119393489,0.15626794070573524
flujo,10.117204670381048,9.960975336260379,0.15622933412066864
extremista,9.956654499697462,9.80045395544923,0.15620054424823238
ejecutivo querer,9.886048774700509,9.729883857973782,0.15616491672672694
federal partido,9.989488900693011,9.833359666945322,0.1561292337476896
companera,9.978859822160766,9.822733102009444,0.15612672015132212
partido num,9.78726127162339,9.631134738140723,0.15612653348266647
electoral comunidad,10.098088252548884,9.941975764803658,0.1561124877452258
navarra sumar,10.078784649397234,9.922735459813872,0.15604918958336178
rafael hernando,9.944832348605479,9.788884352371195,0.1559479962342838
palma canaria,10.043649392686168,9.887730068006698,0.1559193246794699
levante,10.089283504823584,9.933436936282467,0.15584656854111678
asegurar juez,10.100293054124345,9.944508559708481,0.1557844944158635
delito malversacion,9.924194557751534,9.768434034377366,0.1557605233741679
debilitado,10.125288042647927,9.969594737513908,0.1556933051340188
organica,9.917460225135967,9.761778366774687,0.15568185836128023
pedirar,9.790673602794751,9.63510336175763,0.1555702410371218
parlamentario gobierno,9.90553369966925,9.749974156846305,0.15555954282294593
correcto,9.54083101763846,9.385364300638228,0.15546671700023218
frente partido,9.953091832360254,9.797748665469344,0.1553431668909102
mentir,9.635757009088898,9.480417679590687,0.1553393294982115
salvador,8.993296505850592,8.838020809581511,0.1552756962690811
puntual,9.780444400135716,9.625235152489624,0.15520924764609134
publico energia,10.075096109259002,9.920003774861515,0.15509233439748726
medida estrella,10.101888785222114,9.946812981426229,0.15507580379588504
adopcion,10.035961057036639,9.880922030517517,0.1550390265191215
retirada medalla,10.12114968293747,9.96611652316567,0.15503315977179888
polemica declaración,9.98579027524,9.83079329508008,0.15499698015992003
causa tandem,9.986113377043251,9.831258802923353,0.15485457411989856
participacion politico,10.08408572534446,9.929308659829914,0.15477706551454595
control parlamentario,10.050698292149391,9.895940275058113,0.1547580170912788
folio,10.06698322600944,9.91228025710907,0.15470296890037005
madrid presentar,9.876982899700382,9.722280824668077,0.15470207503230426
falta voluntad,10.067773008113821,9.913099892377037,0.15467311573678444
madrid defender,9.910509152185478,9.755853678274121,0.15465547391135637
ministerio transporte,9.959837039662665,9.8052794723848,0.1545575672778643
reflejado,9.978538070052425,9.82403217755845,0.15450589249397417
interno partido,9.772153131956282,9.617666575048444,0.15448655690783752
documento num,10.033060662135497,9.878591520268674,0.15446914186682292
socialista,6.912606769906571,6.758140749005915,0.15446602090065564
competidor,10.133154733407158,9.97871646323782,0.1544382701693383
constructor,9.938011276629684,9.783604103738675,0.15440717289100903
pleno municipal,10.015971777673265,9.861652170836226,0.1543196068370385
alusión,10.033915535742963,9.87968825591494,0.15422727982802265
incomodo,9.96156661845538,9.807398639511979,0.15416797894340206
adversario,9.5907745886432,9.43672933456299,0.1540452540802093
optimismo,9.841834468903986,9.687901466105096,0.15393300279889033
rival politico,10.028637654996205,9.874770600679138,0.15386705431706638
predecesor,9.763172899023285,9.609342812667451,0.15383008635583373
alegato,10.096869637871578,9.943045129308942,0.15382450856263574
crisis,7.949747700963342,7.7959540045786255,0.1537936963847164
resistir,9.579231527951627,9.42545422560704,0.15377730234458653
beneficiado,9.76183955960624,9.608076223935686,0.1537633356705541
reproduccion,10.250679830222344,10.09692179700967,0.15375803321267334
variable,9.786637670507778,9.63288800821735,0.1537496622904282
agresivo,9.94099108116395,9.78728949803326,0.15370158313069027
publico informar,10.066101649289514,9.912450687912408,0.15365096137710665
partido comunidad,10.025036337753653,9.871389636883334,0.1536467008703184
destrozo,10.055371437981204,9.901796110197996,0.1535753277832086
asuntos,9.151920905919825,8.998369020204935,0.1535518857148901
polemica,8.455041485225014,8.301522323381638,0.15351916184337533
expediente sancionador,9.882926619011853,9.729584104715018,0.15334251429683476
hundimiento,10.102418472563707,9.949102642455692,0.1533158301080153
fuente consultado,10.045492867904485,9.892219362054272,0.1532735058502137
junts per,9.82622122089704,9.672953082663533,0.15326813823350705
madrid considerar,9.874807983176526,9.721539964309857,0.15326801886666885
sancionador,9.670294080106812,9.517068684956211,0.15322539515060107
traje,10.165017256612355,10.011816262308006,0.15320099430434908
consejero hacienda,9.976839272399765,9.823756025910034,0.15308324648973048
dimisión,9.922058346882334,9.768975786572177,0.15308256031015688
separacion,9.863138567095653,9.710070490057328,0.15306807703832526
num nueve,10.156022713027207,10.002963567993024,0.15305914503418272
albar,9.954404341840101,9.801356347503853,0.15304799433624794
obtendria num,9.812970580957261,9.659947114881822,0.15302346607543882
conducir,9.735069525985516,9.582111419231511,0.15295810675400467
sellar,10.000014645612112,9.847070312135946,0.15294433347616554
portavoz gobierno,8.98940327927084,8.83653136985276,0.1528719094180797
pensado,9.97976369405549,9.827032564782668,0.15273112927282284
manga,10.134647273538343,9.98203906857248,0.1526082049658637
meter,9.665496534966532,9.513008463453527,0.15248807151300525
elección madrid,9.924998518588454,9.772518628613453,0.15247988997500173
ministra sanidad,9.46461731163114,9.31217281220164,0.15244449942949956
avalado,9.872658257288185,9.720329036049906,0.1523292212382792
designado,9.797984469023408,9.64565811981509,0.15232634920831778
reconocido prestigio,10.083612424795689,9.93135709042113,0.15225533437455852
empresario adriar,10.180627217311624,10.02859999321099,0.15202722410063352
asimilar,10.094402307803943,9.942412752853128,0.15198955495081456
estrella,9.622254380043438,9.470402756515039,0.15185162352839932
organización politica,10.108911175375711,9.957141318098406,0.15176985727730496
gobierno ciudadano,9.910702539611862,9.7590154751427,0.15168706446916147
censura presentado,10.029911037977772,9.878310600205111,0.15160043777266097
num unidas,9.557686643223283,9.40612678083387,0.1515598623894121
afirmar lider,9.797227484362153,9.645833318349593,0.15139416601255995
arremetir,9.275765970170905,9.124496773027149,0.15126919714375653
transparencia,8.796447410722651,8.645211727219886,0.15123568350276528
querio,9.832324936360665,9.681104190221332,0.15122074613933378
denunciar gobierno,10.052163808135731,9.901051930086663,0.15111187804906834
girar,10.002348598421683,9.851299220564853,0.1510493778568307
deducir,10.018556876990589,9.867516637092091,0.15104023989849757
gava,10.068197969297193,9.917168622331598,0.15102934696559522
rogado,10.041501658006142,9.890473058069944,0.15102859993619866
voto rogado,10.041501658006142,9.890473058069944,0.15102859993619866
okdiario,10.057672807059458,9.906702974258762,0.15096983280069587
ultraconservador,9.737883111433,9.586967480225054,0.15091563120794582
titularidad,9.729329656412947,9.578463994746464,0.15086566166648296
protagonizado,9.936603504144598,9.785817766450256,0.150785737694342
candidato popular,9.92321898147479,9.772672748165958,0.1505462333088321
aprobar viernes,10.029789597848623,9.879419964633744,0.15036963321487917
adscrito,9.723158467497125,9.572838770526925,0.1503196969702003
convenir,10.046800638776029,9.896499011022767,0.1503016277532616
componente,10.000561653245622,9.850304566086637,0.15025708715898567
tendria,10.02094880989034,9.870722003967975,0.15022680592236526
embarazo,9.679063229691742,9.528864150604981,0.1501990790867609
presentador,9.932374405185328,9.782179956257815,0.15019444892751288
ciento mil,10.254013915627613,10.103985786070742,0.15002812955687084
nombrado,9.726552707954927,9.576609191244184,0.14994351671074213
consensuar,9.81465806061868,9.664750231092134,0.1499078295265459
interesar,9.930123763665657,9.780285939801832,0.14983782386382494
mayoria absoluto,8.627590045341574,8.477753716541619,0.1498363287999549
hermetismo,10.083535208898187,9.933719497995817,0.14981571090237011
negociacion presupuestario,10.00070606664213,9.850923668387159,0.14978239825497042
ampliar num,10.097756235872179,9.948009153538688,0.14974708233349077
pedir explicación,9.663023233458114,9.513346462433322,0.14967677102479193
tono,9.086771994968945,8.937120204918928,0.14965179005001694
ii republico,9.837638783998067,9.688159047792498,0.14947973620556887
espacio izquierda,10.019620199264576,9.870173330923752,0.14944686834082432
caer num,10.122286982273272,9.972885787686877,0.14940119458639423
permanentemente,10.103906518017396,9.95451532206814,0.14939119594925643
santamaria,9.199012349078428,9.0497078376045,0.14930451147392887
quedariar num,9.983421236615452,9.834158671609671,0.14926256500578106
secretario autonomico,10.063354665800164,9.91416409310841,0.1491905726917544
manuel,7.944311313054674,7.795186787038305,0.14912452601636872
entrariar,10.097472526629629,9.948458097354422,0.1490144292752067
ilegalizar,10.012263937857451,9.863358677045223,0.14890526081222788
sara,10.010598741050684,9.861756091627123,0.1488426494235604
vicepresidente pablo,9.797336799946944,9.648495468310808,0.14884133163613633
perir,10.074084184689381,9.925246400975885,0.1488377837134962
materializar,9.726836008312572,9.578090451499422,0.14874555681315016
acusado juicio,10.04166413719596,9.893085378905846,0.1485787582901139
respuesta enviado,9.64354413340107,9.494971658199402,0.14857247520166794
diputado popular,10.041402584916543,9.89284466133987,0.1485579235766732
profundidad,9.830665619180266,9.682110867346667,0.14855475183359879
decena mil,10.082872635147039,9.93433202871354,0.14854060643349953
deber pasar,10.08115469019245,9.932671317791234,0.14848337240121623
martinezalmeida,9.861725198403546,9.713252248854245,0.14847294954930135
gobierno seguir,9.848565810520828,9.700105624117715,0.14846018640311343
num jo,10.142798582082802,9.994341574604999,0.14845700747780377
lista madrid,10.030077425924743,9.881688948440894,0.14838847748384865
cuarto fuerza,10.034203743167536,9.885820310930617,0.14838343223691908
conflicto territorial,9.960033272019507,9.812039802570025,0.14799346944948155
americano,9.973908361876088,9.825943010227705,0.14796535164838254
prematuro,10.012482748862386,9.864550460622272,0.1479322882401135
cuestionar,8.960976148827012,8.813225657638354,0.14775049118865802
tradicion,9.940046407640684,9.792301267869021,0.14774513977166315
naturaleza,9.732997435423282,9.58543560091898,0.14756183450430171
colega,9.905306411709397,9.757784566418541,0.14752184529085532
agenda social,9.991270576309137,9.843799106559402,0.14747146974973546
intrafamiliar,10.120857231700453,9.973420118777245,0.1474371129232086
violencia intrafamiliar,10.120857231700453,9.973420118777245,0.1474371129232086
antena,10.04288195743256,9.895525932084409,0.1473560253481505
narcotraficante,10.09638147067423,9.949121202781983,0.14726026789224633
coordinador,8.649003921281926,8.501965668939155,0.1470382523427709
desgaste,9.71017112658921,9.563138570597518,0.14703255599169118
musculo,10.095124716498342,9.948176917768393,0.1469477987299488
gestion gobierno,10.022592013169776,9.875677378237103,0.14691463493267243
jxcat cup,10.000805339457989,9.853916852154722,0.14688848730326676
increible,10.225270696071737,10.07842582892848,0.1468448671432565
presentar informe,9.979125664974433,9.832302046685415,0.1468236182890177
amiga,9.726004176709337,9.579205312609686,0.14679886409965093
inversion,8.987143331855963,8.840382588558342,0.14676074329762123
pedir voto,9.953065606114682,9.806306191179845,0.1467594149348379
irpf,9.462989677259202,9.31635590143742,0.1466337758217815
ley lgtbi,10.10826384728109,9.961686526952786,0.14657732032830495
acosar,10.134652941869268,9.988092440501237,0.14656050136803067
fracasar,9.762998163046294,9.61645122874857,0.14654693429772436
relato,9.347616486895692,9.201132884550145,0.14648360234554758
riva,10.041913794687845,9.895569838508044,0.1463439561798019
adoctrinamiento,10.04709470246578,9.900762368534492,0.1463323339312872
manuel villarejo,9.746351947606254,9.600051575882139,0.1463003717241147
batasuna,10.060862429688237,9.914641412550226,0.14622101713801072
ferrera,10.06096835658741,9.914776962486174,0.14619139410123516
mercedes,9.872712448648201,9.726625937225743,0.14608651142245854
dividir,9.511917646515244,9.365846137548468,0.14607150896677545
comunidad cientifico,10.163771925066413,10.017760956884135,0.14601096818227788
tolerar,10.069113668726123,9.923132043697441,0.14598162502868206
millón persona,9.675932257280202,9.53017591141165,0.14575634586855202
advertencia,9.87812210394525,9.73244941952001,0.1456726844252394
fabricar,9.98209946361645,9.8364929342096,0.14560652940684982
proz tribunal,10.106205174348535,9.960613600816332,0.14559157353220264
ossorio,10.007110451373403,9.861543344005534,0.14556710736786904
erradicar,9.96141932025324,9.815879416566162,0.14553990368707836
secretario comunicacion,10.025977309332783,9.880444259383857,0.14553304994892535
afirmar presidente,9.646970921229602,9.501458247069024,0.14551267416057811
emisión gas,10.05944607624256,9.913988104249368,0.1454579719931921
kichi,10.015723013176743,9.870336917053452,0.1453860961232909
acreditacion,10.052453995678686,9.907216821407877,0.14523717427080918
rito barbera,10.02587986029959,9.880669471887842,0.14521038841174772
experta,10.064942935738527,9.919790718524006,0.14515221721452143
piel,9.821722845077977,9.676621810036318,0.14510103504165883
formacion ultra,9.987421005367375,9.842415876433712,0.14500512893366313
youtube,9.879493017190036,9.734558941326734,0.14493407586330243
jefe oposicion,10.042267826538891,9.897430233504148,0.14483759303474386
viva,10.093898371516895,9.949155991857609,0.14474237965928616
rebaja pena,10.006262296132288,9.86158177402169,0.14468052211059756
trece,9.747668281130329,9.60308861240377,0.1445796687265588
setenta,10.055089915956279,9.910544263584288,0.14454565237199013
habra,9.388912677032389,9.244444822566301,0.1444678544660878
lluis puig,10.044654508692664,9.900250574338106,0.14440393435455867
gracias,8.851185418914852,8.706822938104212,0.1443624808106403
publicamente,9.462243829387594,9.31795409675766,0.14428973262993416
renuncio,10.136936734255949,9.992651749326658,0.14428498492929087
guanyem badalona,10.052725536054943,9.908649231218831,0.144076304836112
decepcion,9.892342730404037,9.74829030672826,0.14405242367577742
zu saynwittgenstein,10.108675950418808,9.964624126125312,0.14405182429349672
buscar,7.7237540607563595,7.579733586861045,0.14402047389531436
feliz,10.010200845624178,9.866261189926178,0.14393965569800038
satisfaccion,9.900381310763276,9.756537554829405,0.14384375593387055
asiento,9.811114742638537,9.667345782305583,0.14376896033295417
peligrar,10.084985496830933,9.94127147844566,0.14371401838527298
dín bousselham,10.106470153141373,9.96280048403834,0.14366966910303347
ley violencia,9.987176357317626,9.84368276438285,0.14349359293477626
perdon,9.548167892769031,9.404684091377238,0.14348380139179362
repercusion,9.930950039625111,9.787503696495989,0.1434463431291224
situo,9.459068305613629,9.315701143028763,0.14336716258486604
surgir,9.5993344954419,9.456032931191872,0.14330156425002727
pactado,9.177943144084018,9.034731231288314,0.14321191279570478
espana querer,10.020922221461278,9.877745311945064,0.14317690951621387
estara,10.071202370206802,9.92806154491962,0.14314082528718153
vergonzoso,10.000737764320846,9.857718766996397,0.14301899732444845
querella presentado,10.082424762456847,9.939409793784996,0.14301496867185115
involucrado,9.869084669817774,9.726075385855514,0.1430092839622592
arrendamiento,9.991168128571122,9.848198523439336,0.14296960513178547
agenda urbano,9.806286289833354,9.66335646601632,0.14292982381703467
renfe,10.045937659974031,9.903015654560631,0.14292200541339994
horizonte,9.579748061285962,9.436867679123345,0.14288038216261612
exhumar resto,10.031733125864978,9.888870213901155,0.14286291196382273
consejera igualdad,9.963328609210992,9.820503602323125,0.14282500688786648
pagar gasto,10.067346679888143,9.92453303650414,0.14281364338400238
polaco,9.78987082333626,9.647085447268028,0.1427853760682325
amor,9.887297520251593,9.74457082456726,0.14272669568433294
incorporo,10.094939614301591,9.952255312570982,0.14268430173060942
pediro,9.976130414625354,9.833482039790011,0.14264837483534265
remodelacion,9.874360004282039,9.731735750937471,0.14262425334456807
rondar,10.12515065899421,9.98272306261681,0.14242759637740043
importancia,8.913610622329529,8.771274349982923,0.14233627234660595
circulo,9.64979377540758,9.507470045375523,0.14232373003205723
panico,10.217579514239837,10.0753066094973,0.14227290474253707
antonio gimenez,10.13452874331457,9.992289042261302,0.14223970105326877
gimenez raso,10.13452874331457,9.992289042261302,0.14223970105326877
destacado,9.360636007416915,9.218397441873746,0.1422385655431686
tramitacion congreso,10.036216728429478,9.894132789592145,0.14208393883733272
emplazar,9.546864497162963,9.40487805320741,0.1419864439555525
alianza atlantico,9.87007936792485,9.728123500000123,0.14195586792472703
comu podem,9.123794897561936,8.981921112611657,0.14187378495027936
reunion comite,10.03161085932396,9.88981687520717,0.14179398411678967
sevillano,10.08225186134984,9.940599060771355,0.14165280057848584
progenitor,10.061937589459301,9.920320819683743,0.14161676977555793
fortuna,9.257865991753254,9.11625567854161,0.14161031321164508
inmigrante,9.661824942389995,9.520231837293007,0.14159310509698741
litro,10.153402533971379,10.011933397237375,0.1414691367340044
exteriores jo,10.043173897066533,9.901718385933014,0.14145551113351829
iniciar campana,10.101742084248894,9.960315238474267,0.1414268457746264
distinción,9.912460155576166,9.771124987507191,0.1413351680689754
rebelde,10.156711112081691,10.01540792313422,0.14130318894747163
asegurar ministro,10.086205943413532,9.945070866405894,0.14113507700763783
facilitar investidura,9.778053382226183,9.636983359452234,0.14107002277394898
usado,10.036309852298702,9.895261775239465,0.14104807705923683
diez minuto,10.098504881089381,9.957578167699749,0.14092671338963214
postura,8.746788966576021,8.605937632482712,0.14085133409330908
dictador,8.534728096369884,8.393932529217416,0.14079556715246788
atletico,10.175357380222792,10.034601291830462,0.14075608839232956
gobernar,8.049484316297816,7.908785044338855,0.14069927195896081
economico gobierno,10.06309156889276,9.922418959450843,0.14067260944191773
casa real,9.034965664460787,8.894338219599272,0.14062744486151502
iva,9.540632573674943,9.400062046741988,0.14057052693295446
cara visible,10.082966834015302,9.94246163590801,0.14050519810729156
fuerza cuerpo,10.056282467296985,9.915812168946912,0.1404702983500723
martinezmaillo,9.91269550922553,9.772328164074722,0.14036734515080873
partido considerar,9.875569270991575,9.735220859824343,0.1403484111672313
liderar partido,9.893731061363914,9.75345734575421,0.1402737156097036
ejercer acusacion,9.927772112910548,9.787540566887252,0.1402315460232959
pedira,10.04772371997176,9.907647902599582,0.14007581737217834
mitad num,10.105823415946713,9.965755987497005,0.14006742844970788
report,10.058169621317408,9.918109002791324,0.14006061852608376
social gobierno,10.143556458569874,10.003595922727827,0.1399605358420466
directiva,10.025876481949787,9.885952190079525,0.1399242918702619
open,9.997572039919518,9.857789424936824,0.1397826149826944
gobierno cambio,10.091069717182691,9.951400579587405,0.13966913759528587
pelotazo,9.934658280591671,9.795033134435164,0.1396251461565079
fallido,9.550754812303948,9.411173190567464,0.13958162173648425
lealtad,9.703434585311372,9.563879185904922,0.13955539940645068
maria jesus,9.183211398763502,9.043730666620338,0.1394807321431646
facil,9.534791608723504,9.395338359599336,0.139453249124168
prestigio,9.912278538942411,9.772833947321656,0.13944459162075518
abrir investigacion,9.729971133213839,9.590571717837095,0.13939941537674372
inminente,9.642768282881766,9.503454556311745,0.1393137265700215
informatico,9.443926221838264,9.304732937370362,0.13919328446790225
monarca,8.809041843319365,8.669877967725787,0.139163875593578
neutral,10.060554317952375,9.921466226558545,0.13908809139383038
improcedente,10.0415719965917,9.902604223420173,0.13896777317152598
adriar,9.852455864117262,9.713559105889647,0.13889675822761482
colaboracion,8.94312351577135,8.804265008217495,0.13885850755385398
andalucia afirmar,9.9238144645259,9.785023500328466,0.13879096419743497
moción censura,10.115979401383942,9.977205343797175,0.13877405758676709
congreso partido,9.90551708233345,9.76679004133568,0.1387270409977699
meca,10.076481721688388,9.93780121547927,0.1386805062091181
correa,9.393215533336551,9.254558661188963,0.13865687214758893
diferenciar,10.012259181943124,9.873619948376431,0.1386392335666926
vicepresidenta ejecutivo,10.01314720905378,9.874674178589364,0.13847303046441617
miembro partido,9.906997567695916,9.768525111352927,0.13847245634298844
reforma laboral,8.717783049175953,8.579365729203142,0.13841731997281137
experimento,9.968897554813182,9.830539987953484,0.1383575668596979
confederal,8.726563558395785,8.588241751581133,0.1383218068146519
enterar,9.969363373082496,9.831045192857227,0.13831818022526932
perder punto,10.101969161302467,9.963699493734165,0.13826966756830217
proclamacion,9.838278594522027,9.700068432224692,0.13821016229733551
coronaviru,10.205377614086897,10.067169518092035,0.1382080959948624
toalla,10.110365591766245,9.97247422553076,0.13789136623548437
desigual,10.125761037649484,9.987893332428401,0.13786770522108327
abuelo,9.935841552030041,9.798071979999563,0.13776957203047857
exnumero,9.945362849437295,9.807625246226655,0.1377376032106401
filtrar,9.900189205925159,9.762550441944363,0.1376387639807959
tomar declaracion,9.919678101607873,9.782048619010558,0.13762948259731544
desgranar,9.847336865063879,9.709802516000723,0.13753434906315576
grupo ultraderecha,9.955937613476898,9.818427335207593,0.13751027826930518
semejante,10.166113642485017,10.028654747353112,0.13745889513190512
copiar,9.991286636390525,9.853844851211948,0.1374417851785772
convencimiento,9.99177012545396,9.854421909423504,0.13734821603045688
atravesar,9.813751769053193,9.676507464072499,0.13724430498069395
investigar operacion,10.126429267715569,9.989268699897726,0.13716056781784225
coherente,9.960841209905023,9.823681938873396,0.13715927103162784
mala,9.877562644271894,9.740404991976192,0.1371576522957021
dejar num,10.072739453446246,9.935596122184997,0.13714333126124956
morocho,10.065093945603504,9.927979212095341,0.13711473350816306
cocinar,10.183701532018473,10.04660829452842,0.13709323749005264
hombre fuerte,10.018729793544788,9.881718193575397,0.13701159996939083
villalonga,10.116530280067314,9.979626666708667,0.13690361335864765
votar martes,10.091530844718603,9.95468262185629,0.13684822286231402
reunir lunes,10.081509002675695,9.944773338140047,0.13673566453564767
iniciativa presentado,10.02378924742599,9.887067724091086,0.13672152333490395
gobierno querer,9.763183686019282,9.626493932119594,0.13668975389968807
descalificacion,10.095435794566576,9.9587506811291,0.13668511343747625
ligado,9.74097043300105,9.604338033407716,0.13663239959333318
clinton,10.08583497391407,9.949209313975837,0.1366256599382325
enriquecer,10.104305626831293,9.967741501063298,0.13656412576799504
estremera,10.05175561491124,9.9152197002094,0.1365359147018399
ilicito,9.750315889748492,9.613878721761122,0.1364371679873706
renunciar,8.781481130392127,8.645070748529653,0.13641038186247378
espectacular,10.180239865007872,10.04385963669243,0.13638022831544205
arriesgar,10.237970774506614,10.101632480349288,0.13633829415732635
comprension,10.112954401938046,9.976665646195809,0.1362887557422372
defendio,9.635511890380846,9.499225716420476,0.1362861739603698
supondrio,9.705523685568098,9.569306465473657,0.1362172200944407
villa,9.502695986199907,9.366522876757058,0.13617310944284888
juvenil,9.826258907112171,9.690087702766872,0.13617120434529895
escandaloso,10.115771266550956,9.979622780231347,0.13614848631960896
partido formar,10.022488878301475,9.886565863417992,0.1359230148834829
retiro,10.06202088724285,9.926153704007158,0.13586718323569258
num domingo,10.100374404893266,9.964723026855493,0.13565137803777283
equilibrado,9.928297615302606,9.792742444345336,0.13555517095726977
encontrar situacion,10.096413419463884,9.960952012079181,0.13546140738470314
llegar semana,10.072842004913284,9.937383051600682,0.13545895331260205
concluyo,10.044853113604482,9.90946974880869,0.13538336479579272
movimiento feminista,9.761571365617003,9.626205542976098,0.1353658226409049
televisión,10.110395454801187,9.975127889250771,0.13526756555041608
iniguir,9.912942340775219,9.777679746887225,0.1352625938879939
letrado camara,10.04204871767965,9.906794179600665,0.13525453807898558
ropa,10.036039659058064,9.900792291325953,0.1352473677321111
atresmedia,10.001697585462042,9.86648832923007,0.13520925623197222
habilitado,10.048205363039164,9.913024242233243,0.13518112080592104
entrevista publico,9.232788310472106,9.09787079226205,0.13491751821005593
medias,10.082674583804035,9.947761937693247,0.1349126461107879
votar favor,9.198042892030264,9.063163435290448,0.1348794567398155
moreno bonilla,9.510993655124254,9.37625627051772,0.1347373846065345
puesto salida,10.054679741129398,9.91995068362944,0.13472905749995867
ohl,9.921723572225881,9.787095523266391,0.13462804895949
serie medida,9.852111180049137,9.717548492160985,0.1345626878881525
compromiso adquirido,10.033431391651199,9.898953635706214,0.13447775594498523
social agenda,9.449926149847272,9.315583514443741,0.13434263540353086
juan villalonga,10.153060017087691,10.01872579694188,0.13433422014581176
desbancar,9.977239150627105,9.842985962165864,0.13425318846124057
vender,9.201961154827417,9.067798167935434,0.13416298689198314
zamora,10.020802924698444,9.88677258724277,0.13403033745567328
vicepresidenta yolanda,9.9836886021935,9.849667685878925,0.13402091631457402
cautela,10.084014763281864,9.950034750535625,0.13398001274623894
logro,9.533789747059831,9.399869626635729,0.1339201204241025
inyectar,10.082825038742458,9.94892238246352,0.13390265627893783
dirigente popular,9.61775404106994,9.483897390967357,0.13385665010258307
triple,9.89947732569566,9.765859593858035,0.13361773183762438
variedad,10.190280085019767,10.056667766079531,0.1336123189402354
comite federal,9.508503609645688,9.374921968347689,0.1335816412979991
auge,9.540148440006078,9.406592414584967,0.133556025421111
significar,9.616632029623494,9.48309618823642,0.13353584138707397
cantera,9.938563182569064,9.80510293956302,0.13346024300604498
ano tratar,10.17058002845989,10.037135082046834,0.13344494641305538
querella criminal,10.025568779197679,9.89214183507892,0.13342694411875833
madrid rechazar,9.978618665370648,9.845220303597479,0.13339836177316933
relación laboral,9.93470910383019,9.801521686569526,0.13318741726066463
reto demografico,10.0113572584049,9.878280625446292,0.13307663295860728
promocion,9.402708369195299,9.269642330207793,0.13306603898750602
navidad,9.417198113084659,9.284168328139078,0.13302978494558104
buscar formula,9.94457605219782,9.811557267258058,0.13301878493976282
augurar,9.553867617973705,9.420870153218653,0.1329974647550518
posicion partido,9.744138195708915,9.611161072471623,0.13297712323729272
institución publica,10.162698546836424,10.02979804525165,0.13290050158477307
comision reconstruccion,9.792616068294832,9.659824692174888,0.1327913761199433
harar,9.503657080673857,9.370888901366145,0.13276817930771223
regulacion alquiler,9.867752095639286,9.734991444564965,0.1327606510743209
contraer,10.172668078191275,10.039926238907022,0.13274183928425387
quebrar,10.075887881441725,9.943186291384892,0.13270159005683269
discrecion,9.87122879002242,9.738548231207979,0.13268055881444063
premiar,10.012043589179706,9.879393188209749,0.13265040096995762
lhospitalet,9.893762705591868,9.76111575060037,0.1326469549914986
acto central,9.992708711390902,9.860154421011915,0.13255429037898736
deslizar,10.067781485179722,9.93528536139383,0.13249612378589148
visitante,10.08721274567441,9.954755211917638,0.1324575337567726
reconocer gobierno,10.057259632516606,9.924802219476623,0.13245741303998315
gobierno camara,10.049211290580685,9.916825309641247,0.13238598093943743
ministerio dirigido,10.067236020948657,9.934856929700178,0.13237909124847924
prima,10.057853145972874,9.925492672690932,0.1323604732819419
ranking,10.025613298488233,9.893326632586394,0.13228666590183913
conteniar,10.063065334890535,9.93079117913496,0.13227415575557444
indeciso,9.826116376615111,9.694046744889715,0.13206963172539687
definido,9.88344473969769,9.751375502069234,0.1320692376284569
seleccionar,10.13108198609269,9.999035533079342,0.1320464530133485
escalonillo,10.039340882457491,9.9072997346889,0.13204114776859122
inventar,9.965708354811966,9.833702964278363,0.13200539053360316
gobierno alcanzar,10.049953069003427,9.918061317249318,0.13189175175410917
pesetas,10.022119986421913,9.89025560871552,0.1318643777063926
localidad madrilén,9.982277937796567,9.850456587944139,0.13182134985242833
basura,9.876000511555551,9.744236995232134,0.1317635163234172
quedario,9.934926770703989,9.803217622675236,0.13170914802875267
urbana,10.039761174290767,9.908160727327482,0.13160044696328477
guardia urbana,10.039761174290767,9.908160727327482,0.13160044696328477
estabilidad presupuestario,9.88784879152547,9.756267230779505,0.13158156074596405
incluiran,10.06262664153811,9.931175571817196,0.1314510697209137
atribuido,10.102016463564553,9.970600038987962,0.13141642457659053
chamberi,10.029306716887024,9.897968509687875,0.1313382071991498
ganancia,10.096406244898523,9.965084454150388,0.13132179074813521
exponente,10.112508085464098,9.981271808388312,0.13123627707578578
politica economico,10.052556919303154,9.921331946706683,0.13122497259647048
celebrar consejo,10.042202403389172,9.910999343978668,0.13120305941050425
culpa,9.502076634264919,9.370973854582274,0.13110277968264406
politica vivienda,10.034246362215615,9.90314448547796,0.13110187673765594
recargo,10.12336676705763,9.992323436038472,0.13104333101915877
impulsar,8.501004935654707,8.369981991831635,0.13102294382307278
prolongar,9.772781428415566,9.641773595095593,0.13100783331997334
lopez hierro,9.927288354589319,9.796299095290564,0.1309892592987545
contentar,9.922652655475906,9.79170061337382,0.130952042102086
mentira,9.367798844646131,9.23691184271304,0.13088700193309144
amnistia fiscal,10.0157076095055,9.884874775489754,0.1308328340157452
gobierno madrid,9.623165046618928,9.492359164749754,0.13080588186917375
energia,9.102228107583503,8.9714939061385,0.13073420144500325
desmarcar,9.421007149145991,9.290333787262542,0.13067336188344925
ganario,9.5350031946303,9.404346886493855,0.13065630813644624
liderazgo partido,10.029655027943736,9.899049673671398,0.13060535427233866
dependiente,9.858978220831851,9.728408846992346,0.13056937383950462
aficionado,10.12990136358647,9.999354880727383,0.13054648285908677
senalar lider,9.96002299607256,9.8294824861581,0.13054050991446076
oir,9.661488931730545,9.530964643309359,0.1305242884211868
martes congreso,10.013367054964256,9.882879656684675,0.13048739827958045
lozano,10.06096797336586,9.930552647297642,0.13041532606821882
bastar,9.689019184746815,9.558659925481802,0.13035925926501335
evo,10.15986056408543,10.029631427457383,0.1302291366280457
comision bilateral,10.05978450619986,9.92960228132467,0.13018222487519004
racismo,9.823650650224966,9.693482597816368,0.13016805240859775
siglo xxi,9.999239492967343,9.869107975255789,0.13013151771155407
gobierno ayuntamiento,10.050972830006156,9.92093459311635,0.1300382368898063
ministro unidas,10.012143246933258,9.882112757563206,0.13003048937005168
contradiccion,10.001368224897464,9.871425397638076,0.12994282725938788
presentar dimision,10.031586913268079,9.90170686566647,0.12988004760160798
esperar,7.857581140640729,7.727722451670423,0.12985868897030617
diar num,10.108563728932612,9.978729386975333,0.12983434195727916
flamante,9.970739572368908,9.84102374560805,0.12971582676085802
pleno camara,9.630280318275927,9.500650809508057,0.12962950876787005
distintivo,10.123696215587122,9.994180035811143,0.12951617977597962
contactar,9.764523256426997,9.635014841641905,0.1295084147850929
confeso,10.052118622889527,9.922643470560923,0.12947515232860418
traslado resto,10.084222857764704,9.954833560200242,0.1293892975644617
entrevistamos,9.90629276882578,9.777040344946215,0.12925242387956537
problematica,9.990504821025041,9.861335947967573,0.12916887305746805
reactivacion economico,10.057481394468581,9.92831473371272,0.12916666075586214
tablero,9.890913579462454,9.761796663654353,0.12911691580810114
reelegir,9.980313611224425,9.851204969806872,0.1291086414175524
pp pedir,9.57128618406825,9.442224645752724,0.12906153831552558
cancha,10.228790354060644,10.099737962279184,0.12905239178146033
gozar,9.71370872752592,9.584657991290294,0.12905073623562657
comparecer testigo,10.025490542483245,9.896469469001321,0.12902107348192438
acabar legislatura,9.96531210987743,9.836303374691742,0.129008735185689
miembro ejecutivo,9.814398956443862,9.685442297746716,0.12895665869714534
presidencial,9.71277832563574,9.583966233527173,0.1288120921085678
gobierno comprometer,10.012507048655541,9.883760096537253,0.1287469521182878
reproche,9.49381939158877,9.365083525698205,0.1287358658905653
numero policia,10.103300142116211,9.97461502644064,0.12868511567557128
banca privado,10.008134506865463,9.879472503844635,0.1286620030208283
insinuo,10.00549725670138,9.876874131687371,0.12862312501400908
futuro gobierno,9.853074354964383,9.724459695285798,0.12861465967858443
celular,10.13415931625044,10.005576729228297,0.12858258702214265
ruiz,9.217753051730604,9.08939073013194,0.12836232159866334
justificar ausencia,10.072461329983858,9.944429649620432,0.12803168036342605
caso pegasus,9.734073347762582,9.606070615077952,0.1280027326846298
exclusivamente,9.784216948985087,9.656294222709532,0.12792272627555512
impresion,10.137566857393747,10.00965265122737,0.12791420616637694
pondrar,9.853873371857109,9.726133115651958,0.12774025620515062
pedir juez,9.964433826907053,9.836712360239016,0.12772146666803685
conciencia,9.71127944964647,9.583784560602348,0.12749488904412232
monarquico,9.911551871155256,9.78410612991004,0.12744574124521613
reforma electoral,9.777999953580297,9.650631108597922,0.12736884498237444
renta minimo,10.016324294758745,9.888957939747387,0.1273663550113575
ensenar,10.121837097252257,9.994597174705282,0.12723992254697514
declaración publica,10.029362851822286,9.902157259432624,0.12720559238966267
incognita,9.566429426673965,9.439332771116838,0.12709665555712668
permitio,9.728452690463055,9.601363374672143,0.12708931579091143
gobernabilidad,9.473002278347925,9.345945059096161,0.12705721925176405
decidido,9.499717907522578,9.372750612153423,0.1269672953691554
saturacion,10.181598528654312,10.054631542504316,0.12696698614999669
gobierno acabar,10.074957923880119,9.948004179941764,0.1269537439383548
gobierno coalicion,8.29120600095982,8.164272413653508,0.12693358730631132
futuro presidente,10.0686337548125,9.94180755279665,0.1268262020158506
cuelgamuro,9.90149518736799,9.77471602517445,0.12677916219353946
tejer,9.963486626929487,9.836795897494852,0.12669072943463533
recoger num,10.051641786927293,9.92496436863654,0.12667741829075396
alcalde sevilla,9.91386301072507,9.787252164923533,0.1266108458015367
sobrevolar,10.074714372490114,9.94834381607619,0.12637055641392436
exclusion,9.618542639798461,9.49219554286781,0.12634709693065105
hierro,9.504993603485342,9.378662748693609,0.12633085479173367
pecho,9.668475097334321,9.542144340804317,0.12633075653000425
posteriormente,9.375093499768596,9.24879249874158,0.12630100102701647
presentar lista,9.968391384104589,9.84212561162394,0.1262657724806484
programa,8.101857617438084,7.975621537174745,0.12623608026333866
minimo vital,9.82492811516718,9.69869568021729,0.12623243494989111
socio preferente,10.004722571133481,9.878501124852354,0.12622144628112686
gobierno criticar,10.015529126824388,9.889323288509894,0.12620583831449395
condición laboral,10.05329990887909,9.927134713187392,0.12616519569169782
confesion,10.035519653954136,9.90945419144324,0.1260654625108959
metros cuadrado,9.975094639341506,9.849035646819367,0.1260589925221396
fiscal caso,10.121706665809697,9.995708157528837,0.12599850828086012
ejecutiva federal,9.855473828943913,9.729493579391251,0.1259802495526614
anonimo,9.969904417492891,9.844006451515648,0.12589796597724323
codigo civil,10.070646287403052,9.944781189944187,0.1258650974588651
pueblo andaluz,10.018698411251153,9.892837847699719,0.12586056355143427
frente coronavirus,10.023651558936422,9.89786657700135,0.12578498193507137
esquivar,9.847274113561438,9.72161191366706,0.12566219989437855
pedir perdon,9.629706300370689,9.50410818976692,0.12559811060376802
reputacion,9.988314877974952,9.862730725893437,0.1255841520815153
bassa,9.95629318095999,9.830727483593028,0.12556569736696233
olona,9.762621401595766,9.637069949868092,0.12555145172767368
reprobacion,9.751001346585602,9.625550716937761,0.12545062964784037
pleno jueves,9.843767590060741,9.718335247330383,0.12543234273035786
area metropolitano,10.050846657366346,9.92559972831959,0.1252469290467566
redactar,10.00897989477789,9.883765819122477,0.12521407565541232
socialista seguir,10.066482276709019,9.941431620105622,0.12505065660339731
lista num,9.897463692528161,9.772438118905448,0.12502557362271283
atencion medico,10.214502045928008,10.089478557643025,0.12502348828498278
ciudadano estatal,9.661134682539574,9.536146067274954,0.1249886152646198
secretaria formacion,10.032314077706896,9.907475339709956,0.12483873799694045
explicacion,9.873091010078623,9.748271880840923,0.12481912923770011
caducar,10.094147297090878,9.969411148527485,0.1247361485633931
azul,9.693433130705808,9.568720124305804,0.12471300640000393
pollo,10.113223483715466,9.988579129940165,0.12464435377530059
habiar visto,10.136555745408309,10.01195556329995,0.12460018210835955
dejar puerta,10.083377315084485,9.958779573156026,0.12459774192845963
aferrar,10.120107549013975,9.995520917870383,0.12458663114359148
presumir,9.32079150013726,9.196224467023812,0.12456703311344697
num experto,10.122288332446256,9.997744094756206,0.12454423769005096
discusión,10.01707261359482,9.89253383066221,0.12453878293261056
guatemala,10.186119352600151,10.061602723305016,0.12451662929513496
romper pacto,10.082360375717764,9.95789778450227,0.12446259121549375
congreso formacion,9.98574920756737,9.861287740150757,0.12446146741661224
afirmacion,9.72744571749467,9.603107566029045,0.12433815146562388
concha,10.074283748865104,9.949977849963455,0.12430589890164967
num senador,9.932946846942453,9.808749524559493,0.12419732238296
brillante,10.163583475948192,10.039496517489273,0.12408695845891948
asumio,10.05404998871288,9.929968660278757,0.1240813284341229
bloque derecha,9.916051499362036,9.792008642458299,0.12404285690373662
borro,10.078991212635732,9.95498965286496,0.12400155977077176
ifema,10.022048566685823,9.898077381974026,0.12397118471179702
actual alcalde,10.030707984215207,9.906736964578258,0.12397101963694901
socialismo,9.79454084284286,9.670593496645981,0.12394734619687853
asegurar seguir,9.983094079043894,9.85919290146899,0.12390117757490415
soportar,10.033451036234432,9.909639922642995,0.1238111135914366
ano ano,9.911663233552972,9.78790992997572,0.12375330357725112
borde,10.009955771484568,9.886243961579096,0.12371180990547259
candidata presidencia,9.84475823417527,9.721094559437905,0.12366367473736517
pasariar,10.11079210897234,9.987129773975287,0.12366233499705359
carmena,9.787812286689592,9.664166638665566,0.12364564802402533
millonario,9.749914590162296,9.626345425517219,0.12356916464507783
pobre,9.616496514087483,9.492973727708357,0.12352278637912661
portavoz formacion,9.348569766935851,9.225062866140176,0.12350690079567528
dema,9.493229548299668,9.369782453675493,0.12344709462417569
igualitario,9.988783430332504,9.865405280629455,0.12337814970304883
mantenido,9.780736903724556,9.657364870445026,0.12337203327953006
gobierno sesion,10.041857790005897,9.918505992116314,0.12335179788958328
ramirez,10.037946412565415,9.914604137719987,0.12334227484542737
nivel autonomico,10.022208629987437,9.89902797638339,0.12318065360404695
sitio web,10.19869676319176,10.075517186616862,0.12317957657489842
rendir homenaje,9.947389339838443,9.824262974430235,0.12312636540820776
facilmente,10.123214465685562,10.00021213192703,0.12300233375853153
comunion,10.038785938875588,9.915814213425328,0.12297172545025958
echar culpa,10.193637890228972,10.070819581816878,0.12281830841209462
perpetrado,10.007286617816474,9.884507239957061,0.12277937785941262
explicación,8.633779947540758,8.511013988845104,0.12276595869565377
ministro fomento,9.714923725615966,9.59218284255874,0.12274088305722586
aplaudir,9.969012944099033,9.846441058127196,0.12257188597183699
familia dictador,9.799590448939085,9.677023063453692,0.12256738548539303
mascaril,10.107704501691531,9.985173433511982,0.12253106817954951
dedo,9.452292645662066,9.329797610253067,0.12249503540899909
juzgar tribunal,10.086822669644425,9.964425887459996,0.1223967821844294
firmar contrato,10.151251236145416,10.028865964170127,0.12238527197528981
presidente funciones,9.931633971944414,9.80926749579943,0.1223664761449843
funcion publicar,10.007086664307314,9.88475303882074,0.1223336254865739
cs,7.664995468770102,7.542695050500301,0.12230041826980109
comisario prision,10.113909719498022,9.991675921230636,0.122233798267386
adoptar decision,9.999072464938648,9.876910896468925,0.12216156846972304
tecnologica,10.069011267553556,9.946875039936783,0.12213622761677279
confio,10.021180843070548,9.899137766018349,0.12204307705219897
sustentar gobierno,10.057513167055872,9.935475120205076,0.12203804685079511
falsificacion,9.80614169549519,9.684113139895496,0.1220285555996945
ciudad madrid,9.995729333814191,9.873701044757937,0.12202828905625474
aprovecho,10.137597029819258,10.015578857329013,0.12201817249024494
luna,9.974637045985348,9.852655390066978,0.12198165591837018
propuesta presentar,9.955111807454319,9.833187285208604,0.12192452224571504
regalo,9.720784005817878,9.598897238627444,0.12188676719043379
partido pedir,9.969796559140526,9.847937151509619,0.12185940763090741
tarjeta movil,10.072783407968943,9.950963897969118,0.12181950999982583
comunidad valenciano,9.631117592668986,9.509358589611283,0.12175900305770249
correr riesgo,9.993636953516353,9.871886651572552,0.12175030194380021
mostrar satisfecho,10.059499239459791,9.937766476631742,0.12173276282804935
mantendriar,9.948033610595974,9.826338004765432,0.12169560583054206
totalitario,10.022012264089005,9.900462288283792,0.12154997580521254
tercero asamblea,10.05593007706387,9.934408073123542,0.12152200394032775
xunta galicia,9.64014090632836,9.518822124646837,0.12131878168152355
aunar,9.914090879012347,9.79283177000318,0.12125910900916637
gritar,9.98983987766327,9.868596767065538,0.12124311059773163
pegasus,9.428070322705526,9.306899483035814,0.12117083966971265
levy,9.985838899650666,9.864689624351053,0.12114927529961328
malago,9.91557550011025,9.794510746267157,0.12106475384309334
javier lopez,10.060373704068411,9.939382048967929,0.12099165510048238
gobierno rechazar,9.902718792603446,9.781738125640318,0.1209806669631277
concejal ayuntamiento,10.07509793794404,9.95413082676114,0.1209671111828996
agotar,9.409284597799257,9.288361300885615,0.12092329691364156
organismo publico,10.073125786435185,9.952232606887415,0.12089317954776924
territorio nacional,10.012228617711898,9.891389784977436,0.12083883273446183
marido,9.167814963328519,9.04702756836648,0.12078739496203994
soto real,9.972621912653839,9.851927022855378,0.12069488979846099
enfriar,10.10212243533447,9.981479215738705,0.12064321959576496
via libre,9.95258142265339,9.83202030391113,0.12056111874226083
declaro,9.640936185256809,9.520443417484172,0.12049276777263707
vivir ano,10.134654162917668,10.014195530642796,0.12045863227487175
centroderecha,9.73416879686221,9.613728381401106,0.12044041546110407
num acto,10.02583122135691,9.905408716409639,0.12042250494727114
presidente comision,10.06619309832395,9.945787529244074,0.12040556907987643
erar,10.058635781287611,9.938267497921363,0.12036828336624872
contrastar,9.57341316318432,9.453112819389121,0.12030034379519883
resultado historia,10.058065785595167,9.937765717936893,0.12030006765827395
transparente,9.9108545973765,9.790600425676011,0.12025417170048947
jefe ejecutivo,9.251497500656438,9.131424264003746,0.12007323665269176
pactar,8.43745997511918,8.317562743503032,0.1198972316161484
apoyar gobierno,9.91732241175078,9.797426329539011,0.11989608221176873
recogida,9.921045764556338,9.801180090401337,0.11986567415500105
crimen organizado,10.105939924352747,9.986090831288736,0.11984909306401015
popular pablo,9.844569322075467,9.724732083295827,0.11983723877964003
originario,10.23671988768302,10.116888898080537,0.11983098960248206
barcelona afirmar,10.05925044099716,9.939487654323637,0.11976278667352247
lastra,9.751423214053453,9.631771461620072,0.11965175243338066
abrazar,9.942450290178739,9.822835160889733,0.11961512928900575
proxima elección,8.947336756914401,8.82777020839893,0.119566548515472
copia,9.831794449913998,9.712244871593105,0.11954957832089264
nazismo,9.910599234380198,9.791203358802413,0.1193958755777853
renuncia,9.022842471194629,8.903488877746268,0.11935359344836094
rondar num,10.12287651911586,10.0037320849815,0.11914443413435905
baloncesto,10.075212932948325,9.956092969240245,0.11911996370807998
ciudad valencia,10.061255112794319,9.942178092672597,0.11907702012172194
empenar,10.073711787312146,9.954644608853567,0.11906717845857884
sostener ejecutivo,10.026120576791017,9.907084583317172,0.11903599347384564
ilegalizacion,9.996253286499586,9.877256352162767,0.11899693433681868
combate,9.930901621057906,9.811953219203858,0.11894840185404831
abrir etapa,10.031294459260423,9.912380829685585,0.11891362957483764
lider popular,9.270704668747882,9.151804472199904,0.1189001965479779
public,10.136142497206574,10.017285803872893,0.11885669333368121
impactar,10.124909472224827,10.00605623081154,0.11885324141328724
mayoritariamente,10.038747705104338,9.919897120002178,0.11885058510216062
complutense madrid,9.98447363151669,9.86570852566213,0.11876510585456046
populismo,9.822444911548022,9.703702718695288,0.11874219285273391
desclasificado departamento,10.045412471898139,9.926737954137755,0.11867451776038429
generación,9.821620911160752,9.70295527750701,0.11866563365374105
exsecretaria,9.941922029301166,9.823271025998695,0.11865100330247103
maria chivitir,10.04680787970715,9.928173303918873,0.11863457578827585
sacar pecho,9.732987830100107,9.614410790630696,0.118577039469411
surgimiento,10.139419859922167,10.020861278406866,0.11855858151530185
actriz,10.045234859086168,9.926709628867616,0.11852523021855177
quimico,10.170891042349158,10.052382301062734,0.11850874128642452
encubierto,9.922348182065932,9.80393677073797,0.11841141132796196
jo ramon,10.07635952399026,9.957950562665827,0.11840896132443213
admision,9.829594198247682,9.71121550325744,0.11837869499024123
horquilla,9.981569942945349,9.863315924085754,0.11825401885959508
filtro,10.086994703782628,9.968794830809427,0.11819987297320012
recurso casacion,9.934001059481124,9.815814712212743,0.11818634726838084
maniobra,9.364748574694856,9.246577893618145,0.11817068107671069
catedral,9.915318173564385,9.797183121246572,0.11813505231781285
conformacion,9.904867086981316,9.786757442128277,0.11810964485303899
mostrar favor,10.068082806380904,9.94999569575084,0.11808711063006427
acto presentacion,9.98456679598893,9.866482182416915,0.11808461357201594
empresa publico,9.805676967889854,9.687638280840861,0.11803868704899223
senti,10.25610247540259,10.13808842637443,0.11801404902815982
capital valenciano,10.072183300029895,9.954217299998378,0.11796600003151703
bola,10.189846382084957,10.07190865374701,0.11793772833794591
ministro cultura,9.839709271295801,9.72183152220253,0.11787774909327098
coronavirus num,10.116813000978103,9.998963891566357,0.11784910941174687
seguir esperar,10.069329045420547,9.951487742426893,0.11784130299365358
titulado,9.772349780229634,9.6546234208504,0.11772635937923326
espana partido,10.041271402408212,9.923547264936238,0.11772413747197419
podcast base,10.05417341454627,9.936490886641762,0.11768252790450795
tender mano,9.783131556554766,9.665528023649028,0.1176035329057381
mano derecho,9.513382750032514,9.395829283524728,0.1175534665077862
gano,9.758473215912197,9.640969596271452,0.11750361964074507
aspirante,9.310739009662052,9.19327169648494,0.11746731317711223
declaracion testigo,10.085491336114835,9.968028677507675,0.11746265860715965
cuarenta,9.886883520172237,9.769426239856735,0.11745728031550229
comerciante,10.16383529492227,10.046441713678023,0.11739358124424726
ejecutivo insistir,10.021790404717345,9.90439994247508,0.11739046224226435
agenda legislativo,10.062195233121132,9.944819387681353,0.11737584543977952
morado querer,10.009955734123348,9.892630581368024,0.11732515275532407
reforma delito,10.075356895841031,9.958090961592921,0.11726593424810972
carpetazo,10.051179225510102,9.933936800094333,0.11724242541576935
movimiento social,9.76175292685935,9.644615054164323,0.11713787269502696
unidad espana,9.921989861588004,9.80493636710471,0.11705349448329372
declarar imputado,10.024851352411114,9.907863901264633,0.11698745114648013
senda deficit,10.009767392965239,9.892780339290828,0.11698705367441065
partido liderar,9.824304341275505,9.70731799054922,0.11698635072628605
num grado,10.140698893183954,10.023748943876141,0.11694994930781277
coincidirar,9.982738806581983,9.865833319155309,0.11690548742667417
jesus,8.45905505841006,8.342284192251151,0.11677086615890886
num presidente,9.895874801967752,9.77914592829495,0.11672887367280183
hallazgo,9.906089517648248,9.7894093467705,0.11668017087774807
fines,10.17984272542588,10.063210834376857,0.11663189104902294
mando unico,9.919712340739157,9.803094016870205,0.11661832386895199
comision delito,10.074894501882348,9.958365390956281,0.11652911092606644
difundio,9.85288991246847,9.73639616630554,0.11649374616293073
apoyado,9.670897899331326,9.554424569348301,0.11647332998302495
anunciar decision,10.02578769090786,9.909343308432161,0.11644438247569866
caos,10.024987293862207,9.908645488746327,0.11634180511587999
podcast,9.986569789149648,9.870240071275852,0.11632971787379631
sistema eleccion,9.96639019892583,9.850113481955077,0.11627671697075215
mitin,8.95368345182021,8.837421111851054,0.1162623399691558
mencionado,10.104124266374633,9.987951358591717,0.11617290778291611
justicia europeo,10.006825834735837,9.890661549775576,0.1161642849602611
caso espionaje,9.987531683050923,9.871392892926954,0.11613879012396922
opinión,9.396816039172633,9.280685927217556,0.11613011195507639
num norma,10.009461140886854,9.893338879263151,0.11612226162370298
polemica master,10.036761337049667,9.92070385097633,0.11605748607333588
show,10.145729803125894,10.029706976025047,0.11602282710084744
musical,9.892453424664437,9.776450272678044,0.11600315198639244
caracterizar,9.967468829959968,9.851526949767537,0.11594188019243035
dotado,10.083150222066797,9.967297149326953,0.11585307273984391
deliberadamente,10.157247781708717,10.041406077564801,0.11584170414391615
gustavo petro,10.096717835423513,9.980876659432399,0.11584117599111465
simpatizante,9.528377197389322,9.412605352975751,0.11577184441357069
giro,9.105740085294421,8.990004303900704,0.11573578139371676
chantaje,9.64933329020714,9.533625640453991,0.11570764975314951
insostenible,9.85996607557692,9.744322250475324,0.11564382510159632
presidenta madrilén,8.649735650932387,8.534220203344143,0.11551544758824406
banco central,10.145464557876805,10.029968789497222,0.1154957683795832
ramo,10.013868343501818,9.898405260008566,0.11546308349325152
energetico,9.049142396859619,8.93370375460614,0.11543864225347811
animalista,9.764390689569478,9.649000832316947,0.1153898572525307
conferencia president,9.828817723644853,9.7134706890473,0.11534703459755313
apropiado,10.146203707748489,10.030942410636625,0.11526129711186428
climatico,8.977711997250811,8.862494956885174,0.1152170403656374
saldra,9.93464022999651,9.819439094719657,0.1152011352768536
comision num,10.06899453323124,9.953803251682107,0.1151912815491336
conversar,9.705864133929092,9.590713038306761,0.1151510956223305
suicidio,10.018254919795428,9.903122954809215,0.11513196498621348
ministro consumo,9.57161634339388,9.456529028666022,0.11508731472785705
traer,9.722668301653167,9.607611373585524,0.11505692806764323
alternativa,8.672835930845409,8.557833006033972,0.11500292481143681
ministro num,10.059473414606344,9.944576262268699,0.11489715233764564
caso kitchen,9.929895096516342,9.81499898138029,0.11489611513605169
bajar impuesto,9.950031751507389,9.83514423900268,0.11488751250470841
tardar,9.544933655251851,9.430091740672403,0.11484191457944881
num lista,10.037208817637625,9.922466312903655,0.11474250473396985
tender,9.54318910614954,9.428486110830033,0.114702995319508
coger,9.75409830072032,9.639426702755618,0.11467159796470305
jefe gabinete,9.6367572854933,9.522113875673224,0.1146434098200757
estadistica,9.960668848367986,9.8460941409012,0.11457470746678489
gerardo,9.798821685521109,9.684249841518806,0.11457184400230247
apareciar,9.983357488790677,9.868787665436715,0.11456982335396226
whatsapp,9.54721977427679,9.43265688377302,0.11456289050376967
and,10.220933316581878,10.106394212225215,0.11453910435666259
reprendir,10.042530326764453,9.928033939569389,0.11449638719506439
país alemania,10.08060348683353,9.966163655995562,0.11443983083796816
renovacion,8.686455884297347,8.572019779704535,0.11443610459281217
afecto,10.104807688619587,9.99043753503787,0.1143701535817172
diputada,8.179318738774603,8.064987835451086,0.11433090332351625
sucesor,9.488807826023729,9.374581339588037,0.11422648643569211
remodelar,10.083136247933279,9.968990585659844,0.11414566227343492
vaciado,10.013669628104836,9.89959635669264,0.11407327141219525
diputado autonomico,10.056651200168659,9.942637835691201,0.11401336447745791
sup,10.072626105278125,9.958652454049162,0.11397365122896375
parlamento vasco,9.760283449312796,9.646341188123719,0.11394226118907724
impulso,9.196952348522501,9.083058465195865,0.11389388332663586
hospital publico,10.080293990416036,9.966470565791697,0.11382342462433925
bebida,10.179957069815064,10.066175706248632,0.11378136356643154
participar acto,9.788670411889116,9.674957144747047,0.11371326714206909
alineado,9.927971865293037,9.814335997611048,0.11363586768198886
europarlamentario,9.958828398314253,9.845240416771693,0.11358798154256
lastrar,9.992452289358132,9.879022394746261,0.11342989461187081
demar,9.970515560891533,9.857119194264229,0.11339636662730435
negociación,8.12930484309466,8.015918155927787,0.11338668716687295
junta extremadura,10.01877622710203,9.905462101204538,0.11331412589749235
dialogo negociacion,10.024458004136038,9.911185780779359,0.11327222335667919
nexo,10.09725934421021,9.984041384853308,0.11321795935690204
tim,10.143790474546304,10.03058229583178,0.11320817871452427
ningun problema,9.948331145767874,9.835131160536253,0.11319998523162056
vigo,9.607071863690733,9.493957523658551,0.11311434003218146
fake,9.928105758564593,9.815069144590408,0.11303661397418452
unir,8.901965758564524,8.788983480913902,0.1129822776506213
inversión,9.293647781692561,9.180734192456379,0.11291358923618233
hipotetico,9.83863792657498,9.72582210516029,0.11281582141469038
resignar,10.059395463811038,9.946706245196129,0.11268921861490888
historia democracia,9.982418672973228,9.86979705967086,0.11262161330236786
exhibir,9.722630044591797,9.610170649091224,0.11245939550057393
malo resultado,10.019257496021428,9.906980686554514,0.11227680946691443
senalar num,10.121174869906305,10.009000408606202,0.11217446130010345
chapuza,10.08457484512057,9.972404323927188,0.11217052119338256
reunion consejo,9.732511463926809,9.620538452586539,0.11197301134026993
felix sanz,9.760342180135527,9.648415929025292,0.11192625111023524
director centro,10.036856896478918,9.924962881868241,0.1118940146106766
cortina humo,10.087176075438444,9.975334506167394,0.11184156927104993
jama,9.692008523072753,9.58016988548969,0.11183863758306245
semana venir,9.650080215877141,9.538259558619673,0.11182065725746781
moreno,8.09443928256248,7.9826378805795715,0.11180140198290811
iberico,9.994032980346356,9.882299980426518,0.11173299991983754
decia,10.115010297774953,10.003473507702521,0.11153679007243156
opcion,8.976061297929691,8.864546263861742,0.11151503406794916
menciono,10.119281660840521,10.007807567834739,0.11147409300578204
electoral provincial,10.029309114015952,9.917841008897788,0.11146810511816341
gobierno entrevista,10.064801236439342,9.953338792559464,0.11146244387987814
anticipado,9.504536835674827,9.393077903288264,0.11145893238656335
herrera,10.062701224291356,9.951282376872772,0.11141884741858377
asegurar negociación,9.942636257527926,9.831284285358425,0.11135197216950132
tajo,10.083814666108466,9.972472255490365,0.1113424106181018
invitado,9.707036982068333,9.595714364881939,0.11132261718639391
esquivo,10.072955913756834,9.961721939216096,0.11123397454073825
jimenez,9.74770578209891,9.636481565616657,0.11122421648225256
facebook,9.547185065923587,9.435961184427933,0.1112238814956541
kilo,10.162778606279963,10.051597554416011,0.11118105186395155
politica economica,10.022961716346494,9.911796402348307,0.11116531399818719
arn,10.24285860209065,10.131733690021152,0.11112491206949748
curriculum,9.989700083073169,9.878708851395526,0.11099123167764269
liderado santiago,9.867225562303034,9.756319291556878,0.11090627074615611
perdonar,10.114408567895024,10.003668489363017,0.1107400785320074
conservar,9.568082512957412,9.457396580524904,0.11068593243250824
num asiento,10.106427580037932,9.995770291445547,0.11065728859238533
compartir,8.774303961657367,8.663653392080548,0.11065056957681918
robert,10.157917101412995,10.047284173441563,0.11063292797143198
vaticinar,9.909916351709636,9.799318400110995,0.11059795159864194
evidencia,9.441446048306904,9.3308508983809,0.11059514992600405
gobierno conjunto,9.879753031155408,9.769467160953756,0.11028587020165226
almerio,10.074384945838867,9.96414371466241,0.11024123117645779
pugna,9.594597283459468,9.484362905032942,0.11023437842652584
bienvenido,10.013039502208326,9.90291456657539,0.11012493563293546
colaborador,9.454255820584322,9.344189529512073,0.11006629107224875
enmendar,9.847172326624856,9.737112473700071,0.1100598529247847
resultado encuesta,10.041600400809317,9.931553832137208,0.11004656867210905
num inscrito,9.816030332685614,9.705998356343624,0.11003197634198969
apelar voto,10.045965208859773,9.935984321323328,0.10998088753644453
olvidar,9.37978963115715,9.269848783701757,0.1099408474553929
radiofonico,9.962676258660897,9.85284516827883,0.10983109038206784
argumentario,9.93352107758587,9.82370687686839,0.10981420071748005
reducido,9.94190934026612,9.832150257486331,0.10975908277978874
excusa,9.666043241084076,9.556323320862022,0.10971992022205335
presidencia generalitat,9.565537085190545,9.455963554814277,0.10957353037626838
comprar,9.407172348171834,9.297624038657563,0.10954830951427041
nobel,10.019791211331373,9.910416828120242,0.10937438321113113
dimitido,10.008095675873088,9.898730658899499,0.10936501697358914
presidente ceoe,9.94668733410554,9.837324425561198,0.10936290854434283
encuesta electoral,9.985844868222836,9.876489837677681,0.10935503054515472
denominacion,9.89671997049999,9.78740159615177,0.10931837434822
cabecilla trama,9.927707555706448,9.818463241837911,0.10924431386853684
andalucista,9.691854958278629,9.5826829171985,0.10917204108012868
infraestructura,9.356364699371827,9.247260452024255,0.10910424734757207
vela,10.041508265716976,9.932506030981445,0.10900223473553083
esca,9.161861557043668,9.052973151228917,0.10888840581475101
queriar,9.837271294314052,9.72841717234667,0.10885412196738109
competirar,10.062559251596333,9.953712640951561,0.10884661064477186
ministerio salud,10.110931512311742,10.002101379328293,0.10883013298344935
lider cs,9.472889425580176,9.364084441540136,0.1088049840400398
emisora,10.03091061632249,9.922149195466275,0.1087614208562151
migrante,9.973190608696962,9.864444636595291,0.10874597210167103
portavoz popular,9.65801615268337,9.549303039058264,0.1087131136251056
anticipacion,10.156706795689612,10.048080363088733,0.10862643260087879
abran,10.118881475716089,10.010377238061889,0.10850423765420025
predisposicion,10.045180511293587,9.936759271505995,0.10842123978759233
restringir,9.863134906567694,9.754728400519374,0.10840650604832014
miembro direccion,9.951130939649001,9.842841632637718,0.10828930701128314
necesitar apoyo,10.07568662102591,9.967402585651529,0.10828403537438192
generado,9.646822573091226,9.538579187335927,0.10824338575529957
abordo,9.99592099627169,9.88776249231147,0.10815850396022064
rechazado,9.792561124525395,9.684416811485896,0.10814431303949945
pleno investidura,9.856356128972207,9.748374866468232,0.10798126250397466
grupo camara,9.819370158671619,9.711467548417811,0.10790261025380765
abajo,9.836375553556952,9.728500386871461,0.10787516668549024
macrocausa tandem,10.127859241657879,10.020003481275484,0.1078557603823942
creador,10.014334593140964,9.906582356711475,0.10775223642948895
salvar vida,10.11914627422131,10.01148391808362,0.10766235613768949
reformar,9.211913469728957,9.104254062225998,0.10765940750295933
adherir,10.100451378657116,9.992845952187745,0.10760542646937132
inaccion,9.933465988092335,9.825894442930224,0.10757154516211109
ejecutiva,8.60123852528185,8.493680849344305,0.10755767593754584
colonia,10.063354730738203,9.955802037706789,0.10755269303141368
ministro presidencia,9.411716615164387,9.304237068381655,0.10747954678273253
ganar,8.233142175043536,8.125703795526148,0.10743837951738833
mayoria congreso,9.984170353768231,9.87676195422612,0.1074083995421109
ningun partido,9.815771513793363,9.70838138371449,0.10739013007887266
necesitar voto,10.020647493332563,9.9132660754142,0.1073814179183632
gasto personal,10.001360647060098,9.894074339629325,0.10728630743077261
independencia catalunya,9.771505229223884,9.664391142610935,0.10711408661294897
gobierno confirmar,9.850542798348712,9.743462867851285,0.10707993049742726
traspasar,10.010545578498482,9.903592929953385,0.10695264854509645
velado,10.104870872981436,9.997975218581624,0.1068956543998123
perjudicial,10.05999044292782,9.95312482095355,0.1068656219742703
contar respaldo,9.861403706819546,9.75472685225471,0.10667685456483689
oreja,10.102555772813325,9.995948784472619,0.10660698834070637
puesta marcha,9.792924444071577,9.686322486752362,0.1066019573192154
ahorro,9.674324204307084,9.567792446223423,0.10653175808366022
ruido,9.525484996614548,9.41896144653366,0.10652355008088854
preelectoral,9.895024658025251,9.788518220332358,0.10650643769289303
preso independentista,9.974889322792261,9.868400623748592,0.10648869904366975
portavoz,6.983495157244615,6.877070731181229,0.10642442606338598
comercio turismo,10.042941150330522,9.936534933334203,0.10640621699631936
quejar,9.681048468039492,9.574696183160867,0.10635228487862491
terrassa,10.040438127150315,9.934161258862662,0.1062768682876527
apartar,9.244323713442965,9.13810970878298,0.10621400465998398
asegurar existir,10.046047024194872,9.939835535661592,0.10621148853327966
consultado publico,9.850464288125483,9.744283289460617,0.10618099866486652
rectificar,9.342879840188473,9.236713633361834,0.10616620682663935
asegurar objetivo,10.001308170461824,9.895170803895404,0.10613736656642025
revelacion,9.310140312157683,9.204045026699001,0.1060952854586823
bulo,9.475687983740773,9.369651109035296,0.1060368747054774
diputado formacion,9.981128144402291,9.87509382401069,0.10603432039160055
rival,9.378019263193742,9.27199941927427,0.10601984391947283
expertar,10.152853729180526,10.047039759233483,0.10581396994704306
pilotar,10.104003093906751,9.998316162909504,0.10568693099724769
investigacion parlamentario,10.053659725959461,9.947989371474927,0.1056703544845341
kike,10.108127338926767,10.002488485292753,0.10563885363401404
miguel angel,9.258039184742373,9.152427481504986,0.10561170323738622
macarena,9.849712866201559,9.744109399477562,0.10560346672399668
cartera,9.116820285136113,9.011266719162082,0.10555356597403076
cia,10.12959275064697,10.024068375853659,0.10552437479331012
desencuentro,9.672553466071593,9.567033111056086,0.10552035501550705
presidente unidos,10.04268232203104,9.9372968928958,0.1053854291352394
latinoamerico,9.978281585888217,9.872911586506746,0.1053699993814714
fundación,9.873196476813524,9.76783892127762,0.1053575555359032
debero,9.822097079809444,9.716810862038535,0.10528621777090841
sondeo publicado,10.012604033048179,9.907350445808728,0.10525358723945111
amanar,10.074825423198043,9.969584348652448,0.10524107454559406
despedida,10.03848639216301,9.933251771829816,0.10523462033319397
defecto,10.018765388154257,9.913548012777095,0.10521737537716191
arnaldo otegi,9.800496250190491,9.695300180219851,0.10519606997064024
dimitir,9.222396924042412,9.117205414421205,0.10519150962120705
chav,9.836432729765217,9.731276912074238,0.1051558176909797
pp congreso,9.405188181010429,9.300073696594156,0.1051144844162728
pareciar,9.863201202423504,9.758134965908608,0.10506623651489555
estudio key,9.441591321182388,9.33655406505291,0.1050372561294779
pequena mediano,10.175386769740394,10.070393084786776,0.10499368495361772
perseguir delito,10.12380659079183,10.018841974997796,0.10496461579403338
apreciar indicio,10.085770377717123,9.980808605857726,0.10496177185939715
andr,9.71100184774426,9.606064223762042,0.1049376239822184
animar,9.383455412372612,9.278549528283303,0.1049058840893089
ley eutanasia,9.946729482456872,9.841882892196242,0.10484659026062992
casa blanco,9.98031005478068,9.87549108781295,0.10481896696773063
proceso renovacion,10.058135466496093,9.953351719801157,0.1047837466949364
obstaculizar,10.060730363253791,9.95603165693424,0.10469870631955125
lanzar campana,9.900934466635283,9.796369494058164,0.10456497257711916
subio,10.142059151119968,10.037503105514059,0.10455604560590892
ministro martes,9.695387579543146,9.590992964194882,0.104394615348264
comision investigacion,8.738375965893677,8.634096950052008,0.10427901584166932
liberal,9.46029490910729,9.356018192310936,0.10427671679635431
dejado,10.025393264171395,9.921132011294985,0.10426125287641064
delegado gobierno,9.802595328168655,9.698440257242005,0.10415507092664988
revalidar,9.477072502346237,9.372948944216805,0.10412355812943197
ruina,10.066556233407237,9.962433278147298,0.10412295525993898
sahara,9.28782348541702,9.183710377505964,0.10411310791105599
partido nacionalista,10.018781073042215,9.914668685440997,0.10411238760121755
iberdrola,9.786453041426093,9.68239476617349,0.10405827525260314
sahara occidental,9.547730459456584,9.443791128731641,0.10393933072494299
tauromaquia,9.96398081144496,9.860043551563423,0.1039372598815369
regeneracion,9.520994391681947,9.417096589014804,0.10389780266714332
surgido,9.82104483232878,9.717156045636377,0.1038887866924032
secretario pablo,10.087125148491923,9.983242328987854,0.10388281950406864
arrastrar,9.546518129114878,9.442787170789972,0.1037309583249062
demas,10.168163358264575,10.06447447320379,0.10368888506078555
vidal,9.837655792193814,9.734053805421185,0.10360198677262922
economista,9.860988488165306,9.757478471304184,0.10351001686112227
automatico,10.070247106684388,9.966753072387688,0.10349403429670012
durar num,10.05930811200598,9.955830730642042,0.10347738136393758
estrictamente,9.962069447068307,9.858628889039954,0.10344055802835328
pasear,9.908441035132897,9.805109151207121,0.10333188392577597
neoliberal,9.963947885325931,9.860667723474027,0.10328016185190414
aplicar ley,9.84260888554065,9.739331588008618,0.10327729753203307
perez cobo,9.937703847342174,9.834472662088565,0.10323118525360897
pp plantear,10.03830969405683,9.935244351219813,0.10306534283701652
dirigio,9.793668887448968,9.690629038514128,0.10303984893483964
cordon sanitario,9.896255218708099,9.793230643643936,0.10302457506416296
etapa,8.81433979702483,8.711315830610895,0.10302396641393585
podem,8.8462387359143,8.743258553036243,0.10298018287805633
inseguridad,10.01229593091107,9.909323951632938,0.10297197927813251
representante partido,9.856911360615824,9.753981792325364,0.10292956829045963
arribar,10.172561114298274,10.069636253755684,0.10292486054258987
certeza,9.923162080702214,9.820336757142556,0.10282532355965834
alfonso fernandez,9.708415652510107,9.605592055947502,0.10282359656260454
llegar espana,10.077929010390136,9.975199763806451,0.1027292465836851
guion,9.988662285538606,9.885990479045017,0.1026718064935892
mama,10.100198115587277,9.99754967440034,0.10264844118693794
debate num,10.079381083645034,9.97673555720028,0.10264552644475344
num pleno,9.990889420083889,9.888288320066334,0.10260110001755507
trafico influencia,9.59002271808629,9.487446450774653,0.10257626731163683
escenificar,9.800083040280828,9.697513753095107,0.10256928718572134
departamento dirigir,9.89126382210635,9.788701254186513,0.10256256791983631
cantabria,9.704422953834031,9.6018672437873,0.10255571004673136
gol,10.15194581866952,10.049416941711245,0.1025288769582744
debatir,9.046501995260462,8.944118218325729,0.1023837769347331
considerar tratar,10.014179060316177,9.911822497730613,0.10235656258556425
comida,9.578360725403018,9.476016763843818,0.10234396155919967
violencia mujer,9.769488567363679,9.667151656981378,0.10233691038230042
fenomeno,9.724213045519253,9.621897610359689,0.10231543515956432
num catalunya,9.911269160321803,9.808964634007314,0.10230452631448905
ganar voto,10.092523084969722,9.990310820440303,0.10221226452941856
num creer,9.95654076248714,9.854357247742373,0.10218351474476783
carrillo,10.16418297660585,10.061999863837434,0.10218311276841696
sesion control,8.85807129775226,8.755932721827062,0.10213857592519915
movimiento independentista,10.060173727513268,9.958079628059446,0.1020940994538222
dibujar,9.801529558910508,9.699494476021574,0.10203508288893381
favorita,10.042632555574032,9.940792408638773,0.10184014693525967
gratis,9.962407162127992,9.860634944429833,0.10177221769815858
delicado,9.962073081435337,9.860310258982679,0.10176282245265789
onda,10.094454186891248,9.992761050682462,0.10169313620878562
agilizar,9.888693648674646,9.787024106459196,0.10166954221545055
gobierno presidente,9.89430943035549,9.79264777442544,0.10166165593004983
presidente comite,10.061669367122464,9.960052999594287,0.10161636752817671
escapar,9.810817368924516,9.709262122602686,0.10155524632182988
obra publica,10.024631396309784,9.923088279528226,0.10154311678155814
enjuiciamiento criminal,10.02840553857721,9.926873272330548,0.10153226624666267
movilidad agenda,9.822807578812174,9.721329295136242,0.1014782836759327
transporte movilidad,9.822807578812174,9.721329295136242,0.1014782836759327
mocion,8.014263231254699,7.9128699030147445,0.10139332823995417
nurio,10.017686492414779,9.916310685578877,0.10137580683590208
formacion morada,8.132828946493817,8.031530243614535,0.10129870287928178
salir defensa,9.9636822855344,9.862392728691212,0.10128955684318797
considerar ley,10.040530787312283,9.939256109073371,0.10127467823891223
provocacion,10.023491416070824,9.92221923674271,0.10127217932811483
propaganda electoral,9.891400448346092,9.790211360142255,0.10118908820383687
concejala,9.62071913710728,9.519564176626979,0.10115496048030082
formar gobierno,8.890135154214843,8.788981727647089,0.10115342656775361
pronostico,9.680071769156278,9.578990295943095,0.10108147321318306
planeta,9.63175563479898,9.530758136704089,0.10099749809489111
derecho ciudadano,9.997700678715047,9.896715633529942,0.1009850451851051
calidad investigado,10.003258128700823,9.902330124437768,0.10092800426305537
crisis economico,9.690626511172306,9.58978628366811,0.10084022750419663
conclusion,9.890168771051908,9.78935557633537,0.10081319471653849
carmona,9.806752751711292,9.705965299981333,0.10078745172995873
celebrar acto,9.799328768527607,9.698568692832016,0.10076007569559131
litigio,10.09772198515357,9.997001555606595,0.1007204295469748
ejecutivo pedir,9.887850298837147,9.787144958642296,0.10070534019485144
decidir investigar,10.12292586805268,10.022249295927303,0.10067657212537817
empresa publicar,10.00948231494652,9.908815077726892,0.10066723721962845
maduro,9.846790945447053,9.746145641537057,0.10064530390999593
amenazado,9.901474349096462,9.80085978695006,0.10061456214640252
nacional inteligencia,9.880066621524339,9.779464449081974,0.10060217244236469
soto,9.920560367727603,9.820002815108317,0.10055755261928567
morada,8.116645415780559,8.01612483313027,0.1005205826502884
juan ignacio,9.814748267167207,9.714335225320092,0.10041304184711564
reemplazar,10.049770488716131,9.949454497546089,0.1003159911700422
consejero educacion,10.035565852857532,9.935383197862626,0.10018265499490653
operativo policial,10.052636527071217,9.952512482886936,0.10012404418428034
gobierno recordar,9.87030443663368,9.77019113192701,0.10011330470666913
organizar acto,10.060390494585532,9.96028217284552,0.10010832174001116
conquista,10.02422625054373,9.924144045889548,0.10008220465418205
precisamente,9.486997425898064,9.386915657707412,0.10008176819065184
camara alta,9.998847947914886,9.898803636186903,0.10004431172798256
inviolabilidad,9.66607849607703,9.56603665482465,0.10004184125238069
independentista catalán,9.680240558069253,9.580219163422868,0.10002139464638482
parlamentario unidas,9.874525073370542,9.774553195154962,0.09997187821558029
dictatorial,10.04854738931841,9.948679217150838,0.0998681721675716
ministro defensa,10.141005671178348,10.041147387932451,0.09985828324589718
politica institucional,10.051318278777986,9.95157583997507,0.09974243880291667
constructora,9.73593427023838,9.63619362293529,0.09974064730308996
existiar,9.893712557921523,9.79397554587088,0.09973701205064245
asistio,9.979425087629068,9.879869011944862,0.09955607568420533
holgado,10.006232078858368,9.906676094328708,0.09955598452966008
clemente,9.967549872986897,9.868051247415067,0.09949862557182954
oficialista,10.084860497471327,9.985516848541275,0.0993436489300521
uralde,9.897747119208752,9.798438943623264,0.0993081755854881
lopez uralde,9.897747119208752,9.798438943623264,0.0993081755854881
titulo lucrativo,10.050783942314249,9.951491046248389,0.09929289606585989
tutelado,9.962099269742719,9.862814275691138,0.09928499405158142
irar,9.575859818803341,9.476648866605439,0.0992109521979021
investidura,7.7143300959003085,7.615294135293369,0.09903596060693953
portavoz nacional,9.75999701228199,9.660996756551208,0.09900025573078253
electoralista,9.709252666457218,9.610355646939283,0.09889701951793484
curso politico,9.911794823589892,9.812928369914337,0.09886645367555502
ano edad,9.996190187084872,9.89736268882687,0.09882749825800197
erigir,9.7129929234856,9.614204953760941,0.09878796972465942
monasterio,9.43117124954582,9.332447675737917,0.0987235738079022
valls,9.660597657651822,9.562017353265132,0.09858030438669019
podriar llegar,10.057713333257011,9.95915663464931,0.09855669860770178
orgulloso,9.786375462417364,9.687839815679366,0.0985356467379983
reivindico,9.333170838929767,9.234646340731263,0.09852449819850406
confluir,9.971716184045999,9.873250735116821,0.09846544892917741
superado,10.13150667213315,10.033084451429135,0.09842222070401618
preve,9.888861169770102,9.790440496814135,0.09842067295596735
lopez miras,10.01058167860918,9.912166329838968,0.09841534877021196
enmienda parcial,10.006603264315109,9.908216059679695,0.09838720463541328
interior num,9.997781432663299,9.899397928371632,0.09838350429166631
afear,9.327595387994362,9.229280283899824,0.0983151040945387
num partido,9.743226529467773,9.644939716743796,0.09828681272397688
disposición,10.093401064179687,9.995119908056825,0.09828115612286226
presentar num,9.624379375942691,9.526190647433154,0.09818872850953753
num propuesta,9.817148977747053,9.718960767001976,0.09818821074507689
marcar agenda,10.047012897984466,9.948837431489256,0.09817546649520992
pasajero,9.978920125674303,9.880782579519039,0.09813754615526449
severo,9.797156354662246,9.699049703820686,0.09810665084155978
muerto num,10.001532500409974,9.90343661855086,0.09809588185911444
seguramente,10.04279662056695,9.944723489208245,0.09807313135870466
alcaldia,8.479047988739154,8.380986923199417,0.0980610655397367
tercero fuerza,9.590711829355675,9.492683602369853,0.09802822698582148
escudo,9.52233238944926,9.424378588128322,0.0979538013209389
inmerso,9.983766465045978,9.885828334791485,0.0979381302544926
fanjul,10.033159485093059,9.93525058092352,0.09790890416953779
querer hablar,9.911731676333508,9.813840270886713,0.09789140544679498
atrevir,10.008395955065021,9.910548924040796,0.09784703102422476
chivite,9.907268115291231,9.809508740739966,0.0977593745512646
postular,9.74785852068746,9.650156809561489,0.09770171112597126
intercambio,9.871098012463337,9.773551636537329,0.09754637592600801
celebro,9.792478944357812,9.695085642532074,0.09739330182573802
derechos social,8.873600999285275,8.776276343234898,0.0973246560503771
oportunidad,8.91620991548881,8.818914688364144,0.09729522712466654
portavoz grupo,9.234700405211415,9.13747925396735,0.0972211512440655
plano,9.520210911731533,9.422994440923851,0.09721647080768214
prohibicion desahucio,9.876562006271117,9.77934883318905,0.097213173082066
mesa parlamento,9.841532213417675,9.744374834058897,0.09715737935877833
decision despu,9.989203167165128,9.892062828770952,0.09714033839417624
oficio,9.818470800883334,9.721335230751956,0.0971355701313783
derecho autodeterminacion,9.635747046579155,9.538667973282127,0.09707907329702792
eolico,10.081434114117236,9.98443419352823,0.0969999205890062
reformista,9.933812515998596,9.836859012217069,0.09695350378152767
escorial,10.05530511143591,9.958355044116463,0.09695006731944744
dirigente partido,9.46899776020899,9.372079319212459,0.09691844099653224
estimado,10.10702677707315,10.010231635416334,0.09679514165681624
estudiantil,10.112846739243269,10.016293659789316,0.09655307945395286
adaptar,9.642150368220447,9.545621901929772,0.09652846629067469
temer,9.491961432954028,9.395460386362208,0.09650104659182013
rienda,9.892265211218232,9.79576881311628,0.09649639810195154
negociarar,10.069430698861611,9.973071519803094,0.09635917905851699
normal,9.543630195017137,9.44733958564359,0.09629060937354694
sereno,10.003277430463434,9.907004281439725,0.09627314902370898
up,9.253554242904514,9.157313872987537,0.09624036991697693
interpelacion,10.01815302337021,9.922017649180331,0.09613537418987939
cumplir compromiso,9.81854601253276,9.722549460562952,0.09599655196980805
num principal,10.169328997073741,10.073340047127404,0.09598894994633689
ley libertad,10.036302581766996,9.940321198962067,0.09598138280492918
equiparacion salarial,10.068388217624594,9.972440100527873,0.09594811709672157
parto,10.074060476536383,9.978128687870896,0.0959317886654869
lider,6.693040179703027,6.597122018750891,0.09591816095213535
medida adoptado,9.98937770866956,9.893473051612489,0.09590465705707096
exconsejero,9.430660331028252,9.334940381581522,0.09571994944673001
ministro extraordinario,9.939629659134551,9.843956128387141,0.09567353074741014
var,10.163158833571345,10.067487096883777,0.09567173668756723
mos,9.444532481313127,9.348895450088486,0.09563703122464062
ganariar,10.027335378221238,9.931775902350237,0.095559475871001
empatar,10.07246173851619,9.976995033039515,0.09546670547667446
sociedad,8.155548033426573,8.060184792446972,0.09536324097960147
tranquilidad,9.825466110492291,9.730128236227833,0.09533787426445883
san sebastiar,10.00797168509564,9.912704271553787,0.09526741354185297
brecha,9.482189252601053,9.386999657511248,0.09518959508980451
higiene,10.046334811548622,9.951188982704776,0.09514582884384559
titulo personal,9.970990483810523,9.875848403307986,0.09514208050253714
arrimar,9.817524071788373,9.722406512310869,0.09511755947750444
empujar,10.053119820443685,9.95800696726033,0.09511285318335538
enfermar,10.22742106940224,10.132375420964456,0.09504564843778418
llegar punto,10.0304084188659,9.9354356317334,0.0949727871324999
ala,9.77062795239819,9.67575072167935,0.09487723071883991
politizado,10.033475860604334,9.938623517327814,0.09485234327651959
sagunto,10.065170169807049,9.97036573411114,0.09480443569590946
montoro,9.631652149295508,9.536893831728376,0.09475831756713227
lopez madrid,9.96594159000951,9.871270573485715,0.09467101652379561
obtener informacion,10.01403801861554,9.919402755423272,0.09463526319226823
crisis covid,9.998999576442174,9.904387514654532,0.09461206178764137
decretar alarma,10.041588988226048,9.947082091135606,0.09450689709044191
ultimos dato,10.115524393107062,10.021057148903637,0.09446724420342534
peligroso,9.737397713647344,9.642969166483573,0.09442854716377092
auto procesamiento,10.028194943861454,9.933794868414841,0.09440007544661277
vicepresidente,7.931007988738865,7.836626250643578,0.09438173809528738
matizar,9.70638215824073,9.61201857682625,0.09436358141448054
claridad,9.857030990709113,9.762729914907487,0.09430107580162606
abolir,9.989529860301742,9.895244316870432,0.0942855434313099
rodeado,9.94165389378277,9.847398665681428,0.0942552281013409
votar mocion,9.965443906370364,9.871219107443821,0.09422479892654323
correctamente,10.044977631705802,9.950857058501411,0.09412057320439082
gira,9.640894449987702,9.546782340118439,0.094112109869263
quedar casa,10.089898859440524,9.995805970315327,0.09409288912519642
cni,9.109187571390592,9.015150288621616,0.09403728276897638
fake news,9.993729528290263,9.899703554278284,0.09402597401197887
burgo,9.865298940525854,9.771290513238009,0.09400842728784475
puntilla,10.080921476255426,9.986939214192658,0.09398226206276838
nombro,9.976061478495756,9.882113879280583,0.09394759921517348
pueblo saharaui,10.026688474843892,9.932745265168885,0.09394320967500747
condenado corrupcion,10.048352113565509,9.954456839195748,0.09389527436976053
partido exigir,10.024986942084992,9.931112871351232,0.09387407073375975
petroleo,10.155280390084199,10.061506233101461,0.09377415698273772
reabrir,9.591500475818377,9.497740175426616,0.09376030039176086
castilla mancha,10.045521045991938,9.951803973111488,0.09371707288044995
situacion economico,9.959994196703228,9.866344580616971,0.09364961608625677
presidencia partido,9.818143474910801,9.724549287216409,0.09359418769439287
educacion portavoz,9.981640504619785,9.888078778853478,0.09356172576630684
compromiso,8.473486752609567,8.379929343965303,0.09355740864426387
gala,9.739814347010075,9.646342886613946,0.0934714603961293
anarquista,9.973451717979756,9.880029533923064,0.093422184056692
demografico,9.85488655110457,9.761466051353166,0.09342049975140476
avance,8.691178654664396,8.597853211872778,0.09332544279161858
distension,10.033528856792946,9.9402528830585,0.09327597373444618
documento desclasificado,10.02604227404822,9.932771415210938,0.09327085883728081
absoluto,8.300704959351398,8.207438929263272,0.09326603008812562
exactamente,9.8435316509781,9.750275764923863,0.09325588605423718
danar,9.765132768136233,9.671934390181818,0.09319837795441543
repaso,9.880511306328662,9.787323818082529,0.09318748824613365
elena,9.956415029841935,9.863313084795456,0.09310194504647917
arrimar hombro,9.964672305653496,9.871647764115792,0.09302454153770334
cansado,10.08006268924127,9.987060882051248,0.09300180719002249
extremadamente,10.200790312099425,10.107793874887344,0.09299643721208106
musulmán,9.995349668939111,9.90242889709225,0.09292077184686143
acumulacion,10.103903280118002,10.010997860836998,0.0929054192810046
madrid unidas,9.90601110497505,9.813124771333989,0.09288633364106147
izquierda,7.481713693883127,7.3888283636766845,0.09288533020644252
acabar publicar,10.02508002537372,9.932266561754371,0.09281346361934872
celebrar debate,9.971507163527548,9.878757795487754,0.09274936803979372
presentadora,9.988666983787526,9.895919641519688,0.0927473422678382
providencia,9.968450247036529,9.87574714954753,0.09270309748899841
queria,9.962801522414964,9.870102557746971,0.0926989646679921
unidas,7.102796782313059,7.010206763749141,0.09259001856391791
ciudadano congreso,9.970202329711789,9.87762892551099,0.09257340420079885
relativamente,10.109876671122077,10.01732404486851,0.09255262625356764
partido sostener,10.062617016768161,9.970130650034173,0.09248636673398813
pedir ayuda,10.124927480887882,10.032501119601958,0.09242636128592352
conformar gobierno,9.891887839751863,9.799639598864687,0.09224824088717654
establecio,10.185988201868337,10.093741989807826,0.09224621206051076
imputado causa,9.982854837511281,9.890714047453118,0.09214079005816345
elección vasco,10.012698365120091,9.920574737195205,0.09212362792488626
tradicional,9.361981714107879,9.269887614900583,0.09209409920729605
razon,9.01843164162845,8.926347365213608,0.09208427641484107
grabación,9.346671907950098,9.254635554950218,0.09203635299988022
cosechar,10.046583163797557,9.954574281326781,0.09200888247077543
plan accion,10.053851690335765,9.961860294084843,0.09199139625092201
pp elección,10.081778610588806,9.989788198736429,0.09199041185237711
dimision ministro,10.025022379484591,9.933038453587276,0.09198392589731519
pedir partido,9.831293482637996,9.739365105210123,0.09192837742787319
seleccion,9.817727131073818,9.725801108194966,0.09192602287885165
solucionar problema,9.988663351265135,9.896752981434696,0.09191036983043865
caja,8.989083100153705,8.89717951100209,0.0919035891516149
perfilar,9.762892021095276,9.671149443331027,0.09174257776424888
ley amnistia,9.909663811458255,9.817941809121965,0.09172200233629013
antecesora,9.838966935030514,9.747446390742143,0.09152054428837175
socialista denunciar,10.030924961871342,9.939450500595642,0.09147446127570014
proteina,10.172514474934635,10.081134664745798,0.09137981018883679
despacho abogado,10.029795643803672,9.938562878167007,0.09123276563666494
disolver,9.761320842038597,9.670152984933074,0.091167857105523
receta,9.781792293748087,9.690654109839274,0.09113818390881256
desfile,9.947410608687742,9.856318659657456,0.09109194903028595
presidido,9.234532314366449,9.143508317489584,0.09102399687686535
fabrica,10.033884723541215,9.942863942787032,0.0910207807541834
presidenta andaluz,9.893491069099673,9.802475970043215,0.09101509905645777
mil euros,9.935946450827936,9.844953788441737,0.09099266238619919
obtener respaldo,9.98721119508608,9.896230021754583,0.09098117333149602
formacion,6.9331598305065425,6.842184830345663,0.09097500016087956
henar,9.929900203631346,9.838961867540137,0.09093833609120949
rebatir,9.956184247724984,9.865251762585022,0.09093248513996244
agresión sexual,10.126588412093097,10.035671938884702,0.09091647320839513
fondo buitre,10.04177577618292,9.950879555383745,0.09089622079917525
continuara,9.846798777354492,9.755958523875258,0.09084025347923408
recibir ayuda,10.049572525070184,9.958766382291605,0.0908061427785789
portavoz andalucia,9.95761819357103,9.866841420885324,0.09077677268570561
principal sindicato,10.049305970765538,9.958735088610325,0.09057088215521247
tomar decisión,9.382085069135659,9.291518103701684,0.09056696543397535
amplia,10.031459314631869,9.940931745865493,0.09052756876637602
bateria,9.532265089411519,9.441771034269852,0.09049405514166686
impuesto renta,9.991868650694006,9.90137909847782,0.09048955221618549
contesta,9.70793065517393,9.617489603478408,0.09044105169552275
inexistente,9.884709215189847,9.794298795637763,0.09041041955208406
jerez,10.006209921736637,9.915804115164942,0.09040580657169528
george,10.106684928081654,10.016303842793187,0.09038108528846678
celebrar ano,10.023576671133345,9.933236818192709,0.09033985294063562
contarar,9.989222827915437,9.898891399582475,0.09033142833296282
ricardo costa,9.95057623061728,9.860300172484926,0.0902760581323534
rafael catalar,10.033181866500117,9.942906754704818,0.09027511179529846
pesimo,10.062478569325904,9.972219629899808,0.09025893942609642
formacion conservadora,9.481917921193766,9.391682085087902,0.0902358361058635
consistente,10.16959807340685,10.079374809631544,0.09022326377530554
potestad,10.088593804567674,9.998402198724698,0.09019160584297659
reina sofiar,9.909055601051824,9.818894846357173,0.09016075469465079
presidente,6.4349825433391326,6.344872725301605,0.09010981803752749
informal,9.910172859281667,9.820080979594682,0.09009187968698562
femp,9.92852374920988,9.838477138062917,0.09004661114696333
llobregat,9.785522861134169,9.695560191917876,0.08996266921629292
decretoley,9.75630488106858,9.66634844729755,0.08995643377103058
patriotismo,9.933930405357213,9.844011405684789,0.0899189996724239
viable,9.811701937411554,9.721796488859177,0.08990544855237736
xunto,9.984510603587767,9.894646792261199,0.08986381132656796
aplicar num,9.919151083742548,9.829335067573247,0.08981601616930135
experimentar,9.775222503025562,9.685430015916202,0.08979248710936005
exigir,8.129056050423447,8.039279165034307,0.0897768853891403
num pablo,9.950877685699531,9.861118439745988,0.08975924595354279
salud publico,9.940526498261788,9.850786812037379,0.08973968622440864
penal audiencia,9.975750973326736,9.886041594585603,0.0897093787411336
posterior,9.291841710063688,9.202134066456104,0.08970764360758388
enmienda presentado,9.982193443934548,9.892517830917567,0.0896756130169809
exigir explicación,9.983871777983483,9.894219316865277,0.0896524611182059
favorito,9.791580553939578,9.702049501497275,0.08953105244230386
disputar,9.416033978083549,9.326506334952217,0.08952764313133166
raul,9.761682367200365,9.672188010909318,0.08949435629104663
intolerable,9.906064293675783,9.816642276266561,0.08942201740922151
parado,9.906602375190023,9.81722216948498,0.08938020570504257
candidata socialista,9.951755052888155,9.862395977355055,0.08935907553309974
pasaporte,9.872328657282647,9.782975056834873,0.08935360044777418
madrilén asegurar,9.985697928362981,9.896517064888439,0.08918086347454235
privatización,10.07187682091099,9.982769790592833,0.08910703031815714
formacion socialista,9.864628250526751,9.775570401575573,0.08905784895117819
refugiado,9.481107580913182,9.39215573714854,0.08895184376464194
asumirar,9.565405749118932,9.476508591371207,0.08889715774772533
intensificar,9.944407904897202,9.85561917114248,0.08878873375472196
independentismo catalar,9.905265040721776,9.816505935047156,0.08875910567462064
contratación,9.939606899173198,9.850863132582946,0.08874376659025174
aniversario muerte,9.998552610318454,9.909841740110956,0.0887108702074979
antesala,10.038976669250607,9.95034751653726,0.08862915271334693
salario minimo,9.449269485882537,9.360713447568292,0.08855603831424474
interrogante,10.107421587990235,10.018873049186675,0.0885485388035594
seguir hablar,10.016376010563038,9.927895569134161,0.08848044142887623
izquierda confederal,10.055606828723855,9.967148172288637,0.08845865643521833
infeccion,10.005926427095012,9.917502545243774,0.08842388185123795
sonrisa,10.076957040120384,9.98862278153539,0.08833425858499311
aquarius,10.019729411260883,9.931403827110591,0.0883255841502919
expresidente gobierno,8.80322149740961,8.71493967991882,0.08828181749079
inmobiliario,9.681488432486411,9.593214771059303,0.0882736614271078
bigote,9.943688358921076,9.85556317327334,0.0881251856477352
vicepresidente ejecutivo,9.934499410781436,9.846421415186612,0.08807799559482454
investidura num,10.086089541876225,9.998154969572834,0.08793457230339108
falta apoyo,10.03896122438909,9.951054381254119,0.08790684313497188
exministro,8.492954194391332,8.405066585579684,0.08788760881164848
cupula partido,9.933125220256942,9.845241008201638,0.08788421205530383
presentar jueves,10.001988819621435,9.914113116061591,0.08787570355984364
aprobar presupuesto,9.55181599789651,9.46400280673603,0.08781319116048003
quedariar,9.465855812886138,9.378082431222648,0.08777338166349047
maximo organo,9.777310207787714,9.689570423345344,0.08773978444236974
pleno num,9.731624699631178,9.643927648510381,0.08769705112079684
subsanar,9.953680697655031,9.866009439692268,0.08767125796276254
volar,10.068724095778666,9.98109222649961,0.08763186927905586
mes abril,9.875238120228703,9.787636281701984,0.08760183852671943
alegación,9.564610605722867,9.477013429993777,0.08759717572909054
obedecer,9.97313613479377,9.885553528080676,0.08758260671309337
perder num,9.73465501710604,9.647125325764833,0.08752969134120647
mayoria simple,9.965520289007372,9.877993308446648,0.08752698056072461
recibira,9.984537580951091,9.897016132561674,0.08752144838941689
mira,9.699121656650911,9.611650385288028,0.08747127136288313
honestidad,9.978535582181486,9.891085564662093,0.08745001751939263
asamblea ciudadano,9.84242493607454,9.754983059656455,0.08744187641808487
vicepresidente junta,9.762917738075744,9.675501192280484,0.0874165457952607
gabinete presidente,10.037230760027883,9.949885137031032,0.08734562299685145
imposicion,9.936230195245038,9.848898691360365,0.08733150388467337
preguntar,8.477645711306293,8.390483600195065,0.08716211111122796
hermano presidenta,9.954768465133156,9.867648194980157,0.08712027015299917
cargar,8.86067970049554,8.773566204361872,0.08711349613366792
honrar,9.920598953710906,9.833512815664102,0.08708613804680354
frente pandemia,10.012227336843297,9.925153625076485,0.08707371176681278
test,9.752220192471695,9.665210367987005,0.08700982448469041
exitoso,10.154948285519502,10.068040955348648,0.08690733017085428
relevante,9.304084406909375,9.217185154215505,0.08689925269387011
artificial,9.801252245025701,9.71436029084718,0.08689195417852069
paralisis,9.786103473106964,9.699231104944447,0.08687236816251698
alma,9.860928291853543,9.77410571458003,0.08682257727351406
factible,10.097324495890177,10.010585784297955,0.08673871159222202
ganario elección,9.868630902904652,9.78189831305551,0.08673258984914156
renunciar cargo,10.023002525375245,9.936301995247502,0.08670053012774304
austria,10.127266712720253,10.040596653920929,0.08667005879932432
ocurrencia,10.00141692536746,9.914852361026893,0.08656456434056636
embajada espanola,10.06745537202251,9.980911267622195,0.08654410440031413
consejo interterritorial,9.970627591161099,9.884124493757382,0.08650309740371753
propiciar,9.794127499863832,9.707643059793213,0.08648444007061862
puente,9.473719284040547,9.387237525862213,0.08648175817833348
castillala mancha,9.925907475894583,9.839525609584324,0.08638186631025846
exdirigent,9.888882900746715,9.802576510241865,0.08630639050485023
informe juridico,9.934568908652931,9.848273099567272,0.0862958090856587
elección andalucia,9.887335326135338,9.801059998325691,0.08627532780964664
liderazgo,8.88905935176639,8.802785223237933,0.08627412852845673
candidato investidura,9.985563113827492,9.89930583007616,0.08625728375133157
naranja,8.39177561656436,8.305520310626916,0.0862553059374438
magistrado conservador,9.987188037916667,9.900976381629912,0.0862116562867552
carlos salamanco,10.047016066147107,9.960824111777601,0.08619195436950555
juan antonio,9.9056783823235,9.81953814947643,0.08614023284707173
partido minoritario,9.964204452224905,9.878119483599097,0.0860849686258085
apurar,10.03457293356521,9.948490962579614,0.086081970985596
cielo,9.984212623629755,9.898133277071995,0.08607934655776006
centrar esfuerzo,10.029708753079689,9.943708359662766,0.08600039341692245
estatus,10.136832401044552,10.050847949033162,0.08598445201138993
herencia,9.659965807225154,9.57409919350156,0.08586661372359394
regimén,10.126764025258707,10.040904026404824,0.0858599988538824
proceso interno,9.889743187809492,9.803903940979225,0.08583924683026645
consejero andaluz,9.89042084260083,9.804608970491156,0.08581187210967478
candidata,8.162030991667036,8.076245493235866,0.08578549843116967
salamanco,9.451494373680438,9.365727222248756,0.08576715143168201
fabricante,10.00898896935687,9.923228301226251,0.08576066813061978
superariar,10.072822693858148,9.987088457546367,0.08573423631178123
suizo,9.74911266229627,9.663401909635382,0.08571075266088712
respaldo num,9.923082215769229,9.837373778398158,0.08570843737107126
presidente gallego,9.572703514423338,9.487024126455864,0.08567938796747399
accion gobierno,9.783953141218053,9.698337789461181,0.0856153517568714
aclarar,8.683858718297907,8.598273573660839,0.08558514463706857
alquiler num,10.1118753100743,10.026440031763787,0.08543527831051279
rebaja fiscal,10.019840714858978,9.934409786265784,0.08543092859319401
quirurgica,10.115481333608685,10.030057051248834,0.08542428235985078
respondio,10.006237816482956,9.920841068041499,0.0853967484414575
allanar,10.019774342511717,9.93450672201666,0.0852676204950562
decision supremo,9.984510339822204,9.899313647918097,0.08519669190410717
medida cautelarisimo,9.912178531748218,9.82702702240237,0.08515150934584703
presidenta comunidad,8.366548286413575,8.2814040558586,0.08514423055497566
raso,10.079318525272612,9.99418555001775,0.08513297525486152
zu,10.051735263693448,9.966730836692046,0.08500442700140276
saynwittgenstein,10.01838851547732,9.933391805482199,0.08499670999512077
falso testimonio,9.951266691999164,9.86628792321075,0.08497876878841382
region murcia,9.968652230217192,9.883702972904311,0.08494925731288028
ganador,9.523717116263338,9.438777580006349,0.08493953625698936
elit,10.105352593326925,10.020499094447683,0.08485349887924265
estacion,9.984137366707618,9.899295363543414,0.0848420031642032
laboral num,9.971911914914095,9.887094605000595,0.08481730991350034
expresar,8.788008258601062,8.703217218632467,0.08479103996859472
protesta num,10.004362555491186,9.919578456092458,0.08478409939872833
miguel,8.62036375104987,8.535588103670658,0.08477564737921206
abiertamente,9.725059070545258,9.640332148228428,0.08472692231683077
centre,10.015361742769386,9.930697981187507,0.08466376158187927
despertar,9.65922620965275,9.574595941454586,0.08463026819816477
colgado,10.083842244323867,9.999444032820126,0.08439821150374094
medida evitar,10.066998342781789,9.982637442568203,0.08436090021358567
dejario,9.980150642060213,9.895924058533092,0.08422658352712098
anunciar partido,9.9443336863911,9.860157580272357,0.08417610611874338
adverso,10.105309513382595,10.021175582510002,0.0841339308725928
vitoria,9.708614240536944,9.624516955015656,0.08409728552128826
sanz,9.402651948978122,9.318615440903008,0.08403650807511376
legitimidad,9.571610452012562,9.487588410132302,0.08402204188026019
formar ejecutivo,9.904744161390216,9.820746396314682,0.08399776507553369
num ejecutivo,10.082723092170676,9.998810599707056,0.08391249246361987
alarma num,9.856040775563947,9.772195066773534,0.0838457087904132
secretario seguridad,9.802251870578274,9.718492993485802,0.08375887709247287
teniente alcalde,9.584649631509865,9.500948221508303,0.08370141000156295
num manana,10.099295120817258,10.015651677372745,0.08364344344451347
consultor,10.07651821063148,9.992896045502935,0.08362216512854559
estafador,10.145134649764612,10.061530366051793,0.0836042837128197
reunion presidente,9.849526594177203,9.765949967783333,0.08357662639386909
sintonia,9.481053209639162,9.397587440353977,0.08346576928518523
jornada juicio,10.090346184224035,10.00691580025389,0.08343038397014624
portavoz jxcat,10.041974118032838,9.958587407206682,0.08338671082615612
nacionalista vasco,9.850812792093706,9.767511823244648,0.08330096884905736
ventana,9.996891791618552,9.913623348345714,0.08326844327283744
dato oficial,10.058139376679243,9.974896105605508,0.08324327107373541
salir prision,9.985307721136314,9.9020892812993,0.08321843983701349
salido,10.023918964442094,9.940838438214996,0.08308052622709816
ensanchar,9.95753252666274,9.87451069545777,0.0830218312049702
solvencia,10.009931618650146,9.927003553601931,0.0829280650482147
serio,8.41806186161599,8.335171841875846,0.08289001974014454
miercol pleno,10.07390218641696,9.991012842891033,0.08288934352592747
jo mata,9.829073363017736,9.746230532096986,0.08284283092075029
anunciar gobierno,10.051957922204481,9.969134077875278,0.08282384432920331
mirar,9.244242531377257,9.16145857922462,0.08278395215263679
mario jo,9.894750989565022,9.81221456070976,0.08253642885526169
juridicamente,9.997521257542475,9.914992148919652,0.0825291086228237
rapido,9.524942912518293,9.44241985478403,0.08252305773426372
contrarrestar,10.031768484633622,9.94926357404996,0.08250491058366194
comicio num,9.476735259101293,9.394234465869314,0.08250079323197923
presa,10.082808124300941,10.00034634568561,0.08246177861533077
espana pedir,10.07368575783947,9.991294501194425,0.08239125664504598
preso catalán,10.061895439982735,9.979520766714383,0.08237467326835102
inmediatamente,9.69901011432246,9.616704348989009,0.08230576533345157
armada,10.048215713427213,9.965950944570489,0.0822647688567244
perteneciar,10.109466540735234,10.027203139013855,0.08226340172137903
irregularidad,8.66363536287669,8.581469438672945,0.08216592420374447
situacion politico,9.75747589536466,9.6754236426434,0.08205225272125993
televisivo,9.95337190028495,9.871350151955632,0.08202174832931775
secretaria igualdad,10.001171854197842,9.919200241061137,0.0819716131367052
perder,8.321653256704295,8.239698595865383,0.08195466083891212
sustituto,9.63296192224365,9.551116619293266,0.08184530295038428
acusar presidente,9.5455927032998,9.463758451167338,0.08183425213246132
nacion,9.411886981820453,9.330072139205992,0.08181484261446137
china,9.830473377455045,9.74868039878806,0.08179297866698398
ejecutivo deber,9.954164404091244,9.872385240493914,0.0817791635973304
investigacion caso,10.08433084916215,10.002694008150263,0.08163684101188728
candidata alcaldia,10.006720927296362,9.925099935505838,0.0816209917905244
humo,9.933438488803555,9.851872567672883,0.08156592113067163
ceuta melilla,10.00116164799671,9.919607571391394,0.08155407660531644
autoritarismo,10.002737477010358,9.92126496669929,0.08147251031106784
anadir,9.003492588948486,8.92212748477439,0.08136510417409681
andaluciar,9.53298848758208,9.451646782186343,0.0813417053957366
ley impulsado,9.974669519993032,9.893332784094653,0.08133673589837898
articulo codigo,10.079684878141244,9.998382065779433,0.0813028123618107
concordia,9.773922176150979,9.692650647395915,0.08127152875506383
industria comercio,10.003319456789148,9.92207547269184,0.08124398409730738
encapuchado,10.07253304802383,9.991295807070584,0.08123724095324647
noticia num,10.142457153860141,10.06126400479732,0.08119314906282149
num grupo,9.970151377374087,9.888969951332745,0.08118142604134171
ano cargo,10.060985626819898,9.979856716871883,0.08112890994801525
transformador,9.991262505159414,9.910223256417856,0.08103924874155766
trascendental,10.082909583865462,10.001913366739457,0.08099621712600502
violencia intimidacion,10.059327070254634,9.978331260902074,0.08099580935255979
estrategia,8.097308572949157,8.016327894833788,0.08098067811536858
eficacia,9.810164786322334,9.729211673987615,0.08095311233471847
debate totalidad,10.003537736084743,9.922606207290388,0.0809315287943555
constitucionalista,9.476184405571038,9.395259912034156,0.08092449353688203
necesitario,9.896054062541568,9.81515801024615,0.08089605229541696
carga,8.93547000191207,8.854622756835825,0.08084724507624408
cuyo objetivo,10.087352078766866,10.006565783759545,0.08078629500732148
transcurso,10.059376547767766,9.978612787844703,0.0807637599230624
apoyar mocion,9.898041423483194,9.817327007574647,0.08071441590854711
interes,9.351085531244902,9.270444402004077,0.08064112924082423
expuesto,9.995471940462547,9.914867296436809,0.08060464402573864
ultima decada,10.051722515194786,9.971211245301136,0.0805112698936501
respectivamente,9.541343977448015,9.460906056304605,0.08043792114341031
redoblar,9.942998562659241,9.862592930405068,0.0804056322541733
legislatura num,9.931802778265018,9.851410343499328,0.08039243476568991
contradecir,10.043136016253642,9.9627583861985,0.08037763005514265
escultura,9.99313360558864,9.912770347294929,0.08036325829371194
entorno,8.894140831828409,8.813819088474492,0.08032174335391673
planteo,9.884735210627579,9.804458475465786,0.08027673516179235
expresidente valenciano,9.80268767310969,9.722442081094757,0.08024559201493275
posicion gobierno,9.935881944535069,9.855653955861664,0.08022798867340519
criticar gobierno,9.939048546545825,9.858936784965827,0.08011176157999778
division,9.249660553010667,9.16959198371953,0.08006856929113759
concurrar,9.904470056264824,9.824529539583226,0.07994051668159763
querellado,10.046872979812969,9.966992812382777,0.07988016743019166
verdaderamente,10.095947824021053,10.016076699882802,0.0798711241382506
apoyar,7.788854922592679,7.709015929170153,0.0798389934225261
excedencia,10.06400402998996,9.98418014937288,0.07982388061707901
elimino,10.08102183477617,10.00120976864644,0.07981206612972969
instaurar,9.994621257899112,9.914831265032047,0.0797899928670649
asegurar secretario,10.000706099545631,9.921065792960432,0.07964030658519938
agradecer,9.383896209787238,9.304264753418085,0.07963145636915314
frustracion,10.036457438554999,9.956962452378985,0.07949498617601414
enjuiciamiento,9.820006355622676,9.740576973528611,0.07942938209406414
cautelarisimo,9.805311743178354,9.725993261998202,0.07931848118015239
cargos,10.050382881202063,9.971119073484301,0.07926380771776209
llama,10.056457761812833,9.97722727343818,0.07923048837465352
enfado,9.979856537149399,9.90062702409563,0.07922951305376813
interviu,10.070611733024448,9.991383781943307,0.07922795108114045
barreiro,10.06597804673347,9.986771231971028,0.07920681476244162
social igualdad,10.025224994070271,9.946086007691383,0.07913898637888828
volveriar,10.029857472767977,9.950798947595066,0.07905852517291123
buitre,9.957461156218564,9.878498452811552,0.0789627034070115
diputado unidas,9.826524609286366,9.74766788663473,0.07885672265163635
elección presidencial,10.158069741988315,10.079241249721079,0.07882849226723643
ciudad mexico,10.177805134925293,10.099084038054148,0.07872109687114559
garantizar seguridad,10.000531198274718,9.921824444209474,0.07870675406524441
profesion,9.924590279291845,9.84590461119572,0.07868566809612432
alerta emergencia,10.114677848594907,10.035998930135014,0.07867891845989305
fuerza politica,9.297991846897933,9.219329993505356,0.07866185339257648
martin,9.014463625355557,8.935815508860982,0.07864811649457515
interrupcion,9.818697178739361,9.740123310134761,0.07857386860460025
grupo presion,10.067813708751604,9.989243427972603,0.07857028077900097
territorio espanol,9.962293254636913,9.883729259283076,0.07856399535383751
buscar solución,10.043245525350361,9.964764252272442,0.07848127307791941
mesa comision,9.99028821654314,9.911807351833321,0.07848086470981919
ruptura,9.013609091355061,8.935154478976429,0.07845461237863205
disparate,10.117875843293739,10.039470835856449,0.07840500743728995
jurar,10.034826857268493,9.956467104707485,0.07835975256100802
plantear gobierno,9.974396201193517,9.896060570473555,0.07833563071996252
adriar joya,10.025471223719745,9.947163768569686,0.07830745515005866
combinacion,10.115103423588234,10.036802121543818,0.07830130204441588
madrid ano,10.039313844467548,9.961091451554,0.07822239291354904
presidente diputacion,9.871393479136465,9.793219323110165,0.07817415602630007
prometio,9.922949200386455,9.844792257130193,0.07815694325626232
taurino,9.84153972719104,9.763411361957537,0.07812836523350342
proporcion,10.144722349873856,10.066634840297642,0.07808750957621413
elite,10.031634655402902,9.953582643203875,0.07805201219902713
pretexto,10.016571212332188,9.938527337366263,0.07804387496592469
linea rojo,9.74140693131546,9.663413143875934,0.07799378743952623
capa,10.11401304631543,10.036029735610141,0.07798331070528874
perdio,9.717646314361982,9.63973079793152,0.0779155164304619
xenofobo,9.647198506814144,9.569310940463653,0.07788756635049054
mena,10.086153126810752,10.008338995357734,0.07781413145301741
colocado,9.937745397358471,9.859993185930442,0.07775221142802913
someterar,9.883018259951587,9.80534585709392,0.07767240285766697
conectado,10.147741627601638,10.070137273451929,0.07760435414970956
reclamar ejecutivo,9.960823977980878,9.883241532448041,0.07758244553283689
grupo politico,9.604815393234254,9.52727891073785,0.07753648249640399
admitir recurso,9.94492088319384,9.867399007665563,0.0775218755282765
tesorero,9.814572860416638,9.737061594899375,0.07751126551726273
madrid investigar,10.050635981060822,9.973152309055894,0.07748367200492723
homofobo,9.94075493495048,9.86331224230912,0.07744269264135895
machismo,9.974457570710364,9.897024886407602,0.07743268430276196
subida pensión,10.021244566823817,9.943836717809846,0.07740784901397113
diputado senador,9.859593956489679,9.782322525759266,0.07727143073041276
habriar,9.293336466259433,9.21607555472772,0.0772609115317131
ofrecio,9.747830088128984,9.670572789595706,0.07725729853327756
interesado,9.708922581891885,9.63177914177318,0.07714344011870544
justo despu,10.101046892453187,10.023905112000072,0.0771417804531147
sentido comun,9.907945732057048,9.830856985096586,0.07708874696046131
directivo nacional,9.949210276124157,9.872125837263916,0.07708443886024163
incorporacion,9.670319064357743,9.593273464720673,0.0770455996370707
catalir,9.90121630496049,9.824190802373598,0.077025502586892
cautelarmente,9.907612599504981,9.830605301390586,0.07700729811439544
demandar,9.696489532417699,9.61948706103721,0.07700247138048866
liderir,9.876510482646902,9.799533088551069,0.07697739409583271
mari,9.996665473479386,9.91978053962286,0.07688493385652606
sobrecost,9.95082554263934,9.873947603521154,0.07687793911818552
ejecutivo central,9.661791455000554,9.58495212162897,0.07683933337158422
querer imponer,10.075478315672107,9.998745520180899,0.0767327954912087
cifrar num,9.955796652561618,9.879071330172545,0.07672532238907337
doctoral,10.063791745205602,9.98713082648133,0.07666091872427216
revelado,10.08497387210757,10.008317876383709,0.07665599572386128
preferente,9.911639300392757,9.83500206646889,0.07663723392386679
comprometido,9.426679346684914,9.35019017600079,0.07648917068412331
gallardon,10.077423868509392,10.00098743483281,0.07643643367658193
traficante,10.08275751700382,10.00637381450128,0.07638370250253956
ano judicial,10.001830992773938,9.9254654425075,0.07636555026643777
procedencia,9.895883060175985,9.819606953058406,0.07627610711757882
macarena olona,10.070199634664732,9.993942852919751,0.07625678174498063
exclusiva publico,9.886811300236694,9.810627407602178,0.07618389263451597
romero,9.749970318397505,9.673872138578954,0.07609817981855116
dejar margen,10.065389728916761,9.989312616147302,0.07607711276945928
barcelón,10.068485174932594,9.992487669241749,0.07599750569084485
banca,9.306156980353324,9.23020514059332,0.07595183976000364
considerar necesario,9.78815982208868,9.712247326539126,0.07591249554955404
barcelona num,10.030567027407246,9.954655915791818,0.07591111161542763
despachar,9.902438814795328,9.826538531388675,0.07590028340665356
sumo,9.783359939913746,9.707486982354835,0.07587295755891077
proximamente,9.848820007578041,9.772955674609287,0.07586433296875406
humanidad,9.577799234179146,9.501936389755576,0.07586284442357005
martinezalmeido,9.723553869381286,9.647702503097248,0.07585136628403788
sobrar,9.929260463594122,9.853539956597475,0.07572050699664779
escalada,9.753049623200239,9.67733995338575,0.07570966981448812
excepcion,9.203826769286323,9.128148049861675,0.07567871942464777
autonomico municipal,9.951917568154023,9.876258656727408,0.07565891142661485
direccion federal,9.675717783379767,9.600090418866877,0.07562736451288998
representar,8.833840714490501,8.758237449919152,0.07560326457134892
consistir,9.827781078043062,9.752202843224097,0.07557823481896442
ceso,10.063979591365905,9.988441719769549,0.07553787159635661
favorablemente,10.029327647018212,9.9538063440629,0.07552130295531256
autonomica num,9.325772212540866,9.250252558816234,0.07551965372463165
incitar,10.110324594639902,10.034929079178545,0.07539551546135748
darar,9.757080345086276,9.68170261059693,0.07537773448934537
ligero,10.017428448281084,9.942102278507965,0.07532616977311868
famoso,9.67647962312298,9.601164224831676,0.07531539829130374
occidental,9.452918633191679,9.377665616454808,0.07525301673687146
hipotesis,9.810505145396618,9.735321435513358,0.07518370988326062
continuar,8.95003009169474,8.87486363957318,0.07516645212156092
manueco,9.04223895273539,8.967117759434666,0.07512119330072409
cha,9.907969606821597,9.83289928053157,0.0750703262900263
cerrada,9.83005436574332,9.755018445366968,0.07503592037635265
instruccion caso,10.042408345124553,9.967440752285553,0.07496759283900012
orden ministerial,10.0646878308917,9.989780305945624,0.07490752494607555
prosperar,9.659483967502775,9.584587564381932,0.07489640312084234
recortar,9.8086906896799,9.733797307690585,0.07489338198931428
tradicionalmente,10.015541629807773,9.940661319973012,0.0748803098347608
neumonia,10.101114565478712,10.026265886616919,0.0748486788617928
jo segarra,10.061571791881175,9.98674917409068,0.07482261779049537
segarra,10.061571791881175,9.98674917409068,0.07482261779049537
teniar num,10.238124208779038,10.163374361168783,0.0747498476102546
calificado,10.067680429134443,9.992950794299837,0.07472963483460582
maximo confianza,10.07598138466226,10.001259535058157,0.07472184960410289
corazon,9.862977822649402,9.78842686046651,0.07455096218289192
imponer multa,10.061240244134543,9.986710992784367,0.0745292513501763
ampliamente,9.883643979284352,9.809212073920664,0.0744319053636886
agenda politico,9.992491184133335,9.918078344935632,0.07441283919770392
portavoz maria,9.471034938504808,9.396644725592171,0.07439021291263614
uniforme,10.075694889458187,10.00131434117115,0.07438054828703677
madrilén,8.084332243563807,8.010004227800403,0.07432801576340431
num tribunal,10.008279303622688,9.933965300701637,0.07431400292105117
escenifico,10.048075422969301,9.973813567389639,0.07426185557966214
silenciar,10.003467295553284,9.929233266403525,0.07423402914975874
encargada,9.885499036997142,9.811279998948406,0.07421903804873686
salir carcel,10.045117975685871,9.970946441910817,0.07417153377505414
compro,10.004662851891513,9.93053226570831,0.07413058618320356
redactado,9.973820296861927,9.899850533978663,0.07396976288326407
aras,10.10289213068734,10.028957976359486,0.07393415432785488
potencia,10.022459513226575,9.948604498702602,0.07385501452397314
levantamiento,9.888218020745178,9.814452431532748,0.07376558921242982
sentido voto,9.885244451529648,9.811489695424644,0.0737547561050036
dejar entrever,10.017819430646407,9.944148358760609,0.0736710718857978
lesbiano,10.111007660458107,10.037346562637548,0.0736610978205583
extraer,10.110206940480078,10.036566890588947,0.07364004989113049
mostrar rechazo,10.029699190072078,9.956189957374589,0.07350923269748932
aplicar articulo,10.043221735215624,9.969727844777026,0.07349389043859844
alcance,9.543758304613574,9.470280380510772,0.07347792410280185
restaurante,9.776114189595692,9.702730424094995,0.07338376550069725
ocultacion,9.981308159939983,9.907956812028116,0.07335134791186704
desesperado,10.052486780078345,9.97914921912241,0.07333756095593458
responsabilizar,9.93079826802597,9.857468464236092,0.07332980378987841
sufrirar,10.113868255871628,10.040539890569349,0.07332836530227915
ricardo prado,9.937205377345308,9.8639157320519,0.07328964529340709
cobro comisión,9.981347768449583,9.908109515456292,0.07323825299329023
acometer reforma,10.058922728674057,9.985706622354703,0.07321610631935371
articular,9.669857157694574,9.596751290956025,0.07310586673854935
financiar campana,10.00427518892395,9.931202616323045,0.07307257260090516
cerebro,9.986671505550332,9.913665541637187,0.07300596391314507
condecoración,9.705513245608042,9.632561431553682,0.07295181405435969
catedral almudena,10.05574398065508,9.982868504508215,0.07287547614686574
ficcion,10.127475291364997,10.054621429617038,0.0728538617479586
producido,9.914772778055879,9.84192952866829,0.07284324938758857
informe encargado,10.024890523545853,9.952059839526715,0.07283068401913795
calumnia injuria,10.047408751710082,9.974604365330734,0.07280438637934772
vecindad,10.089797552996844,10.016995306969903,0.07280224602694041
social frente,10.017284477073547,9.944530978319765,0.0727534987537819
seguir vigente,10.018948725944215,9.946277470791285,0.0726712551529296
num organizacion,10.081478638660608,10.008833260212624,0.07264537844798369
operacion espionaje,10.053944198476053,9.981327399677522,0.07261679879853133
habriir,9.62069156006273,9.54807940355928,0.07261215650344965
waterloo,9.992240268989962,9.919632384141993,0.07260788484796876
minoritario,9.747579544699343,9.675021259014624,0.07255828568471934
continente,9.896338670523862,9.823792358379713,0.07254631214414964
off,10.14487376318156,10.07257139516819,0.07230236801336964
dejar abierto,10.02809575823578,9.95583543790039,0.0722603203353902
partido congreso,9.901920295448328,9.82974193155907,0.07217836388925747
seno gobierno,9.914877623973567,9.842785467860022,0.0720921561135448
mostrar preocupacion,9.957553193123774,9.885462394326577,0.0720907987971966
parlamento regional,10.017062168876192,9.944973103509748,0.07208906536644477
respetuoso,10.070914550805227,9.998835385543826,0.07207916526140146
emprender acción,10.039415069362892,9.967352839224016,0.0720622301388758
mesa negociacion,9.454799618903175,9.382764544363278,0.07203507453989744
yerno,9.934992056878928,9.86297182530804,0.0720202315708871
entrego,9.706324543688892,9.634319883211532,0.07200466047735965
apoyo psoe,9.967771278174903,9.89584526635715,0.07192601181775338
comparecerar,10.082691346610765,10.010851071786217,0.0718402748245488
solemne,10.01382298099519,9.941987714269189,0.07183526672600138
continuarar,10.115770727779367,10.04394460414706,0.07182612363230767
avecinar,10.06508530309697,9.993331934691755,0.07175336840521496
subida salario,9.91032710097376,9.838607268664997,0.07171983230876222
vigilante,10.036267659602878,9.964565195938608,0.0717024636642698
aniversario constitucion,10.02522394103059,9.953715856923399,0.071508084107192
dieta,9.840683084449402,9.769229675341128,0.07145340910827436
equivocar,9.446513245567568,9.375085715551974,0.07142753001559399
maria dolor,9.483725199208534,9.412360409260366,0.0713647899481682
consultado,9.595805989540237,9.524470024904534,0.07133596463570235
explicar entrevista,9.866672067799154,9.795391792905233,0.07128027489392075
esgrimido,9.998446949487857,9.92716800367217,0.07127894581568661
millón fondo,9.991376892246908,9.92012845827904,0.07124843396786851
andoni,9.989437925467064,9.918245448894302,0.07119247657276162
andoni ortuzar,9.989437925467064,9.918245448894302,0.07119247657276162
verbal,9.98012204503953,9.908931756844812,0.07119028819471751
intermediario,9.973486637122377,9.902353053036181,0.07113358408619597
batalla,8.925789706131898,8.85466255538452,0.07112715074737785
servicio social,9.712924672414642,9.641805912930284,0.07111875948435831
pata,9.993320581423648,9.922229213683561,0.0710913677400864
gustario,9.836744484219242,9.76565483461585,0.07108964960339215
gobierno mes,10.019512761469606,9.948561873858349,0.07095088761125723
respiratorio,9.994548635541296,9.923599445013851,0.07094919052744508
cambio rumbo,9.992125518684404,9.921187118698606,0.07093839998579732
espalda,9.713344913129426,9.642429009013991,0.07091590411543436
portavoz madrid,9.86080565976892,9.789900171756416,0.07090548801250307
apoyar propuesta,9.992839463089826,9.921936896043116,0.07090256704671027
pnv,8.185356864219214,8.114534780240545,0.07082208397866907
historial,9.979516360611198,9.90869728054944,0.0708190800617583
mano,8.276965293877744,8.206161072480835,0.07080422139690867
coalicion partido,10.035548935221161,9.964769771121029,0.07077916410013252
anunciar miercol,10.00008876570204,9.92936315616137,0.07072560954066986
pericial,9.926323711742791,9.855616870829321,0.0707068409134699
centro nacional,9.842894407295839,9.772391432858681,0.07050297443715792
deber tomar,10.01571128407785,9.945222223702846,0.0704890603750048
botella,9.877273285116505,9.806801363762562,0.07047192135394376
congreso rechazar,9.873112623438068,9.802648501806397,0.07046412163167126
publico ano,10.03769088510747,9.967232192233652,0.07045869287381734
seguir criterio,10.043841901604477,9.973457416826879,0.07038448477759829
protagonismo,9.462816814112063,9.392445929620946,0.07037088449111728
monarquia parlamentario,10.041385701366009,9.97104507792284,0.07034062344316894
reconducir,9.971380527705755,9.90108650280241,0.07029402490334391
mes agosto,9.996100797412884,9.925879695899253,0.07022110151363137
electoral dejar,10.064707319702592,9.994490084946897,0.0702172347556953
convivir,9.902888870326633,9.832684382084727,0.07020448824190595
vivir num,10.108341862405547,10.038181166749485,0.07016069565606209
fernando lopez,9.8906245446102,9.820468737938622,0.07015580667157728
rompio,9.989562991662796,9.919463184091512,0.07009980757128353
tension,9.103151010828677,9.033053116797305,0.07009789403137212
interpondrar,9.960994127245838,9.89090244679844,0.07009168044739766
num presentar,10.004741127566723,9.934674298766906,0.07006682879981696
beneplacito,10.06418735114097,9.994156331352212,0.07003101978875748
pp lograr,10.032764576535188,9.962780053266854,0.06998452326833338
candidato liderar,10.011347154772885,9.941379241881858,0.06996791289102688
aspirar revalidar,10.109873893661415,10.039916473933093,0.06995741972832192
madrid lider,9.93033068250965,9.860378977635893,0.06995170487375724
obtener resultado,9.79025254586678,9.720348524621947,0.06990402124483275
duro critica,9.994035507400403,9.924170889050433,0.06986461834996938
miercol congreso,10.002685935573515,9.932945034010524,0.06974090156299084
socio ejecutivo,10.096310459332651,10.026680518375844,0.06962994095680664
ejecutivo num,9.929722950697196,9.860120145570145,0.06960280512705097
aplico,10.050032412049308,9.980456045984694,0.0695763660646147
adjudico,10.018747468989535,9.949282385566983,0.06946508342255164
presentar partido,9.975038727638712,9.905635613813448,0.06940311382526332
universidad complutense,9.937543470595719,9.868148634114693,0.06939483648102573
desaparicion,9.550157127399157,9.480808330522622,0.06934879687653428
cultura deporte,9.937929344102182,9.868627491350532,0.06930185275165002
traves,10.051371495731496,9.982099263762555,0.06927223196894161
considerar imprescindible,10.041743204382884,9.972679016298951,0.06906418808393333
martinez,8.699462094106064,8.630505317501516,0.0689567766045478
cubierto,10.154306119171094,10.085393097250087,0.06891302192100746
proximos num,9.868744237590061,9.799839259150062,0.0689049784399991
presidir comunidad,9.677186019224743,9.608365918454098,0.06882010077064571
pensión num,9.924683518745098,9.85587538732218,0.06880813142291764
revocar,9.509662375237372,9.44095315539817,0.06870921983920297
formado,9.489610606681968,9.420930412151165,0.06868019453080265
ultimatum,9.93867402476539,9.870004157168097,0.06866986759729343
situacion criticar,10.010208297465205,9.941547891269831,0.06866040619537372
espana seguir,10.074077792802036,10.005477878177897,0.06859991462413895
causa muerte,10.120225156014518,10.051650160000067,0.06857499601445127
gravisimo,9.97081845239469,9.902276878914762,0.06854157347992818
criticar medida,10.03816893723925,9.96962748382779,0.068541453411461
esgrimir,9.647549263507877,9.579008054105744,0.06854120940213271
socialdemocrata,9.978533436346588,9.909995349646767,0.06853808669982087
infierno,10.099773070948649,10.031311506100607,0.06846156484804133
reeleccion,9.632823186180934,9.564375200813766,0.06844798536716823
filosofo,10.072406991919152,10.00401157299689,0.06839541892226286
bono,9.77691208866493,9.70854890847539,0.06836318018954124
exmandatario,10.032469784126357,9.964130557532672,0.06833922659368596
ismael,9.981444666354902,9.913117608940734,0.06832705741416767
blindar,9.656776348036269,9.588470300483545,0.06830604755272418
perderio num,10.08881535702733,10.020581154498647,0.06823420252868395
noche num,10.088877060545656,10.02069167562243,0.06818538492322546
pidiir,9.870955683933115,9.8027802448028,0.06817543913031443
vuelco,9.907373232225497,9.839210317820484,0.0681629144050131
farmaceutica,10.047244567200297,9.979105576668884,0.0681389905314127
normalizar,9.656458255592566,9.588393627631396,0.06806462796117074
partido extremo,9.15670543525693,9.088646966815094,0.06805846844183527
votacion investidura,10.016515113317089,9.9485113612108,0.06800375210628928
insistir deber,10.054531861448654,9.986639992332107,0.0678918691165471
formacion santiago,9.803588638132489,9.735697979449442,0.06789065868304611
num fecha,10.055458573835686,9.98762533307574,0.06783324075994557
corona,9.100085389270545,9.03226443008224,0.067820959188305
hablar publico,9.880322777773744,9.812506022452924,0.06781675532081977
llegar despu,9.549764968585484,9.48196873091218,0.06779623767330278
espanar,9.787998721417624,9.720293932401114,0.06770478901650989
us,10.1388235557578,10.071236139495632,0.06758741626216747
serio fuerza,10.043836451696546,9.976287713141959,0.06754873855458676
aprobar jueves,9.934337409155836,9.866834248273486,0.06750316088234953
mundo num,10.034596593435834,9.967104863510306,0.06749172992552843
santander,9.673516895115752,9.606084593051651,0.06743230206410011
pertinente,9.844417437929671,9.776997650436746,0.06741978749292521
estreno,9.864557079053371,9.797146641375999,0.06741043767737231
vendio,10.153854451698459,10.086462363240177,0.06739208845828237
favorecer,9.20914661844848,9.141760484458677,0.0673861339898032
calmar agua,10.02568920100785,9.958351550100046,0.0673376509078043
num habiar,9.972676327446344,9.905345189636082,0.06733113781026212
fundamentalmente,10.011930057434913,9.944599411038164,0.06733064639674957
dominar,10.154471127325554,10.087155993115662,0.06731513420989188
apostillar,10.002107092649837,9.934817809235641,0.06728928341419582
bachillerato,10.025907589168446,9.958655213117826,0.06725237605061984
consenso,8.612698335930311,8.54545192184776,0.06724641408255039
exaltacion,9.677192704415107,9.610028130230475,0.06716457418463229
tumba,9.648658159862734,9.581518800849935,0.0671393590127991
comparar,9.660864913118505,9.593950790169645,0.06691412294886057
remontar,9.895842271582282,9.82899527888214,0.0668469927001425
fuerza morado,10.06128604186042,9.994440540974864,0.06684550088555596
eleccion,9.021632522504497,8.954796699441617,0.06683582306287938
deteccion,10.016044615327697,9.949278623381838,0.06676599194585897
acabar ano,9.985961272926948,9.919268633892486,0.06669263903446243
magistrado tribunal,9.884413251425944,9.81776994949758,0.0666433019283641
convencer,9.243503610350096,9.176871960435015,0.06663164991508097
acto publico,9.806669582297872,9.740064687377464,0.06660489492040789
cup,8.363265350072455,8.296671335884199,0.06659401418825617
ano vida,10.067001748375569,10.00048727175677,0.06651447661879928
marcha medida,10.07606659171169,10.009619555844768,0.06644703586692202
representar num,10.07248762271287,10.00608175950321,0.0664058632096598
caja partido,10.047401306505593,9.981000443987178,0.0664008625184156
xenofobia,9.919990791879608,9.853601650833928,0.06638914104567917
teoria conspiracion,10.009747125525477,9.943373248503415,0.06637387702206254
pp presidencia,10.04776203721361,9.981398603693135,0.06636343352047547
arrepientar,10.06510288661513,9.998769558791684,0.06633332782344503
socialista considerar,9.85410020106709,9.787788824863952,0.06631137620313865
protagonista,9.386031357563787,9.319821506569737,0.06620985099405097
maragall,9.886772237413275,9.82061853383795,0.0661537035753259
elección catalán,9.548699896349,9.482547767233825,0.06615212911517432
dioxido,10.120300567025991,10.054168961291287,0.06613160573470367
socialista madrileno,10.036500919077591,9.970403959938748,0.06609695913884295
soporte,10.072598926175774,10.006533557262218,0.06606536891355574
implantar,9.585457227598587,9.519413064487996,0.06604416311059147
castello,9.985473629322065,9.919446590296936,0.06602703902512985
partidario,9.378164196318806,9.312174843195095,0.06598935312371168
participacion num,10.012588801692914,9.946651498457273,0.06593730323564095
saludo,9.900610855272184,9.834682549669411,0.06592830560277285
ejecutivo mantener,9.95830795492443,9.892408874615956,0.06589908030847447
ningun caso,9.694145517177892,9.628291157236713,0.06585435994117894
asistido,10.068542211495178,10.002720867850966,0.06582134364421144
alinear,9.978132216455569,9.912400665843732,0.06573155061183655
pp reconocer,9.964881256757991,9.899175130452226,0.06570612630576456
num pagina,9.791715294332477,9.726024882235142,0.06569041209733406
compartido,9.82359601566461,9.757932057630136,0.06566395803447378
ejecutivo socialista,9.861484891281721,9.795887937028478,0.06559695425324286
despu elección,9.740972809885827,9.675395396050497,0.06557741383532978
espacio cambio,10.035281141876363,9.969762273688914,0.06551886818744812
causante,10.114663213688061,10.04916810660487,0.06549510708319062
gobierno podrio,9.99385856205245,9.928467644095575,0.06539091795687568
pauta,9.97295297954362,9.907568394572495,0.06538458497112565
aritmetico,9.93506348935265,9.869688635486465,0.06537485386618513
caso covid,10.160095109150486,10.094739490403205,0.06535561874728124
medida fiscal,9.897271284752753,9.831950527305382,0.06532075744737043
enfoque,9.922413497377471,9.857145073580655,0.06526842379681597
persona querer,10.102576917037556,10.03730963887416,0.06526727816339672
adjudicacion,9.510319626459506,9.445082806654211,0.06523681980529439
mandar,9.180044657133225,9.114834307478626,0.06521034965459904
aprobar num,9.6770089735798,9.611836309353967,0.0651726642258339
probable,9.60963611473788,9.544498172210547,0.06513794252733263
influencia,9.213885269397856,9.14886714723229,0.0650181221655668
num dirigente,9.936780404177252,9.871772564049092,0.06500784012816041
resultado electoral,9.435223123461212,9.370256778754285,0.0649663447069262
aislado,9.860715927772196,9.795767816885252,0.06494811088694341
terror,10.099015547946614,10.034087565466479,0.06492798248013543
deteriorar,10.057945752924011,9.99302276722994,0.0649229856940714
mejorar,8.657689116956698,8.592766155924929,0.06492296103176898
trabajado,10.111390555927494,10.04647796136079,0.06491259456670484
inhabilitacion torra,10.044983184496957,9.980140010787185,0.06484317370977166
cosa,8.596888056433235,8.532102731745713,0.06478532468752185
apoyar presupuesto,9.71167832990208,9.646901016787888,0.06477731311419177
increpar,9.976574752362728,9.911832803363358,0.06474194899936947
socialista unidas,9.895713727779725,9.830973497341587,0.06474023043813837
dictaminar,10.050110996345873,9.985457169309797,0.0646538270360768
pollar,9.990543497818388,9.92599591072101,0.06454758709737796
carlos pollar,9.990543497818388,9.92599591072101,0.06454758709737796
masa,10.102131084171358,10.037611617162366,0.06451946700899214
num podrio,10.08200573412955,10.017508588787239,0.06449714534231177
decena persona,9.959488401597278,9.895001803016426,0.06448659858085293
considerable,10.144742761594872,10.080304066407713,0.0644386951871585
num audiencia,10.053182419025179,9.988818856330784,0.06436356269439436
tercero ministra,10.061430951919721,9.997076869406033,0.06435408251368813
solución,9.42643267202693,9.362252778090914,0.06417989393601609
paralizacion,9.786075198230737,9.72195400573356,0.0641211924971774
marcelino,9.92241496374745,9.858317937355144,0.06409702639230552
ilegitimo,9.942239717019794,9.878154329013997,0.06408538800579677
investigacion judicial,9.956301093556322,9.892277903751753,0.06402318980456911
pariente,10.037205074856287,9.973243236057385,0.06396183879890138
logrado,9.91992277880536,9.85598539373663,0.06393738506872992
libertad preso,10.05975600943873,9.995846465483458,0.0639095439552726
diputado congreso,9.846129394178266,9.782235748731845,0.06389364544642184
conflicto saharaui,10.054651899916923,9.990780189595592,0.06387171032133132
repeticion,9.191155793069582,9.12733294486697,0.06382284820261219
voto necesario,9.887140436115748,9.823386078172879,0.06375435794286943
telematica,9.962349934150712,9.89862929988077,0.06372063426994146
simplificar,10.068133492738419,10.004467038671818,0.06366645406660076
ejecutivo regional,9.932555349467618,9.868891347072559,0.06366400239505943
guardado,10.07282638840492,10.009176840998935,0.06364954740598527
vicepresidente castilla,9.948303192281918,9.884696516919078,0.06360667536283948
conservadora,9.258258463678809,9.194715257470266,0.06354320620854281
maniobrar,9.993485405607158,9.929963004316086,0.06352240129107223
procederar,10.08621108119427,10.022719954139966,0.06349112705430393
desconocer,9.505897910726626,9.44258661833212,0.06331129239450561
politica activo,9.999414278791937,9.936109186911548,0.06330509188038924
presidirar,9.716505672869275,9.653315670011201,0.06319000285807341
colectivo social,9.90583564950521,9.842674525115791,0.06316112438941879
suscitar,10.008237906641181,9.94522143189352,0.06301647474766092
investigacion presunto,9.746852122311854,9.683861257168386,0.06299086514346719
politico,6.834093283899773,6.7711182756241035,0.06297500827566971
genova,8.475802798888024,8.412871979422828,0.06293081946519585
condicionado,9.977371481568982,9.914475149611656,0.06289633195732591
contar participacion,10.038987866004133,9.976115488578893,0.06287237742523999
ma num,10.048804917041638,9.985955189565253,0.06284972747638484
gestion economico,10.05668347168128,9.993852104322531,0.06283136735874884
proporcional,9.829975159883082,9.767181687863555,0.06279347201952667
premura,10.024630346818885,9.961841187089586,0.06278915972929866
defender partido,9.862659413938996,9.799877520671002,0.062781893267994
atacar,9.025638301988295,8.96293046486758,0.06270783712071548
senalar fuente,9.943222890328355,9.880541629727905,0.06268126060045098
pleno miercol,10.052615524251792,9.989972667199343,0.06264285705244887
priori,9.973587803425016,9.910951549882189,0.06263625354282709
remedio,9.98148342736303,9.918883561676983,0.06259986568604603
parlamentario grupo,9.998861489350832,9.936265463893147,0.06259602545768495
modelo ciudad,10.058069734200023,9.99548296654984,0.062586767650183
blanquear,9.817535692167345,9.754984549331756,0.0625511428355896
nicolas,9.849340808221488,9.786791516989643,0.0625492912318446
empadronamiento,10.000038508223053,9.937545992893579,0.062492515329473974
unidad accion,10.067235573109409,10.004837119072619,0.06239845403679034
parental,9.744585487882953,9.682226805725984,0.062358682156968825
aprobacion presupuesto,9.80292591178811,9.74057755779282,0.06234835399529004
disculpar,9.955374413268988,9.893060278894477,0.06231413437451039
supero,10.1064686610746,10.044178722368176,0.06228993870642441
ano despuar,10.037135154636914,9.974927649200664,0.06220750543625009
muerte digno,9.994548079831091,9.932387350726781,0.06216072910430981
candidato partido,9.818958751076597,9.756842341704406,0.06211640937219087
john,9.954719893937735,9.892622011114312,0.06209788282342288
participe,9.953457529238923,9.891436029851373,0.06202149938754964
coherencia,9.972874928016335,9.910895601896273,0.06197932612006163
cedera,10.050637746181158,9.988700239551752,0.06193750662940545
luis martinezalmeido,9.907313027039658,9.845451769710046,0.06186125732961223
externo,9.684344664073363,9.62249901065892,0.06184565341444248
prosperidad,10.07888864812578,10.017102844525906,0.06178580359987329
jaime,9.566295074652432,9.504520336736647,0.06177473791578514
testigo num,10.028234838884693,9.96647842207049,0.06175641681420352
obviamente,10.13330433522573,10.07166625115225,0.061638084073480925
columna,9.839272455933582,9.77768263126098,0.06158982467260188
madrid pp,9.98072241573838,9.919205497151419,0.06151691858696218
lavar,10.115527207294646,10.05403097556236,0.06149623173228491
clasificado,9.800250483147035,9.738773180498736,0.061477302648299315
duelo,9.954031767416271,9.892570573483091,0.06146119393318017
sobresueldo,9.91510878555856,9.853663124784878,0.061445660773681965
sustancia,9.927929316502114,9.866545949481825,0.061383367020289015
agitar,9.82993763112181,9.768640090587946,0.06129754053386449
denego,10.066912892119419,10.005638468139368,0.06127442398005023
todaviir,9.150442509339385,9.08918232176406,0.06126018757532492
aumento num,9.928478290145764,9.867269468900654,0.061208821245109846
escolarizacion,10.011527012447392,9.950361123198697,0.06116588924869504
num obtener,10.029005362732327,9.967905206522786,0.06110015620954101
social ionir,9.942686777416714,9.881591075265263,0.06109570215145155
financiado,10.025532871246718,9.964623906547386,0.06090896469933149
recibir dosis,10.117399789447443,10.056508216446808,0.06089157300063519
cuello,10.106129487886593,10.045239366639386,0.06089012124720661
ciudad num,9.937825705510457,9.876950024399864,0.06087568111059305
entrever,10.007081090537918,9.94624601724823,0.06083507328968807
movilizar electorado,10.025681117907556,9.964872690737069,0.06080842717048718
vocal consejo,9.99698537827942,9.936286134045798,0.06069924423362316
foto,8.985777615810228,8.925110597786686,0.06066701802354224
gobierno reconocer,10.063530180525293,10.002903220164502,0.06062696036079096
gobierno estatal,10.086402806455128,10.02580700782317,0.060595798631958075
publica num,10.006206479862119,9.945661997749351,0.06054448211276764
pondra,9.900864198865701,9.840328122653121,0.06053607621258017
valleca,9.809442614669289,9.748939358089581,0.060503256579707454
consultivo,9.97666864712341,9.916169774139815,0.0604988729835938
derecha,7.425875751722259,7.365417247663867,0.06045850405839204
abarcar,10.107228881490917,10.04678155089218,0.060447330598737636
volverio,10.016615155219267,9.956240334905967,0.06037482031329944
confiir,9.361112358299629,9.300775173790415,0.06033718450921377
camiseta,10.031915858780794,9.971677022982568,0.06023883579822531
grande tenedor,9.983008743357418,9.922777408905864,0.060231334451554375
reglamento camara,10.012001531400937,9.951823010104548,0.060178521296389675
entrevista programa,10.063568547129007,10.003418924788985,0.06014962234002219
instructor caso,9.920844578853293,9.860696148903209,0.06014842995008429
teniar previsto,10.006821997978909,9.946679845630618,0.06014215234829123
gesto,9.183621683249125,9.123514579279222,0.060107103969903264
vacuno,10.19849133575014,10.138433251645562,0.06005808410457725
impuesto patrimonio,9.932904514346273,9.872900205349048,0.06000430899722531
pregunto,9.877939723911052,9.817940384789337,0.05999933912171507
pasar factura,10.028160987520998,9.968207445426925,0.05995354209407289
materia vivienda,9.942553986593918,9.882659526579106,0.05989446001481191
separar,9.494579614908044,9.434694838645916,0.059884776262128625
ministro socialista,10.003158029536383,9.943350465819542,0.05980756371684137
tramite recurso,9.965157887724823,9.905382785497856,0.05977510222696658
proposición ley,10.058762770983533,9.999021698073374,0.05974107291015862
social politico,9.901352417292824,9.841646369164375,0.05970604812844904
emirato arab,9.833324763450886,9.773663768610962,0.059660994839923376
votarar,9.443322373438026,9.383770428430061,0.059551945007964235
opinar,9.411687827484604,9.352140736051258,0.059547091433346466
solicito,9.963744266017988,9.904220131383909,0.05952413463407957
compartirar,9.90775940701751,9.848249196445883,0.0595102105716272
sergio,9.632157421066847,9.572704313940402,0.05945310712644414
reunion martes,9.90285321196469,9.843457468802669,0.05939574316202112
horror,10.090887460485666,10.031576287971813,0.059311172513853094
alquiler,8.661258272613914,8.601949959650803,0.05930831296311112
declarar investigado,10.056092186396283,9.996863436090305,0.059228750305978295
cerrar fila,9.854329261766718,9.795100961155802,0.05922830061091666
partido andalucia,9.972231691944884,9.913098600516426,0.059133091428458684
subirar,10.058552947752966,9.999435246258855,0.05911770149411133
tactica,10.08739396789245,10.028305247871652,0.05908872002079768
subdirector,10.026629854083643,9.967547899124932,0.05908195495871027
tendriar,9.655897915988731,9.596876691634796,0.059021224353935864
injusta,9.964169967661924,9.905190152023904,0.05897981563802013
enriquecimiento,10.063359297081826,10.00443307495745,0.05892622212437537
publico hablar,9.987632710272491,9.928838163398423,0.05879454687406849
reservar,9.911638138222402,9.852879113786754,0.0587590244356484
mecanico,10.080254323995929,10.021507588445127,0.05874673555080179
transmitir,9.53567700677056,9.476949703631048,0.0587273031395128
elaboro,10.06937194472551,10.010701356918636,0.05867058780687451
of,10.128423156525306,10.069763758296771,0.058659398228535053
num indicar,10.106604582407154,10.047953925686649,0.05865065672050562
ingenieria,10.159364824207941,10.100766240554023,0.05859858365391801
tradicionalista,10.033926983758397,9.975385415372031,0.05854156838636548
mil persona,9.627196572956986,9.568658085015356,0.058538487941630635
persecucion,9.608246934274854,9.54981479425388,0.05843214002097419
rechazar mocion,10.06107185646262,10.00269799164646,0.05837386481615958
pleno extraordinario,9.654612281518057,9.596304627940778,0.05830765357727863
defender necesidad,9.957318387299216,9.899027247978692,0.058291139320523655
ensayo clinico,10.166102923842894,10.107813644733863,0.058289279109031256
trayecto,9.970935116282963,9.912704292562372,0.05823082372059041
aporte,10.07587168186919,10.017682467598885,0.0581892142703051
finalidad,9.81250662936923,9.754329230651061,0.058177398718168405
pge num,9.895099438713544,9.836941703008392,0.05815773570515148
asuncion,10.016080691620223,9.957953453922892,0.05812723769733097
experto senalar,10.108919653550828,10.050854220755978,0.05806543279484977
alcalde socialista,10.043449312029578,9.985457666060718,0.057991645968860084
fuerza progresista,9.70297535811467,9.645101378011097,0.05787398010357414
begonar villacis,10.047907151197952,9.990096284897419,0.05781086630053345
exdirigente,9.393650893864644,9.335861202443056,0.057789691421588074
cacer,9.971405844346139,9.913656966031985,0.057748878314153984
causar,9.23668935253141,9.178944546130282,0.05774480640112856
tertuliano,10.046405407826276,9.988662591432961,0.05774281639331491
fecha num,10.06909244135986,10.011411381421908,0.05768105993795203
botanic,9.780307251764722,9.722664767548103,0.05764248421661833
miedo,9.302094498592059,9.244654782085709,0.057439716506349825
utilacer,10.129195283881232,10.071885997404024,0.05730928647720823
temperatura,10.069839605882953,10.012564222628816,0.057275383254136614
sanxenxo,10.011315592348083,9.9541376319783,0.057177960369783065
oposicion,7.843683609084279,7.786505809693632,0.057177799390647266
alcanzar pacto,10.02108573371262,9.96393916950972,0.05714656420290076
obligatoriamente,10.060497258341703,10.003431920347623,0.05706533799408042
garantizar,8.179242088946227,8.122199063002673,0.05704302594355326
puta,10.101381548067778,10.044357488087416,0.057024059980362196
país europeo,10.025660829044185,9.968643840638622,0.057016988405562685
derogacion ley,9.944744031768344,9.887770351039167,0.05697368072917719
prado,9.465441552783288,9.408477911182686,0.05696364160060163
gobierno congreso,9.92193990129009,9.865001186135363,0.05693871515472715
cambio legislativo,9.948892777157193,9.891958540024437,0.05693423713275614
resultado num,9.343061479152299,9.286147304712776,0.05691417443952318
familia real,9.665363451609549,9.60848299973393,0.05688045187561919
alarcon,10.092352985716719,10.035487184468339,0.05686580124837981
debate electoral,9.356905331494556,9.300096305581148,0.05680902591340775
proponer creacion,10.012866164644151,9.956058792882581,0.056807371761570025
anual num,10.08716741717148,10.03036611106719,0.05680130610429046
concejal,8.317060068778405,8.26039912109921,0.056660947679194607
decision gobierno,9.881611665736134,9.82502572455231,0.05658594118382432
boadilla,9.800457856397127,9.743909715898475,0.05654814049865209
actividad parlamentario,9.871543890771813,9.81501745402912,0.05652643674269342
atribución,10.056998023319396,10.000526736910338,0.05647128640905841
atentado num,9.982327600376047,9.925914286202147,0.056413314173900275
partido naranja,9.513642154833981,9.457270746395888,0.05637140843809263
falta respeto,9.830007731975,9.773637887865249,0.0563698441097511
mafioso,9.885992229483302,9.829654887729133,0.056337341754169046
leccion,10.120801117865632,10.064466004673784,0.0563351131918477
garciapage,10.056055736004307,9.999731952061012,0.05632378394329507
encuesta num,10.070415192982413,10.014127326529643,0.056287866452770174
reunion lunes,10.022340556224654,9.966124962193645,0.056215594031009175
milagro,9.890255758735815,9.834082901887527,0.05617285684828843
pese num,10.08756449718558,10.031401329821378,0.05616316736420224
pedir ejecutivo,9.731874697685699,9.675742470120664,0.05613222756503511
apoyo partido,9.655942580130798,9.599838293848443,0.05610428628235553
fiscalia solicitar,9.896559642706828,9.840514685132257,0.05604495757457073
griego,10.027580587433537,9.97153650789907,0.05604407953446611
tenio,9.868524652520687,9.812481440248229,0.05604321227245812
parecer,8.572572421184104,8.516554901042888,0.05601752014121608
gobierno mantener,9.834378470474023,9.778409471998577,0.05596899847544634
estimación,9.541853113685946,9.485940921929435,0.05591219175651041
tenia previsto,10.040030078471176,9.98416585596111,0.055864222510065176
patrimonial,9.946756058542688,9.89090613633939,0.0558499222032971
nivel estatal,9.85299562855621,9.797149150495539,0.05584647806067089
alias,10.01839378075157,9.962552015873154,0.055841764878415745
principal punto,10.056319776948417,10.00048637211795,0.055833404830467614
basico,9.390313429434377,9.334555626597034,0.05575780283734311
num cama,10.154636225391485,10.098880737384079,0.055755488007406484
instrumentalizar,10.000101855891709,9.944352480609021,0.0557493752826872
junt,8.690593778287854,8.634888636711633,0.05570514157622064
presentar proyecto,10.038429294187429,9.982753269912433,0.055676024274996294
justificado,9.65479567545522,9.599142408592948,0.05565326686227223
asegurar partido,9.911614637160655,9.855969857329177,0.05564477983147853
dejar libertad,10.01213430130773,9.956622891496618,0.055511409811112244
news,9.919330084234565,9.863887321977836,0.05544276225672817
arca,9.773752921344576,9.71831357483018,0.05543934651439564
sospecha,9.477889368786604,9.422649934847945,0.05523943393865949
ano frente,9.989067397652422,9.933903526578957,0.05516387107346432
corbi,10.030531222056544,9.975481285751407,0.05504993630513688
asia,10.171850617836872,10.116855580909899,0.054995036926973384
num producir,10.033263668110825,9.978275189102726,0.05498847900809878
zarzuela,9.563499283523473,9.508523597993687,0.05497568552978649
municipal autonomica,9.192626312707153,9.137763840129901,0.054862472577251964
entrevistar,9.843152746849889,9.788369884804336,0.054782862045552605
cumpliar,10.018408142901505,9.963651845007874,0.0547562978936309
centrado,9.53294993938706,9.47822044281043,0.05472949657662873
planton,10.03344100828707,9.97873060630718,0.05471040197989119
planear,9.615751424047955,9.561067954745793,0.05468346930216228
sentencia condenatorio,9.891849255356558,9.837230123790023,0.05461913156653431
comunicar decision,9.942501095836704,9.887887661179546,0.054613434657158066
cercania,9.740831296391997,9.686247833925202,0.054583462466794685
centro derecho,9.766869379666021,9.712336611936477,0.05453276772954396
contestar,9.236623030440985,9.182144323925383,0.05447870651560116
ministro ejecutivo,10.040570788637318,9.986093806783236,0.054476981854081785
bolsillo,10.039149012037187,9.9847100229485,0.054438989088687606
reaccionar,9.672906980344823,9.61861883472085,0.054288145623972994
entregado,9.919571746854306,9.865288561940906,0.05428318491340001
senalo,9.472798634258918,9.418540767053768,0.054257867205150134
ejecutivo esperar,10.023730353268837,9.969565320553333,0.054165032715504324
especulacion,9.914248205064686,9.860129500893533,0.05411870417115239
chica,9.984383951133784,9.930303716124005,0.05408023500977954
presidenta parlamento,10.037064940074865,9.983028874193572,0.05403606588129328
posar,10.03976431164854,9.985792240802153,0.053972070846386444
ocupado,9.868804481758898,9.81483965138803,0.053964830370867745
espacio politico,9.82727147849406,9.773340183639712,0.053931294854347556
mando policia,10.069643627929853,10.015723315759445,0.05392031217040838
vivienda vacia,9.935024096106385,9.88120922906525,0.05381486704113492
car,9.9535192496675,9.899719958861477,0.053799290806022526
legion,9.961195587952844,9.907406492785602,0.053789095167241285
modificación,9.47351095015439,9.419802492274421,0.05370845787996892
toni comin,9.712349681189348,9.65879149623682,0.05355818495252862
ibex,10.027631034773975,9.97407964539673,0.053551389377245684
chivitir,9.961510651554146,9.908062185948992,0.05344846560515393
deficiencia,9.937748290488285,9.884319521580712,0.05342876890757253
posición,8.861113607511328,8.807764900802193,0.053348706709135385
espanolo,9.876423565867755,9.823161345311687,0.053262220556067774
archivar causa,10.05291338011196,9.999658030258667,0.053255349853293055
orden publico,9.960279165488378,9.907137987048323,0.053141178440055725
topar,9.944331017855385,9.891263412813549,0.05306760504183572
fuerza votado,9.799062813968321,9.74602879593172,0.05303401803660179
madrid creer,9.932388439240142,9.879356690435658,0.053031748804484025
persona infectado,10.214554040704929,10.161589456679168,0.05296458402576043
num encuesta,9.994853254649282,9.941889546384985,0.05296370826429708
pago comisión,10.006038289245156,9.953093069825847,0.05294521941930874
oido,10.124335677270333,10.071430142664125,0.05290553460620728
mayoria progresista,9.814039063885224,9.76115156638547,0.05288749749975352
defender gestion,10.052794702870601,9.99991650455751,0.05287819831309193
secretario accion,10.025740648756338,9.973125359267291,0.05261528948904726
california,10.040746663992117,9.988156888781969,0.05258977521014785
incautado,10.084608894236048,10.03202973344016,0.05257916079588831
posicion,8.260622400195244,8.208048142603403,0.05257425759184109
legislar,9.943192680960367,9.890679662777218,0.052513018183148574
prudente,10.039853317681306,9.987344210768105,0.052509106913200654
abandonar formacion,9.931669086544185,9.879161140029142,0.05250794651504265
inicialmente previsto,10.043195954676284,9.990690560197045,0.05250539447923863
electorado,9.274174142310576,9.221702926439415,0.05247121587116155
apoyo,7.418975607201873,7.366520558428114,0.052455048773759394
diversidad,9.718479405745002,9.666057582104436,0.052421823640566245
rojo,9.181171368845472,9.128890601777254,0.05228076706821838
colectivo lgtbi,9.840651510730705,9.788446884369524,0.05220462636118128
apostar,8.353648097813343,8.301456388969504,0.05219170884383928
sillon,10.019522924082153,9.967382390518146,0.05214053356400683
consejo nacional,9.927268008222494,9.87516281357227,0.05210519465022401
empresarial,9.3478203550175,9.295724257490104,0.05209609752739652
alcaldesa capital,10.046023447892498,9.993928137435732,0.05209531045676563
cortar,9.881726824602467,9.829682632243765,0.052044192358701835
mexico,9.283324113898377,9.231312015483466,0.05201209841491128
programatico,9.284674618758757,9.23266877874223,0.05200584001652686
moncloa,8.093541317937209,8.041619030296443,0.051922287640765674
pelicula,9.650866282361996,9.598983151191936,0.051883131170059826
chiringuito,10.012961317910277,9.96108535658253,0.05187596132774708
intromision ilegitimo,10.014061051171552,9.962261478412165,0.0517995727593874
viceconsejero,9.985865939338396,9.93413554735708,0.051730391981315904
acusado presunto,10.057306844921355,10.005578571908016,0.05172827301333882
comisario villarejo,9.492037883894335,9.440416881740605,0.051621002153730444
valencia num,9.957189136508635,9.905602886531879,0.05158624997675609
doctora,9.954692543421958,9.903109561711604,0.05158298171035369
cuerpo seguridad,9.931018129743501,9.87944743316372,0.05157069657978042
aducir,9.833454244637737,9.781895436604128,0.05155880803360979
coalicion electoral,9.990177595598258,9.938627297472413,0.05155029812584466
instrucción,9.555526551408809,9.50409137269122,0.05143517871758796
delito blanqueo,9.994382835995994,9.942953401171636,0.051429434824358466
referido,9.960955650134325,9.909558225159433,0.0513974249748923
conocia,10.014177380939032,9.96279209326363,0.051385287675401514
ciudadano afirmar,9.947241086307173,9.895880396258118,0.05136069004905508
polonia,9.7179068435599,9.666782043435068,0.05112480012483189
pintor,10.060378204382271,10.009280732807243,0.05109747157502831
madrilena,9.566149597736496,9.515096240688825,0.051053357047671
num pib,10.063273088687591,10.01224890947294,0.051024179214651966
cuadrado,9.784801399215615,9.733868373655598,0.05093302556001689
gimenez,9.957691547900165,9.906769138999623,0.05092240890054178
permiso paternidad,9.988275114051914,9.93739103373736,0.050884080314554936
presidente sala,9.628526158692079,9.577659795075844,0.05086636361623498
iniciar proceso,10.012360421156856,9.961540225505294,0.05082019565156237
avila,9.839858146856312,9.78907705208329,0.05078109477302206
infectar,10.094548835199065,10.043817628795717,0.050731206403348494
barato,9.971680497689311,9.920962073642023,0.05071842404728777
periodo sesión,9.90737370762576,9.856682602202826,0.05069110542293487
cuyo nombre,10.193764522733531,10.14307761408625,0.05068690864728076
senado num,10.077646636438313,10.0271266727903,0.05051996364801248
caballo,9.930108082766788,9.879600240471927,0.05050784229486105
comite ejecutivo,9.700046015832987,9.649541624113951,0.05050439171903598
derechista,9.985775987295117,9.935336715484453,0.050439271810663655
cumplir norma,10.02823324561097,9.97783965062239,0.05039359498858076
tesis doctoral,10.060848380098891,10.010456775120897,0.05039160497799422
contento,10.055254363749233,10.004953752614135,0.050300611135098094
oro,9.846541830529242,9.796241841370923,0.05029998915831868
telecinco,9.919121913254134,9.868952291641707,0.05016962161242766
oxigeno,9.881417265725286,9.831265005190064,0.05015226053522248
donacion,9.825606927096159,9.775476342389414,0.050130584706744585
gobierno andalucia,9.932244254313574,9.88211658006209,0.0501276742514829
presencia,8.391260693925062,8.34120479692663,0.05005589699843149
juzgado madrid,10.014501822373049,9.964449434709797,0.05005238766325171
aceptar propuesta,9.992906204947063,9.942871601031896,0.0500346039151669
accionista,9.957008996335118,9.906996965036178,0.050012031298939164
seran,10.094884730500471,10.044904834693618,0.049979895806853136
insultante,10.00296121817958,9.9530597594836,0.04990145869598095
bonificación,9.98211050917039,9.93221668230841,0.04989382686198063
convencion,9.25390291599844,9.204115545737302,0.049787370261137553
politica catalán,9.930689677033733,9.880929493183407,0.0497601838503261
asegurar decision,9.972408226320331,9.922739050559759,0.04966917576057206
centro medico,10.165596931598957,10.115959785516859,0.04963714608209813
hablar tema,10.045280544154373,9.995667905494344,0.04961263866002952
beneficiario,9.570110210182387,9.52052227806724,0.04958793211514667
reunar,9.362430169278007,9.31286323232836,0.0495669369496472
hoja ruta,9.233688818985975,9.184170504950314,0.04951831403566054
jugo,10.062382971122233,10.01287671729446,0.049506253827772184
vulnerabilidad,9.847561552963716,9.798056835504102,0.049504717459614156
comu,8.720357078279855,8.670863777046952,0.04949330123290352
formacion catalán,10.02527410534886,9.975858521818006,0.049415583530853624
practicar,9.732510236265083,9.68309596010964,0.049414276155443915
gobierno ministra,9.61674764160071,9.567439330640891,0.04930831095981958
separatista,9.73869882388875,9.689417010235715,0.0492818136530353
congreso asegurar,9.992886967206834,9.94360622422437,0.04928074298246443
inexplicable,10.116014941037756,10.066763015156397,0.04925192588135907
sant,9.691779952277162,9.642535798498804,0.04924415377835878
imbroda,9.822194244382656,9.772956084054996,0.049238160327659486
grande consenso,10.028558267757269,9.979320495056532,0.049237772700736926
liderar,8.436694475250658,8.387525666794073,0.04916880845658511
enfrentar,8.769925079742416,8.72075693560439,0.04916814413802584
arremetio,10.064373541052728,10.015209504229777,0.04916403682295112
subir salario,10.029917499418573,9.980818830107665,0.049098669310907894
inyeccion,10.107208216055605,10.058234862036167,0.04897335401943792
propuesta registrado,10.016595714192967,9.967655352720124,0.04894036147284275
elección capital,10.02553156758933,9.976621469432041,0.04891009815728786
brindar,9.966984213137323,9.918076739637995,0.04890747349932845
vinculacion,9.799819498363336,9.750971174647741,0.04884832371559433
expolicia,9.87107772422349,9.822238313309978,0.04883941091351218
deputacion,9.90332413172798,9.854486490638193,0.04883764108978639
emision,9.982750145824463,9.933925598498977,0.04882454732548602
controlar,9.135834145469538,9.087149895694717,0.048684249774821
indicio delito,9.844699075462502,9.796045156977714,0.048653918484788505
deber decidir,10.00766863632785,9.959023669553943,0.04864496677390662
retomar,9.236675250067554,9.188082187609027,0.04859306245852757
trazar,9.916090355057522,9.867708934754624,0.04838142030289738
key,9.06790976820423,9.01956693965021,0.048342828554019945
key datar,9.06790976820423,9.01956693965021,0.048342828554019945
varón,10.033946205707888,9.985717327531834,0.04822887817605448
dejar atra,9.982276211558702,9.934258235612582,0.04801797594612012
num vivienda,9.774592059285315,9.726614356878224,0.047977702407090206
publico considerar,9.902111422977496,9.854137547799477,0.047973875178019654
dinero publico,9.51245142508764,9.464517560196024,0.04793386489161655
compartio,10.083581322787447,10.035656321217543,0.047925001569904424
mover,9.230688444588617,9.182785462158092,0.04790298243052504
ecuacion,9.966557182983419,9.91878436915796,0.047772813825458726
autonomica europeo,9.827170571626143,9.779399302508239,0.04777126911790397
critica oposicion,10.021771276314354,9.97400093264437,0.047770343669983006
tipo penal,10.055149648979546,10.00744493987581,0.047704709103735254
minimo num,9.762333486354384,9.714633113711084,0.04770037264330007
politico judicial,10.04422895729124,9.996537946299725,0.047691010991515626
entrega premio,10.041060570616139,9.993386556904651,0.04767401371148772
jaume collboni,9.974810539108981,9.927163211413697,0.04764732769528379
seguir avanzar,9.992827599681968,9.945180761413436,0.04764683826853222
politica izquierda,9.942929310053295,9.895311309613794,0.04761800043950082
elaborar informe,9.936488844717124,9.888894314145654,0.04759453057146956
ofensiva,9.566248746554908,9.518659457305802,0.04758928924910677
animo,9.728433864461328,9.68089807519788,0.04753578926344737
emocional,10.08049074683445,10.03298247107665,0.04750827575779937
convocar elección,9.295344234428082,9.247857484022392,0.047486750405690614
verir,9.961177099238814,9.91374770598272,0.04742939325609363
romper,8.636709290022397,8.589281628085098,0.04742766193729864
lanzamiento,9.86728106451095,9.819855850180337,0.04742521433061242
irreversible,10.004654336496227,9.957284609651945,0.04736972684428231
manteniar,9.934485422912303,9.887140812435668,0.047344610476635296
ministro gobierno,9.96101516479841,9.913686144554669,0.047329020243740416
miercoles,10.030308290483271,9.983017284813236,0.047291005670034636
expandir,10.115016606072784,10.067734590842518,0.047282015230265984
generalitat catalunya,9.425453619190364,9.37820001172656,0.04725360746380325
parlamentario num,9.996574465920428,9.949443980464885,0.047130485455543436
inglés,10.107542744584576,10.06044257811829,0.04710016646628645
extremeno,9.915524364407258,9.868462667908624,0.04706169649863412
elkarrekin,9.26212321791987,9.215191989345122,0.04693122857474741
presidente saliente,10.048315777626033,10.001418038452108,0.046897739173925146
masculino,9.932996128071252,9.88616450607661,0.04683162199464164
doloroso,10.03837239309469,9.991554529997861,0.04681786309682856
estilo,9.926723087693325,9.87998615883896,0.04673692885436509
sombra,9.3487137069447,9.302021818117586,0.04669188882711417
exacto,9.929008954415185,9.882349616878445,0.0466593375367399
abrir expediente,9.74401798388561,9.697409869935854,0.04660811394975717
amenazo,9.965404018161777,9.91886106035202,0.04654295780975737
diputada congreso,9.996697014510035,9.950154988959648,0.04654202555038722
totalidad,8.81432999298234,8.767802343355259,0.04652764962708211
matrimonio,9.640299446390873,9.593846314551346,0.04645313183952737
cenar,10.072794785986542,10.02639260777014,0.046402178216402135
interés,8.929026626606328,8.882627407554825,0.04639921905150324
desclasificado,9.942442713398249,9.896048564131009,0.046394149267239726
ultraconservadora,10.020835822180176,9.97446216791374,0.04637365426643569
villacis,9.605020553588782,9.558649953375168,0.0463706002136135
okupacion,10.037845541160312,9.99149629831708,0.04634924284323283
dudar,9.536623392197132,9.490279171485156,0.04634422071197619
instrumento,9.463896812679115,9.41755566581881,0.046341146860305216
supremo confirmar,9.81494990059644,9.768611547555972,0.046338353040468405
candidato comunidad,9.85353903418707,9.80728225327171,0.04625678091536045
inadmisible,9.972162945038075,9.925939665651871,0.0462232793862043
conjunto,8.45672997008997,8.410513655659647,0.046216314430322925
angeles,9.854225021461115,9.80808555074982,0.04613947071129587
partido conservador,9.176882313720274,9.13075606039837,0.04612625332190312
celebrar semana,9.917556375908958,9.871569331025151,0.045987044883807116
dejar manos,9.916071412759115,9.870159930867345,0.04591148189176941
sitio,9.515159581418866,9.469253721929269,0.045905859489597134
aparecio,10.120220425658975,10.074320214254247,0.045900211404728
pulso,9.682562007752042,9.63672726820709,0.045834739544950764
president generalitat,8.927828064454255,8.882029482476932,0.04579858197732278
cronico,9.913755964952193,9.867983151322438,0.04577281362975505
decidar,9.379707304082014,9.333943189092523,0.045764114989491844
caer,8.942208020629923,8.896458255584346,0.04574976504557782
exdirector policia,10.024926832583642,9.979214435817331,0.04571239676631045
apropiacion,9.991204686955546,9.945542226832085,0.0456624601234612
acostumbrar,10.03405362491304,9.98839481786154,0.045658807051500716
instigador,10.038455968490869,9.992872049997654,0.045583918493214526
papel,8.357209548439279,8.311706893018746,0.04550265542053289
nota num,10.036717511265202,9.99122783166482,0.045489679600381194
tamam,9.868896661424872,9.823462849325885,0.04543381209898634
patron,9.960020873935834,9.914630818423014,0.04539005551282038
comunitat,9.544642905764714,9.49928816067495,0.04535474508976378
sumado,10.026462540812751,9.981223608209126,0.04523893260362577
desaparecer,9.427370928629095,9.382134899317945,0.045236029311150006
recalcar,9.58406120271929,9.53886437131273,0.04519683140656028
cita electoral,9.744060556610185,9.698897831861666,0.04516272474851846
particip,10.037648638389447,9.992533855887164,0.04511478250228329
estudiarar,10.017067431742813,9.971989074987212,0.045078356755601234
mandato,8.591940159409663,8.546916369586713,0.04502378982295063
virgen,10.086394375831224,10.041393527065683,0.045000848765541335
obligatoriedad,9.986765623958636,9.941810640619387,0.044954983339248855
pacto gobierno,9.775478683113146,9.730557385071915,0.04492129804123124
monton,9.925227534095876,9.880331329962186,0.04489620413369089
borrar,9.544296190793567,9.499445534900195,0.044850655893371894
mantener num,9.932908916486152,9.888074671984198,0.0448342445019545
pequeno nicola,10.048787744530193,10.00405876118181,0.04472898334838327
consejeria sanidad,9.746613393604033,9.701920083923607,0.04469330968042584
ano legislatura,9.787503156001076,9.74281151211995,0.04469164388112645
vacunar,9.748184805637841,9.703538198098919,0.04464660753892247
mato,9.742268063086069,9.69765394630914,0.044614116776928725
citado declarar,10.016379288943766,9.971765225735956,0.044614063207809806
canalizar,9.974577566220256,9.930032899210474,0.04454466700978266
pidio,8.821529005664434,8.777010896546676,0.04451810911775844
solicitar num,9.950894102068723,9.906381851202783,0.04451225086594057
alego,9.917915877545553,9.87345568884759,0.04446018869796298
gobierno apoyar,9.970866735211121,9.926438702426923,0.04442803278419838
derecho muerte,10.021165946489067,9.976741737832892,0.04442420865617436
mantener prision,10.034115703922227,9.98971691400528,0.04439878991694712
ayuda publica,9.91804413220134,9.87365845605167,0.044385676149669706
miembro pp,9.990123174812824,9.945755763532013,0.04436741128081145
erosionar,10.04967750308283,10.00531283391574,0.04436466916708959
saharaui,9.642293157166577,9.598029705750877,0.04426345141570032
afin,9.830339859003452,9.78607962614205,0.04426023286140257
desastre,9.84367192258947,9.799444085997758,0.04422783659171259
gobierno dejar,9.90782921695484,9.86361197142285,0.044217245531989136
homologo,9.621338533101607,9.57713376237862,0.04420477072298645
impuesto banca,9.92577028701885,9.881602157499024,0.04416812951982507
ente publico,9.672583399713227,9.628432070403994,0.04415132930923349
regidora,9.820096616979885,9.775954435950622,0.04414218102926348
elso,10.024535279886573,9.980405582610647,0.04412969727592575
elso artadi,10.024535279886573,9.980405582610647,0.04412969727592575
actuo,9.823289234652611,9.779224894063216,0.044064340589395457
debate candidato,9.848084157068179,9.804061524762716,0.044022632305463105
partido votado,9.7572569538552,9.71324405460261,0.04401289925258922
diplomacia,9.847855176470407,9.803890058618945,0.043965117851461955
cristobal montoro,9.975078952585761,9.931115661471035,0.043963291114726744
irreparable,10.061275821329922,10.01733292402045,0.04394289730947243
economico,7.931342965085328,7.887472351966791,0.04387061311853735
trato favor,9.81692496685308,9.773081319677047,0.04384364717603262
doblar,9.955592546476733,9.91175317925686,0.04383936721987425
inhibir,9.935265051263013,9.891458109240538,0.04380694202247426
decision tribunal,9.74522774681902,9.701455683303594,0.043772063515426396
respuesta pregunta,10.03812091783564,9.994358233714957,0.04376268412068285
oeste,10.151886088090391,10.108139536158433,0.04374655193195842
auspiciado,9.951292125757659,9.907556607256593,0.04373551850106594
bescanso,10.003339962277384,9.959604815544623,0.04373514673276091
pacto violencia,9.834952220208448,9.791264094300693,0.04368812590775484
catalán num,9.820368844436452,9.776691567848049,0.04367727658840259
reaccion,9.78584861152018,9.74217405951216,0.04367455200801906
creer necesario,10.002235295168312,9.958583878820411,0.04365141634790071
mir,9.944422386672025,9.90099493240241,0.04342745426961514
desprender,9.908125277789757,9.864752652019773,0.04337262576998491
interterritorial,9.885412287643685,9.842048463516473,0.04336382412721207
quedar representacion,9.950466078333882,9.907141663954569,0.043324414379313225
gobierno esperar,9.928895768098688,9.885609171836752,0.04328659626193598
radicalizacion,9.988896098764073,9.945695881495205,0.04320021726886836
articulado,10.02237206344857,9.979183144406196,0.04318891904237354
tormenta,9.914272056302075,9.871089980371593,0.04318207593048129
cargado,9.716844475966854,9.673682350287224,0.04316212567962907
abusar,9.915554213104329,9.87241192106963,0.043142292034698215
comisario jo,9.869082368613318,9.826033309595669,0.04304905901764933
bogota,10.109123876996684,10.066118768489854,0.04300510850682926
secundario,9.870388265729602,9.82741702674951,0.04297123898009225
tragico,10.102400235320415,10.059433781874121,0.042966453446293684
decretar,9.528954944870693,9.486025394992105,0.04292954987858799
num parlamentario,9.838880224191977,9.795954270432526,0.04292595375945041
sustentar,9.770890636958741,9.727974447836695,0.04291618912204598
contestar pregunta,10.002740849725935,9.959848853098173,0.04289199662776255
post,9.944915936896479,9.90205188901476,0.04286404788171794
protagonizar acto,9.968409841811052,9.925550362394793,0.04285947941625956
ritmo,9.805805539363275,9.763086371324928,0.04271916803834763
etico,9.488062870608227,9.445367392280247,0.04269547832798004
totalmente,9.544885941777318,9.502263088547842,0.04262285322947612
privatizacion,9.659317181742042,9.616719083692155,0.042598098049886346
unanime,9.776027374947562,9.733453368134345,0.04257400681321677
enfermera,10.182632310558555,10.140092170456443,0.042540140102111934
estrenar,9.71397923689118,9.671459629077635,0.04251960781354569
telecomunicación,10.042868456357976,10.000433564312893,0.04243489204508322
irrupcion,9.586047577259865,9.54362444150364,0.04242313575622525
preguntar gobierno,10.013722627684883,9.97137262481215,0.04235000287273394
nombre calle,10.03465312472449,9.992348998344038,0.042304126380452445
orange,9.902537847954909,9.860250696558667,0.042287151396241285
arranco,9.870586558908549,9.828319426944143,0.042267131964406346
sargento,10.03974204957689,9.997641996320993,0.04210005325589705
engano,10.12627255641007,10.084192716017228,0.04207984039284263
socio coalicion,10.015887193430737,9.973823741220702,0.04206345221003538
perderio,9.72396619531491,9.681978696671306,0.041987498643603516
delito calumnia,10.007779619651389,9.965793295836598,0.041986323814791504
renunciar acta,9.97127546991688,9.929298876846756,0.04197659307012458
num grande,10.072306973147098,10.030333190400953,0.041973782746145716
sindicato unificado,10.07511386030546,10.033193254284068,0.04192060602139236
unificado policia,10.07511386030546,10.033193254284068,0.04192060602139236
bajar num,10.067044585618676,10.025200185290139,0.041844400328537645
explotar,9.86710051729348,9.825278650505432,0.04182186678804811
autonomica,8.13225962683159,8.090524001187202,0.04173562564438882
audiovisual,9.57759231828478,9.536042340790901,0.04154997749387945
entrevista mundo,9.981534762971126,9.940001409781788,0.041533353189338484
atlantico,9.619517435564001,9.577989123403036,0.041528312160965086
ocaber,9.992625227529931,9.951117162214262,0.04150806531566964
piscina,10.024586046005542,9.983113064908196,0.041472981097346207
presidenta madrid,9.852108296624356,9.810643750427834,0.04146454619652218
tirar,9.418470703335,9.377006298951109,0.04146440438389121
gobierno progresista,9.461410044478995,9.419954093745407,0.041455950733588764
repulsa,9.865538150103937,9.824088508936113,0.04144964116782468
repetir,8.69528971901319,8.653958440343798,0.041331278669391125
num proyecto,9.902392699202062,9.861256628312216,0.04113607088984672
previsible,9.75101117033149,9.709992791718584,0.04101837861290569
num pese,10.00574232662318,9.964727736215448,0.04101459040773214
fundar,10.034666963427027,9.993665157911119,0.04100180551590782
partido explicar,9.999032179060434,9.958144967695485,0.04088721136494833
equipar,10.06758350140609,10.02671911838876,0.04086438301733075
gobernanza,10.029609638963993,9.988840415273208,0.04076922369078595
transcurrir,9.961391664835865,9.9208096622898,0.040582002546065254
mayoria necesario,9.97689247570897,9.936369708974874,0.04052276673409594
promocionar,10.040368635639012,9.999866483457271,0.040502152181741025
reforma,7.434949497969445,7.394466186991627,0.040483310977817766
num votante,9.881359496014436,9.840913929665785,0.040445566348651596
control gobierno,9.28520756247488,9.244791970824823,0.04041559165005815
deber aprobar,10.030345413791768,9.989989423358812,0.040355990432955124
pleno pandemia,9.972109108928448,9.931781733837116,0.040327375091331774
impugnar,9.832908875630098,9.792604557874032,0.0403043177560658
autorizacion judicial,9.98748827380255,9.947199234834688,0.0402890389678614
datar publico,9.218696486059526,9.178532939081839,0.04016354697768776
lucro,10.013132851030635,9.973017666508367,0.04011518452226781
opino,10.037556008824009,9.997686255995879,0.03986975282812999
bienvenida,9.988369723504922,9.94853165394801,0.039838069556912714
escano,8.230066672869459,8.19024672993276,0.03981994293669899
nuevamente,9.81148530573361,9.771710063517236,0.03977524221637374
pedir dimision,9.457773930239942,9.41807747568025,0.039696454559692285
espinoso,9.692930090180903,9.653309542381447,0.039620547799456673
derogar ley,9.865767759843914,9.826189603667853,0.039578156176061086
parlamentario vox,10.016322908790817,9.97678033705014,0.03954257174067699
reconstruccion economico,10.026648366151093,9.987150038739069,0.039498327412024636
academico,9.510633077251285,9.471182070846762,0.039451006404522815
mes ano,9.844894498587438,9.805575085835661,0.03931941275177664
fernandez diaz,9.286492499552537,9.247176010049147,0.03931648950339017
pena carcel,9.98294331252354,9.943671200089124,0.03927211243441597
tremendo,10.046169750283026,10.006962172434061,0.03920757784896445
agricola,10.045715013234247,10.006511028420597,0.03920398481364984
dependencia,9.241922343439102,9.20284888496652,0.039073458472580924
confundir,9.810669479155207,9.77165576705812,0.039013712097087705
maravilloso,10.178021218171041,10.139055377707466,0.03896584046357532
arms,10.018984200257345,9.980018731346357,0.03896546891098751
open arms,10.018984200257345,9.980018731346357,0.03896546891098751
desleal,9.90111482277065,9.862185183956617,0.03892963881403233
desprecio,9.97745044996183,9.938607154228489,0.038843295733341776
laura borra,9.869521857111847,9.830686819761654,0.03883503735019289
secretario formacion,9.855771377160364,9.81697340915812,0.03879796800224433
respaldado,9.7778433490515,9.739049013563164,0.03879433548833511
marti,10.040191172524686,10.001403204602463,0.03878796792222339
estrecho,9.593463220023779,9.554697074315333,0.038766145708445165
cuerpo nacional,10.07372748023393,10.035015752338278,0.03871172789565236
fuerza armadas,10.01130945703501,9.972608206956165,0.038701250078844396
armadas,10.01130945703501,9.972608206956165,0.038701250078844396
delito revelacion,9.916575516924109,9.877879361579351,0.038696155344757344
gobierno nacional,10.18132236101475,10.142631740458752,0.03869062055599848
santo,9.219828114078725,9.181262424752681,0.03856568932604354
homenajear,9.71047832030766,9.671931140662974,0.038547179644686125
reportaje,10.094799281563287,10.056266056829338,0.038533224733948046
ala socialista,9.980459836909079,9.94195350427224,0.03850633263683889
gracias voto,9.907059743838058,9.868625019775102,0.038434724062955894
verter,10.033158013194354,9.994850637157457,0.03830737603689727
tropa espanola,10.048899010185618,10.010626163826537,0.03827284635908157
recibir notificacion,10.05039256381129,10.012151476145625,0.03824108766566425
interlocutor,9.793561960652903,9.755325549134035,0.03823641151886825
rego,9.805054174647694,9.766832284095232,0.03822189055246206
pensionista,9.492505547148685,9.454300513119131,0.038205034029553886
tendra num,9.937513342800685,9.899316063036238,0.038197279764446535
satisfacer,10.020929700068823,9.982738058959923,0.0381916411089005
desbloquear,9.205097002000413,9.166960385973946,0.038136616026466896
relevo,9.342316277337458,9.304186108747215,0.038130168590242874
conservador,7.789075853637057,7.7509835312928,0.03809232234425686
patronato,9.953919008299671,9.915935891708001,0.037983116591670196
celebrar madrid,9.88883948649228,9.850895911194023,0.037943575298257315
censurar,9.474538647560095,9.436683011601117,0.03785563595897834
consejero salud,9.930195872242518,9.892361138270731,0.037834733971786605
banda terrorista,9.775577775215268,9.737751929715275,0.03782584549999335
consejero presidencia,9.675998232668931,9.63820026409776,0.037797968571171126
num noticia,10.1840547282074,10.146268012616222,0.037786715591177966
mendez vigo,9.913454685322373,9.875702017637948,0.037752667684424424
manipular,9.72164829284429,9.683907433558032,0.03774085928625759
perfecto,9.928213671485945,9.890498324376345,0.03771534710960012
asegurar ley,9.967210404547183,9.929539209730017,0.03767119481716641
supervivencia,9.847358798341133,9.80972154844721,0.03763724989392436
ignacio zoido,9.883458777778236,9.84584693599565,0.03761184178258503
penal alto,9.911685438999037,9.87412083416758,0.03756460483145574
desvelo,9.854340453298958,9.816817238666511,0.03752321463244712
duda,8.626149865715089,8.58863049646203,0.03751936925305799
dinamica,9.937704025114243,9.900207082533019,0.0374969425812246
tve,9.541870334228843,9.504507888915454,0.037362445313389614
tomar decision,9.05115079555721,9.01379159483588,0.0373592007213297
alcalde municipio,9.998364628549169,9.961009242280186,0.037355386268982826
paciente covid,10.21088420917437,10.173552550850863,0.03733165832350771
cifrar,9.8083227439748,9.771000743936725,0.03732200003807584
derrocar,10.04949315015414,10.012184693206224,0.0373084569479154
ejemplaridad,9.930662087285791,9.89337296601264,0.03728912127315098
abstencion,8.552264030965132,8.51497672026691,0.03728731069822189
ibi,9.968497806507113,9.931239829194139,0.03725797731297398
madrid pie,9.945919446178218,9.908679647318845,0.0372397988593729
lucha violencia,9.8815889719325,9.844393835961217,0.03719513597128277
especialidad,10.109609815223836,10.072543129839776,0.037066685384059994
gonzalez,8.168181227954463,8.131198989493509,0.036982238460954164
lleno,9.630968767399349,9.593989120241403,0.03697964715794555
dirigente independentista,9.57919677422397,9.54231117573235,0.03688559849162054
genetico,10.005619374518835,9.968746397210436,0.03687297730839845
acceso publico,9.914305978249839,9.877474257288025,0.036831720961814085
pp gobierno,9.850229720368949,9.813408520458859,0.03682119991009003
protector,10.155467909468598,10.118668054245362,0.03679985522323648
disminuir,10.005104597573268,9.96830585978709,0.03679873778617804
real decretoley,9.99038812149961,9.953723078725504,0.036665042774105316
mantener reunion,9.658541382314848,9.621924191705135,0.03661719060971258
vinculado,8.8953667380232,8.858767055143918,0.036599682879282724
portuario,10.016454511158122,9.979916414581531,0.03653809657659046
deber cumplir,9.923110025879021,9.886604833090454,0.03650519278856734
recogerar,9.941111141906552,9.904664411364259,0.03644673054229308
analizar situacion,9.906469397245967,9.870164388753622,0.03630500849234508
billón,10.145057592014803,10.10879526826329,0.03626232375151339
ley transparencia,10.024435686258789,9.988255906034786,0.036179780224003366
respuesta gobierno,9.978231498692244,9.942105407746832,0.036126090945412415
patologia,10.155071441187902,10.118964641709608,0.03610679947829354
liderar gobierno,10.040727245096027,10.004645875770874,0.036081369325152934
creacion,8.617725256132157,8.581686213285929,0.0360390428462285
confusion,9.835531797035213,9.799574466404065,0.035957330631147144
mediodia,9.97656597891876,9.940620956917401,0.03594502200135885
plaza colon,9.894161139474608,9.858244361035036,0.03591677843957264
abstener,8.850199815184865,8.814377079042078,0.03582273614278719
ano despuser,9.692190570593539,9.656398296849199,0.03579227374433991
consiguiir,9.895971606847711,9.860186910100314,0.03578469674739715
excandidato,9.915814499214124,9.880081611807018,0.03573288740710545
ansiedad,10.06365048776021,10.028029018648517,0.035621469111692505
mil millón,9.830922728649728,9.795334480344941,0.03558824830478713
gota,10.109179601931757,10.073683387921463,0.035496214010294125
central jec,10.032680864495074,9.997261415749561,0.03541944874551284
blindaje,9.941063974174204,9.905674482028717,0.03538949214548737
reprochar,8.827856697950995,8.792487489616995,0.035369208334000035
media,9.512022639487725,9.476711264703946,0.035311374783779215
juicio justo,9.93408354829185,9.898823076447636,0.035260471844214436
gasto social,10.061940031989051,10.026785439953771,0.03515459203527982
sonar,9.402482022392872,9.367332552375652,0.03514947001722035
celebrar elección,9.722784142132799,9.687706679146054,0.03507746298674519
lección,10.118494212079941,10.083470644149797,0.035023567930144495
pagar num,9.45996631373034,9.424978271142475,0.03498804258786414
populista,9.710125172803131,9.675137774469967,0.034987398333164776
derogar,9.1592689171119,9.124328445323236,0.034940471788663885
monto,9.990664416389114,9.955828784224876,0.03483563216423846
parecido,9.909588660351522,9.874856111674209,0.034732548677313346
solucionar conflicto,9.955760801307086,9.921060624144724,0.03470017716236207
acudirar,9.258568638927247,9.224127930665416,0.03444070826183143
considerar partido,9.965079858498639,9.930730679261117,0.034349179237521454
generalmente,10.214287632290128,10.180022914185086,0.03426471810504239
trans,9.896441040003966,9.862219033329623,0.03422200667434261
entregar num,10.012263220481948,9.978072721142384,0.034190499339564084
proteccion dato,9.996237559702175,9.962049192046418,0.034188367655756835
universitat,10.075294545987791,10.04112359500663,0.03417095098116185
teruel,9.510610415321615,9.476448063821124,0.034162351500491184
andaluz num,10.050419388745967,10.01636991748523,0.03404947126073665
patria,9.887452563076323,9.853403202046628,0.03404936102969458
ultima,8.41623196032027,8.382212830921409,0.034019129398860315
presento denuncia,10.008297062432078,9.974330294104217,0.033966768327861274
num contagio,10.070640077281245,10.03668978332687,0.03395029395437632
telemadrid,9.64980724970265,9.61600925914098,0.03379799056166988
interino,9.661105035565758,9.627366014644222,0.033739020921535356
priorizar,9.597173818209066,9.563486799467416,0.033687018741650476
renovado,10.10185084804049,10.068221611390447,0.033629236650043026
orange market,9.924179817443683,9.890809887997966,0.03336992944571726
market,9.924179817443683,9.890809887997966,0.03336992944571726
secretario,7.426292691201421,7.393001805634759,0.03329088556666182
sabar,9.834664793957957,9.801464002471889,0.03320079148606858
gestión,9.943133990281456,9.910003115136337,0.03313087514511892
ley presupuesto,9.864388116738828,9.831297153096967,0.03309096364186104
manana num,10.098245824580792,10.065197655065624,0.0330481695151672
celebrar sesion,10.008325364154945,9.97538104821719,0.03294431593775471
virus,9.00963241719142,8.976700253698404,0.032932163493017086
bus,10.088791879271147,10.0559176347499,0.03287424452124732
quitar,9.136497601236286,9.10364458064448,0.032853020591806725
begona villacis,9.972648986544776,9.93983465191396,0.03281433463081562
madrid pedir,9.803033456310416,9.770247276249005,0.032786180061410874
traducir,9.893086038496255,9.860334483120921,0.03275155537533436
garantia derecho,10.021725230152878,9.988985132410079,0.03274009774279918
supremo num,9.981481488294182,9.948749176901513,0.03273231139266919
reproducir,9.994823154350842,9.96218980949513,0.03263334485571079
discurso,8.078139278626875,8.045632381963086,0.032506896663788254
serrano,9.405940083195105,9.373459449968896,0.032480633226208866
presidente función,9.25979662038637,9.227326260477827,0.03247035990854208
desear,9.382753151185373,9.350288125334838,0.032465025850534346
num estudio,10.178852721987528,10.146459578108438,0.03239314387909076
reunirar jueves,10.0083211357077,9.975935930896838,0.03238520481086127
dirigirar,9.970607660734245,9.938237709414953,0.03236995131929277
enfasis,10.094553939059228,10.062417260695392,0.03213667836383571
disenar,9.788592981018992,9.756474325939905,0.03211865507908662
parcialmente,9.80717707219299,9.775071982707024,0.03210508948596669
black,9.942531965789405,9.91049094742917,0.03204101836023554
recibido,9.132686187153904,9.100771380918944,0.031914806234960125
almudena,9.84705111364228,9.815200840088549,0.03185027355373116
politica exterior,9.895161354804046,9.863358471470939,0.03180288333310699
instar gobierno,9.624821714635504,9.593049973718962,0.03177174091654145
utilizo,9.649009721768167,9.617252932180536,0.03175678958763051
frente covid,9.955363189868178,9.923641369745914,0.03172182012226443
prender,10.05047320172212,10.018755504029834,0.031717697692286606
drastica,9.923601074320876,9.891940015716104,0.03166105860477231
angel fuente,10.0650550527309,10.033402461408341,0.031652591322558266
arranque,9.8874819519523,9.855896668416307,0.03158528353599266
ibarra,10.079914487376294,10.048391071607439,0.031523415768855756
ronda,9.411753852552017,9.38024310104301,0.03151075150900695
constitutivo delito,9.95735803157878,9.92585638255486,0.0315016490239195
cuidar,9.600217418603444,9.568744572792644,0.03147284581080001
repetido,9.884274106915143,9.85290330630355,0.03137080061159381
marcha num,9.99912404637011,9.967854369419287,0.0312696769508225
oportuno,9.768553362632026,9.737306692729074,0.031246669902952107
excepción,9.852164621288482,9.821001043783635,0.031163577504846884
cara,8.162604152719927,8.131491382339732,0.031112770380195442
ridiculo,10.055568297423777,10.02448565292936,0.031082644494416556
ejecutivo madrileno,9.892543964099522,9.861508422668248,0.031035541431274183
declaración,8.144247536429534,8.113259599217034,0.03098793721249926
federacion espanola,10.013511606673411,9.98267704730399,0.03083455936942059
sigla ingl,10.231252281182504,10.20044643416004,0.030805847022463695
recurso apelacion,9.868389283498978,9.837598862846182,0.030790420652795802
castigo,9.833235389616997,9.802571087673586,0.03066430194341052
licencia obra,9.984280968760165,9.953656772178492,0.030624196581673147
particula,10.150727084466867,10.120122421026986,0.030604663439881108
emergencia coronavirus,9.975071197771744,9.944551883635508,0.03051931413623521
antoni comin,9.994310657834296,9.963823710786501,0.030486947047794644
collboni,9.802251117591506,9.772006451829032,0.0302446657624742
homosexualidad,10.057362604894163,10.02714425494261,0.030218349951551815
precision,9.935409762950231,9.905203175985447,0.030206586964784066
respaldo,8.84276506721852,8.812650532297031,0.030114534921489522
propuesta partido,9.808148989618315,9.778039465774793,0.030109523843522723
num entrevista,10.136236794921684,10.106178034482195,0.030058760439489518
vuelta,8.867485747965077,8.837508203853295,0.029977544111781995
indultar,9.802552412772636,9.772634530148942,0.029917882623694325
tolerancia,9.996694146233732,9.966783632068717,0.029910514165015556
llevariar,10.022036390715432,9.99215579242587,0.029880598289562244
campanas,10.017645736518482,9.98778819652923,0.029857539989251336
detalla,9.950984918831002,9.921136102554884,0.02984881627611813
firmeza,9.845529242350638,9.81573428188896,0.029794960461678954
redactor,10.058825896751133,10.029061516287763,0.029764380463369378
derrotar,9.878884882550214,9.849127558916683,0.029757323633530675
costoso,10.135351973484434,10.10560835496211,0.029743618522324766
producir despu,9.814215423325395,9.78454420000049,0.029671223324905682
preliminar,10.084085570226968,10.054547209137677,0.029538361089290532
plana,9.915753373590228,9.886242161616448,0.02951121197378015
segovia,9.86055441485352,9.831052486172657,0.029501928680861766
reservado,9.302134583395762,9.272659426617482,0.02947515677828072
ensayo,9.859299136998603,9.829850829107786,0.029448307890817205
silvia,9.937598609917378,9.908177594586643,0.029421015330735045
elección andaluza,9.925455526063958,9.896071257049165,0.029384269014792963
asamblea,8.070781894660048,8.041460656526379,0.029321238133668714
confidente,9.97564989816224,9.946335876293423,0.029314021868817264
celebrar domingo,9.992230062438967,9.962931174222186,0.02929888821678084
blanca,9.969111614185326,9.939846167703088,0.02926544648223839
tendido,9.787494920955256,9.758472512678674,0.029022408276581757
suministrar,10.162699589856546,10.133685362585757,0.02901422727078895
agricultor,9.8629448375659,9.833953351425274,0.028991486140625966
esperar llegar,10.059151525865724,10.030199899170189,0.028951626695535637
dureza,9.574911618793454,9.545977231835487,0.028934386957967462
aforado,9.9393511949939,9.91044979486163,0.028901400132269828
tasa num,10.121376854201175,10.092538105119647,0.028838749081527837
paternidad,9.846997543068687,9.81818162501772,0.028815918050966616
parcialmente recurso,10.005422021965856,9.976636658326019,0.028785363639837414
publico privado,9.882030652240358,9.853300764982171,0.028729887258187148
voto escano,10.009976613876878,9.981250013549246,0.028726600327631857
num concejal,9.525872756241025,9.49715622398345,0.0287165322575742
inarritu ejecutivo,10.060696074134249,10.0320094816993,0.02868659243494953
reclamo,9.794692118584644,9.766074621007489,0.02861749757715515
objetivo,7.80384703972946,7.775355250977149,0.028491788752311287
cualquiera persona,10.100020915943041,10.071554338672671,0.028466577270370053
socialista catalunya,9.931903259540073,9.903519160155518,0.028384099384554773
javier zaragoza,9.995082940643448,9.96677253143267,0.02831040921077843
declarar nulo,9.994423310801874,9.966244271475375,0.028179039326499122
llegar congreso,9.875303243497271,9.84716212704193,0.02814111645534112
persigar,10.019677228690025,9.991578571723077,0.028098656966948354
injusticia,9.925570851965128,9.897485384819065,0.02808546714606308
juzgado central,9.957491121826251,9.929482590084323,0.028008531741928522
cambio num,10.031792591075195,10.00378954637242,0.028003044702774815
ficha,10.018922754323638,9.990955072047745,0.02796768227589297
basilica,9.639000078453035,9.611075168518505,0.027924909934530007
privilegio,9.516403386170124,9.48848124191952,0.027922144250604575
mendez,9.738918102418088,9.71106439725012,0.027853705167968812
derecho constitucional,9.821493581116306,9.793852148883461,0.02764143223284421
ejecutivo función,9.894496579305954,9.866856710040356,0.027639869265598804
marcelino martin,10.046384670646738,10.018814415947459,0.027570254699279317
num carta,10.082444670800138,10.054897759777964,0.027546911022174214
reforma sede,9.855272950646068,9.827893063895191,0.02737988675087699
boadilla monte,9.947553729535937,9.920195237619337,0.027358491916599448
relación,8.577494160453247,8.550142130507535,0.027352029945712175
ministra portavoz,8.72777828106703,8.700445259621635,0.02733302144539529
refirio,9.703295824320431,9.676029243540963,0.027266580779468086
cruel,10.09844951976289,10.071239724640176,0.027209795122713487
elaboracion,9.597351626627825,9.570143318942927,0.027208307684897903
madrid partido,9.991871098129844,9.96467417369217,0.027196924437673076
integramente,9.85878760341275,9.831595159515185,0.027192443897565255
num lider,9.73113975188293,9.703969248434671,0.027170503448258998
exigiar,9.905355863864697,9.878222768507205,0.027133095357491754
cordon,9.718123481243033,9.691005719293546,0.027117761949487118
irresponsabilidad,9.70162373631018,9.674538940427551,0.027084795882629464
cronica,10.087287499597211,10.060289120433087,0.02699837916412484
diverso,8.943325696981953,8.916332094579097,0.026993602402855643
fernandez,8.45605474700402,8.429065426511475,0.026989320492544877
lograria,9.993862649888571,9.966888982805377,0.02697366708319393
sesion plenario,9.841946661062018,9.815030997723376,0.026915663338641593
alava,9.996964371925756,9.970051993371472,0.02691237855428419
prevenir,9.636761555797088,9.609859208040898,0.026902347756189826
num recibir,9.966690715156732,9.93983525083047,0.02685546432626218
recibo,9.965965637975204,9.939114180244918,0.0268514577302863
pintada,9.847586885160108,9.820773951407347,0.026812933752761836
sede judicial,10.024260484960958,9.99745820435936,0.026802280601598838
balears,9.664090391615263,9.637297307784268,0.0267930838309951
nacionalista,8.834808368250323,8.808019624929278,0.026788743321045416
pedir investigar,10.03642563761241,10.009673239395546,0.026752398216864037
artifice,10.03159607815285,10.004862786830092,0.026733291322758035
catastrofe,9.98618229063569,9.959465148770736,0.02671714186495322
parlamento,7.783421203746958,7.756740106877305,0.0266810968696527
proponia,9.818522867599048,9.791854654440531,0.026668213158517418
aplicado,10.0491765084872,10.022526425795979,0.026650082691221044
concesionaria,10.059584907824146,10.032983865240613,0.026601042583532575
electoralmente,10.004385749239386,9.977880460599144,0.026505288640242597
construido,9.990138405976888,9.963714747863074,0.02642365811381353
clima,9.319611040038271,9.293275844894923,0.026335195143348145
ordenamiento,9.903166521775686,9.87687136999393,0.026295151781756232
modificar ley,9.723151129202602,9.696885052301692,0.026266076900910207
vero,9.918257705973268,9.892023597540366,0.026234108432902303
sustraccion,9.916285653012675,9.890135179062533,0.026150473950142583
cena,9.557308920849758,9.531238101030379,0.02607081981937931
mezclar,9.960532803809317,9.934567386302664,0.0259654175066526
economica,8.945986893400416,8.920032549508052,0.02595434389236395
conciliacion,9.745819861168352,9.71994969752853,0.025870163639821087
politologo,9.65351095774972,9.627643307607583,0.02586765014213732
comunitat valenciano,9.615923950175493,9.590129957211934,0.025793992963558665
refundacion,9.853943042641335,9.828167989812922,0.02577505282841308
penultimo,10.069618032495656,10.043865837322695,0.025752195172961123
dejar piel,9.98666247018868,9.960938173208291,0.025724296980389028
presidente republica,10.004727736364828,9.979160590184575,0.025567146180252465
sacrificio,9.91016240394096,9.884652629793372,0.02550977414758826
tesis,9.330466144879558,9.304975279339093,0.025490865540465535
obtenido,9.461415933254473,9.435935859505651,0.025480073748822107
interno,8.181077515927994,8.155652720738775,0.025424795189218585
arropado,10.05977812580814,10.034356522994905,0.025421602813235467
carta presidente,10.060106479233793,10.034692112310658,0.025414366923135034
voto util,9.877559886363063,9.852166687610524,0.025393198752539092
munoz,9.52056117451242,9.495188675055763,0.025372499456656428
ministra transporte,9.81726840067349,9.791898147098482,0.025370253575006885
num mitad,10.099224571376274,10.07387986565917,0.02534470571710301
partido cerrar,10.001373454386272,9.976128205556304,0.025245248829968148
juan marin,9.523247814180285,9.49809116768061,0.025156646499675972
pedir fiscalia,9.914220310627558,9.889092114608848,0.025128196018709303
ambiente,9.019520118062223,8.994430635290756,0.02508948277146672
ferran,9.875836540073156,9.850758927156848,0.0250776129163075
estela,10.01043684792835,9.985401029064365,0.025035818863985426
bronca,9.865274393891928,9.84024890828456,0.025025485607368836
plan choque,9.75284266443245,9.72782398212409,0.02501868230836024
confesión,9.972986211323178,9.948032225646791,0.024953985676386736
conmemoracion,9.973765549832242,9.948831302471675,0.024934247360567596
nivel mundial,10.059362140588044,10.034585269572673,0.02477687101537107
atar,10.068331496603253,10.04356460927879,0.024766887324464193
petro,9.927121059631618,9.902369899787358,0.024751159844260684
num informe,10.036031224856506,10.011362985198431,0.024668239658074853
opuesto,9.848865164064279,9.824230837687624,0.024634326376654414
josep maria,9.985218391583606,9.96064741606827,0.024570975515336713
tendrir,9.917133484841408,9.89258603660381,0.024547448237598246
sector conservador,9.845004664928846,9.820516256273512,0.024488408655333416
maria chivite,10.019578967479989,9.995100307002259,0.02447866047772962
suspendio,9.861790773914148,9.83732266521345,0.02446810870069882
mercedes gonzalez,9.996862453480365,9.972397328272121,0.024465125208243066
compartiar,10.060821922850648,10.03639441365802,0.024427509192628705
medida anunciado,10.002722338405256,9.97837182631926,0.02435051208599681
ayuda directo,10.000356353148627,9.976139857901739,0.02421649524688796
escollo,9.49412795825669,9.469936898968738,0.0241910592879524
profundamente,9.859162772990826,9.83497673696029,0.02418603603053704
partido ultra,9.356133236192811,9.331978804506738,0.024154431686072897
anticapitalista,9.261623720966481,9.237511340847547,0.02411238011893424
elén,9.93996938873286,9.915865829833729,0.024103558899131627
espanolar,9.425121003960452,9.401041454222838,0.02407954973761406
sentencia supremo,9.89601464137985,9.872049878110056,0.023964763269793465
sorprendido,10.116728544037619,10.092831996884165,0.023896547153453795
reiterar,8.973595066920684,8.94971431017664,0.023880756744043552
upyd,9.869536820354988,9.845672754623068,0.023864065731919126
partido errejon,9.986941876765611,9.963128781043467,0.02381309572214363
circunscripción,9.910166719327878,9.886356765174117,0.023809954153760415
principal escollo,9.830413050353464,9.806606162268254,0.023806888085209366
millón num,9.98069402372331,9.956887284661185,0.02380673906212394
cogobernanza,10.007529786753894,9.983725248407694,0.023804538346199777
incurrio,10.035890829257017,10.012114946398409,0.0237758828586081
paso num,10.126345262105914,10.10261009329951,0.023735168806403806
coloco,9.944466886711723,9.92082407185307,0.023642814858652272
resto lider,10.001334457076462,9.977705816275282,0.023628640801179657
salud oms,10.117394554117517,10.093771899112784,0.023622655004732707
hitler,9.763577620460104,9.73997903162251,0.02359858883759358
ejecutivo nacional,9.964986653062583,9.941388666672648,0.0235979863899356
retrato,9.774189888018574,9.750599726239612,0.023590161778962226
desaparecido,9.722195508036204,9.698627019848558,0.023568488187645897
debate investidura,9.607832147273504,9.58431384657159,0.023518300701914185
albergue,10.134176906596638,10.110683336573892,0.023493570022745658
pierna,9.97272866760112,9.949282747365938,0.023445920235181106
compatible,9.8915271576817,9.868093136108298,0.023434021573402575
financiacion irregular,9.703220038990285,9.679893055985497,0.02332698300478775
secretario partido,9.520935911944044,9.497653843557552,0.02328206838649116
lucrativo,9.980872584618893,9.95761303138234,0.023259553236552932
subrayo,10.081016515035293,10.057797456130695,0.023219058904597745
cofundador,9.624624205141833,9.60148024498606,0.023143960155772803
aventajar,10.033590742427402,10.010502172456034,0.023088569971367434
hambre,9.677564737910796,9.654591825747374,0.022972912163421455
capaz,9.232947175158047,9.209986054652438,0.0229611205056095
decisión tomado,9.996048613335807,9.97309266641498,0.022955946920827586
gratuito,9.523025346308554,9.500071618985586,0.02295372732296741
compensación,10.069214297119393,10.046261344156305,0.02295295296308808
estimación key,9.904522383540387,9.881571684985117,0.02295069855527032
ricardo,9.29588338814525,9.272953210631927,0.022930177513321937
sol,9.270879981860077,9.247983171477651,0.022896810382425414
boicot,9.998515345139175,9.975621650121532,0.022893695017643267
camara aprobar,9.919490224873186,9.896609792435301,0.02288043243788529
vincular,9.293767929592697,9.27090015467625,0.022867774916447203
potenciar,9.70979194461892,9.68699338712093,0.02279855749798898
fruto,9.741048226449019,9.718256494360185,0.022791732088833783
complutense,9.855968943745191,9.83319158265711,0.022777361088081705
drama,10.06192723120417,10.039173585164137,0.02275364604003194
gabilondo,9.109269198064798,9.0865271570849,0.022742040979897737
promedio,9.934237158253584,9.911518877237535,0.02271828101604889
tumbo,9.912682031262529,9.889977912832478,0.022704118430050713
jubilacion,9.693679771242454,9.67098441690493,0.022695354337523455
exministra justicia,10.008766393425843,9.986102013810976,0.022664379614866448
reunir secretario,10.013127184185462,9.990583352414264,0.02254383177119834
fortalecimiento,10.069214579822725,10.04668851577322,0.02252606404950619
tarifa,10.075136863904717,10.052652245397224,0.022484618507492726
extremis,9.794667995422808,9.772188533277406,0.02247946214540164
in extremis,9.794667995422808,9.772188533277406,0.02247946214540164
impuesto,8.09551105687974,8.07312193798994,0.022389118889799775
multimillonario,10.028899504811823,10.006527669700313,0.022371835111510308
componer,9.88604391621791,9.863772397192989,0.02227151902492075
derrota,9.546520518996376,9.524280865188864,0.022239653807512028
revisable,9.728266891223083,9.706033209408734,0.022233681814348927
vox asegurar,9.959028746449919,9.936808104955114,0.022220641494804738
sebastiar,9.63704078293229,9.614847678925958,0.02219310400633212
salvaguardar,9.99302051429314,9.970852084030229,0.022168430262910377
misiva,9.592959966391863,9.570828749501114,0.022131216890748817
lista partido,9.980140411887035,9.95802104658956,0.022119365297475824
basica,9.846843232184677,9.824751303784629,0.022091928400048033
proceso judicial,9.762870069649239,9.740789145176478,0.022080924472760444
gobierno solitario,9.887805892623808,9.86574049584462,0.022065396779188617
arrebatar,9.748792502718635,9.726757892787814,0.02203460993082018
suerte,9.488031751385147,9.466002841644901,0.022028909740246405
vocal conservador,9.993146639368108,9.971156544961264,0.021990094406843852
independencia judicial,9.867677527190088,9.84582970525171,0.021847821938377976
enmienda totalidad,9.001759968085363,8.979947274057803,0.021812694027559587
defensa derecho,9.85942222140925,9.837611024933409,0.0218111964758414
cultivo,9.915654263698675,9.89384808201694,0.021806181681736092
inclinar,9.6808626424645,9.659090964262354,0.021771678202146205
confiar,9.107892035948165,9.086170166805061,0.02172186914310359
existir indicio,9.854344519976808,9.832627960225233,0.021716559751574493
propagar,10.045277529899357,10.023602686683564,0.02167484321579316
fragmentacion,9.774046493197579,9.752381417579127,0.021665075618452434
subvención,9.159196576342277,9.1375579557632,0.021638620579077283
preso eta,9.995593271299661,9.973960478647465,0.021632792652196642
exalcalde,9.347749505290176,9.326458004604824,0.02129150068535246
gobierno,5.983913136529242,5.962628655353384,0.021284481175858794
estabamo,10.093490659850403,10.072216114768915,0.021274545081487517
brasilena,10.060177422668106,10.03898011632922,0.021197306338885724
judio,10.070303613120965,10.049125106684171,0.021178506436793754
confianza,8.501696372478673,8.480522599873611,0.021173772605061814
alcanzado,9.20236185090182,9.181224709527186,0.021137141374634183
pistoletazo,9.861630196753381,9.840510251473182,0.02111994528019956
pistoletazo salida,9.861630196753381,9.840510251473182,0.02111994528019956
alivio,10.11564220360329,10.094587110103452,0.021055093499837696
justicia espanola,9.820871293239824,9.799852632899347,0.02101866034047717
estricto,9.672073454551247,9.651066642449365,0.021006812101882488
candidato presidencia,9.21307438745182,9.19211637053776,0.02095801691405974
alcalde madrid,9.27197837654314,9.251029879240141,0.020948497302999414
oms,9.799035026345624,9.778114913452379,0.020920112893245246
custodiar,9.951381289491103,9.930487356569872,0.020893932921230984
intimidacion,9.94233795525231,9.921474225878823,0.02086372937348635
integracion,9.73646252070478,9.715633657500408,0.020828863204371828
votado,8.965982771740714,8.945189434479369,0.020793337261345357
centro madrid,9.960751595512843,9.940121806741036,0.020629788771806545
proclama,9.98919497050586,9.968569837509834,0.02062513299602564
proponer candidato,9.968138792528658,9.947533332918814,0.02060545960984328
previsto num,9.667431366241384,9.646854062720827,0.02057730352055742
previsto aprobar,9.94008374196851,9.919553249849066,0.02053049211944291
impediar,10.078111670631662,10.05760199981226,0.02050967081940236
presidente parlamento,9.968360487630553,9.947862662377803,0.020497825252750346
alimentar,9.630563211843883,9.610071525246457,0.02049168659742584
carne,9.639473379149154,9.619003814196843,0.020469564952311003
citar declarar,9.736141796957913,9.715728752456378,0.020413044501534472
intensivo,9.887024726581068,9.866645138521479,0.020379588059588727
dirección,9.67140712388218,9.651137424987533,0.020269698894646027
satisfecho,9.73096723868532,9.710703792681858,0.020263446003461638
descartar cualquiera,10.010463666838595,9.990262874356679,0.02020079248191564
alcaldesa barcelona,9.276697595723768,9.256504414112094,0.02019318161167405
candidato alcaldia,9.668921635053877,9.648750568663313,0.020171066390563652
organo gobierno,9.369467983605427,9.34934026640429,0.020127717201136264
diputada unidas,9.885247229897619,9.865131824049122,0.020115405848496692
pge,9.182878800436301,9.162796935375372,0.020081865060928905
sendos,9.550923717691598,9.53100577018225,0.019917947509346945
sede partido,9.874463129305877,9.854585919320954,0.019877209984922928
madrid isabel,9.523592385303031,9.50383103851339,0.019761346789641365
gravamen,10.002713302690406,9.982969038809765,0.0197442638806411
intencion voto,9.793277570564506,9.773611896329072,0.019665674235433528
comenzar proceso,10.029327612182309,10.009692894736444,0.019634717445864425
num diez,10.015340138763294,9.995724989953889,0.019615148809405625
fila,8.827682488123935,8.808127854607386,0.019554633516548847
presidente xunta,9.23311915202291,9.213663724280192,0.019455427742718356
sistema financiacion,9.89737418287845,9.877968302343561,0.019405880534888453
actual portavoz,9.848822403757069,9.829423539560716,0.019398864196352505
asistir,9.011672606142639,8.992274250916502,0.0193983552261372
delito dano,9.959436187214516,9.940079583421738,0.019356603792777705
condenatorio,9.848746456812128,9.829405369817076,0.01934108699505188
lanzar mensaje,9.53650837038967,9.517219311509212,0.0192890588804584
enmienda,8.1406870569564,8.1214730128772,0.019214044079200576
prioridad,9.022734372036902,9.003544556830168,0.019189815206734906
desatado,10.0217115436325,10.002568712170275,0.01914283146222573
allar,9.83685647389342,9.817737691322598,0.019118782570821224
misa,9.778148000910848,9.75903965199725,0.019108348913597695
arte,10.018974491333697,9.99988890411302,0.01908558722067788
accedio,9.883318088187675,9.864256628861693,0.019061459325982355
alcanzariar,9.847462578487118,9.828408792773319,0.019053785713799343
levanto,9.918633149195616,9.899623479477293,0.019009669718322186
presionar,9.3478240974787,9.328902216760905,0.018921880717794437
vulnerar ley,9.882294076712236,9.86337567553283,0.01891840117940724
gestar,10.05300540262609,10.034090702895147,0.018914699730942175
rendimiento,10.023084154009076,10.004170327720091,0.01891382628898519
diaz,7.512967998842137,7.494125295924678,0.01884270291745871
abundante,10.144278635212409,10.12544381155523,0.018834823657178035
entendimiento,9.331416096633758,9.312589081928627,0.018827014705131262
sobreprecio,10.06070525977784,10.041886144139546,0.018819115638294193
master,8.739361316887992,8.720574971393953,0.018786345494039125
parlamento europeo,8.949887133739175,8.93120081238049,0.01868632135868431
gobierno aprobar,9.621314721182237,9.602633511058412,0.018681210123824954
sergio rio,10.025958583053846,10.007281250381133,0.018677332672712765
declarar juicio,9.911608393538891,9.892946524080989,0.018661869457902824
bandazo,9.968185512607906,9.949572400890304,0.018613111717602493
trav twitter,9.913027207759042,9.894564078109351,0.018463129649690657
noelia,9.632175835622233,9.613719654390458,0.01845618123177495
pse,9.525108359703907,9.506713072876641,0.018395286827265878
exigencia,9.261446480891006,9.24307946698566,0.018367013905345786
historia reciente,9.850124336219745,9.83196419633273,0.018160139887013926
ausentar,9.85485245785431,9.836705016397753,0.018147441456557445
google,10.020675997646713,10.002558786324766,0.01811721132194677
hoja,9.148720763195808,9.130644255813312,0.018076507382495777
heredero,9.672178079369736,9.654111909473631,0.018066169896105322
primaria,8.371164137728712,8.35310489040323,0.01805924732548192
convertido,9.914066422398074,9.896015461730332,0.018050960667741478
sequia,10.055164504873332,10.037199366759058,0.017965138114274026
fuerza parlamentario,9.922493419629,9.904559557197548,0.017933862431451786
cara cara,9.558019327775561,9.54012411601275,0.01789521176281106
asumir responsabilidad,9.634228330773919,9.616339795496582,0.01788853527733636
disparar,9.654086898264138,9.636246077389027,0.017840820875111518
alianza verde,9.8099192991246,9.792100497372656,0.01781880175194317
hipoteca,9.612660271066398,9.594862094504444,0.017798176561953483
desprestigiar,10.008607760486498,9.990811686992153,0.01779607349434542
legalmente,9.968596340202652,9.950801226855196,0.017795113347455427
servicio secreto,9.80038091688592,9.782587652126345,0.017793264759575322
toma decisión,9.883282882437925,9.865569849393989,0.01771303304393612
refuerzo,9.637038302077713,9.619359859856045,0.017678442221667368
precipitar,9.991947880527018,9.974270427404381,0.017677453122637132
senado,8.150669139600234,8.133007226118165,0.017661913482069025
muchisimo,9.978518739088075,9.960877090159961,0.01764164892811415
anunciar presentar,9.869867329744206,9.85225839823025,0.017608931513956705
consideración,10.033792512485661,10.016218311342708,0.017574201142952717
vencer,9.657629663257818,9.64007403490484,0.017555628352978303
dirigente,7.561936879529233,7.54438278425206,0.017554095277172443
declarar juez,9.761739529905366,9.744212224603372,0.017527305301994645
apuntar,8.257423684531568,8.239920117366797,0.01750356716477164
desacuerdo,9.70298880553078,9.685522397972752,0.017466407558027086
encuentro publico,9.984518473113841,9.967118593583926,0.01739987952991484
pyme,9.972515037120804,9.955187066469101,0.017327970651702884
caber,9.445192394607508,9.427923848891425,0.017268545716083494
buscar apoyo,9.604253080452072,9.587058867247732,0.017194213204339448
bayo,9.978387231063792,9.961221243450796,0.017165987612996148
atestado,10.0216150860608,10.004485801018557,0.01712928504224287
problema salud,9.976596249261515,9.95954815113106,0.017048098130455713
videoconferencia,9.776274441377966,9.75924176876553,0.017032672612435462
filtrado,9.932841362079252,9.91590336745398,0.016937994625271457
sobrino,10.038299418477854,10.021362011196313,0.016937407281540473
corroborar,10.088602868231185,10.07170041721204,0.016902451019143783
astapa,10.056908550850952,10.040034780471407,0.016873770379545405
choque,9.393593119908038,9.376746897085377,0.016846222822660906
paraguay,10.125037866043227,10.10828839585861,0.016749470184617365
diplomatico,9.415689413993574,9.398990966451512,0.016698447542061956
exito,9.126679145470415,9.110118530146666,0.016560615323749417
firmar num,10.001980715959629,9.98545443859306,0.01652627736656953
barometro centro,10.017912588217651,10.001508416976344,0.016404171241306997
permanente revisable,9.754348715502612,9.738050020495065,0.016298695007547437
prision permanente,9.754348715502612,9.738050020495065,0.016298695007547437
mantener perfil,10.045744009051328,10.029465744088661,0.01627826496266671
conclusión,9.267085767023161,9.25081886994757,0.01626689707559059
maximo responsable,9.701107632394638,9.684914444106985,0.01619318828765337
isla balear,9.992513615375277,9.976367225572448,0.01614638980282912
senalado,9.890243626939604,9.874103980970373,0.016139645969230898
gobierno comunidad,9.40699315889594,9.390978674806888,0.016014484089051706
flexibilizar,9.811190747207597,9.795207772955942,0.015982974251654625
billete,10.031711524893607,10.01574220460441,0.015969320289197952
justifico,10.00907881921488,9.993155352837574,0.015923466377305573
imposible,9.250992582417913,9.235108200309211,0.0158843821087018
antiguedad,9.934223325107464,9.91839101785477,0.015832307252694022
brazo,9.799961392804962,9.784131344545514,0.015830048259447338
corporacion,9.367812447036508,9.352034926644775,0.01577752039173319
ataco,9.995670105064102,9.979903516547399,0.015766588516703095
conformar,9.158410175793565,9.142655827847747,0.015754347945817315
saliar,9.98147067169872,9.965758324055754,0.015712347642965696
restriccion,9.970569001499099,9.954971244176585,0.015597757322513672
arbol,10.041194256485737,10.025606754594593,0.015587501891143773
descubierto,9.89358379154137,9.878039553186333,0.015544238355037265
balanza,10.020185341331956,10.004673790195222,0.015511551136734525
congreso diputado,8.306583034603369,8.291079167430041,0.015503867173327635
ordenado,9.608382344481315,9.592895045799313,0.015487298682002049
solucion conflicto,9.851382870005317,9.835915478053103,0.015467391952213916
juez pablo,9.896927529200385,9.881498727784761,0.015428801415623639
mayorio,8.805316807324141,8.789959256259607,0.015357551064534292
adquisitivo,9.783916643465774,9.76859402360865,0.01532261985712502
ilegalmente,9.892976110310475,9.877676678542523,0.015299431767951788
explicar publico,9.916489225261985,9.901237495255247,0.01525173000673874
ma,9.006840240107024,8.991592783008967,0.015247457098057637
reunio,9.464170578218374,9.449060646155994,0.015109932062379983
jerarquia,10.070386866044702,10.055297205933384,0.015089660111318182
edil,8.934000993731336,8.918988391061657,0.015012602669679964
cara num,9.945537487522952,9.930560896270963,0.01497659125198858
indicador,10.019723993705885,10.004757103109375,0.014966890596509685
palo,9.905597053247511,9.890657635989257,0.01493941725825465
miras,9.885261009214203,9.870332062317368,0.014928946896834105
aparentemente,9.994914854053885,9.98001626060438,0.01489859344950517
cumplir mes,9.953305638461043,9.938423482487865,0.014882155973177547
centro ciudad,10.137813596362992,10.122954212081126,0.014859384281866284
agente guardia,9.912574120584846,9.897719708980048,0.014854411604797946
hariar,9.805478205357993,9.790700571585173,0.014777633772819598
democracia espanola,9.855873174626975,9.841135442659297,0.014737731967677803
estarir presente,10.003034986147256,9.988307813881457,0.014727172265798671
juez jo,9.953077285906744,9.93838293036986,0.014694355536883918
cumplir requisito,9.659942830691936,9.645251250370766,0.014691580321169795
valle caido,8.987844670134361,8.973195205041264,0.014649465093096836
muro,9.794780528559947,9.780144848587696,0.014635679972251125
ayuntamiento localidad,9.972671665464095,9.95804720763238,0.014624457831715176
reacio,10.048268459896185,10.03365422744032,0.014614232455866016
telefono,9.233607794211974,9.219083525276108,0.014524268935865337
disciplina,9.681042948295653,9.666522513650422,0.014520434645231006
operador,10.008770921596565,9.994309360484632,0.014461561111932753
llegar partido,10.015317601216454,10.000870178227752,0.014447422988702385
montaje,9.78502123108874,9.770673131054574,0.014348100034165867
gobierno pretender,9.921325143179859,9.907123367985353,0.014201775194505828
conceder entrevista,9.949743672272273,9.935562607024703,0.01418106524756979
representacion parlamentario,9.847507832802004,9.833420396791984,0.014087436010019161
organizativo,9.863019077759759,9.848931717596912,0.014087360162847062
num congreso,9.535802312776028,9.521716799931617,0.014085512844410175
preocupacion,8.915276333688988,8.901199000330763,0.01407733335822492
junta directivo,9.743900719830936,9.729897940176361,0.014002779654575193
entrar gobierno,9.631006159814937,9.617032958131968,0.013973201682969005
num plan,10.010112259982273,9.996178180129075,0.013934079853198611
cupula judicial,9.962040647125594,9.948120245615337,0.013920401510256752
hospitalario,9.846654067451874,9.832742575904163,0.013911491547711208
peligro,9.204571298209563,9.190662221950141,0.013909076259421838
asegurar habrar,9.929512008221351,9.915608714868386,0.013903293352965918
num dato,10.011426562439574,9.99752583168274,0.013900730756834179
gobierno central,9.168388457663474,9.154507454061283,0.013881003602190134
conto,9.745062324942658,9.731252802465573,0.013809522477085778
determinacion,9.687670527817634,9.673894642202765,0.01377588561486931
seguir principal,10.007030347548735,9.993312624263126,0.01371772328560894
altos,9.93437672149343,9.92069400910719,0.01368271238623997
incumplir ley,9.970181485142955,9.9565602762215,0.013621208921454908
num acusado,9.85082133817378,9.837202570520729,0.013618767653051478
pp comunidad,9.642793871503187,9.62919381164238,0.013600059860806368
mencion,9.706213710164302,9.692689486882038,0.013524223282264103
cargo publico,9.28709452491674,9.273575185146179,0.013519339770560634
protocolario,9.925967535836328,9.912513893238609,0.013453642597719195
grupo congreso,9.892430003436134,9.879003424031309,0.01342657940482539
ilegal,8.472997249377924,8.459593960049874,0.013403289328049794
literatura,10.09271550860506,10.07931412124335,0.013401387361710704
exmiembro,9.847120392771528,9.833762576837737,0.013357815933790818
servicio publico,9.183760910335492,9.170412864189913,0.013348046145578607
ilicita,9.630067925261308,9.616830136527916,0.013237788733391653
inscrito,9.351214096530109,9.337990864587008,0.013223231943101155
querellar,9.925639639392857,9.912424564923514,0.013215074469343335
jo ricardo,9.82011218151107,9.806903020491012,0.013209161020057536
desviar,9.69409585223595,9.680887346867479,0.01320850536847118
exclusivo,9.4765547533385,9.463387099215602,0.013167654122897332
num paciente,10.056866182035439,10.043732465248802,0.013133716786636995
malo,8.84123217877972,8.828129900628335,0.013102278151384539
mausoleo,9.952155962189304,9.939084291415792,0.013071670773511457
concejalia,9.998392254956451,9.985372241311188,0.013020013645263617
tenedor,9.939602569271237,9.926585613880997,0.01301695539024017
aerea,10.149215673196618,10.136255717340191,0.012959955856427285
conde,9.547470022169882,9.534570908182445,0.01289911398743726
documentado,9.976539023539189,9.963701994324857,0.012837029214331608
foro,8.88347892428149,8.870698838608103,0.012780085673387731
vacuna coronavirus,10.068308032802829,10.0555760757289,0.012731957073928157
afortunadamente,10.116392364890267,10.103666422887752,0.012725942002514756
metal,10.10272671051126,10.090032594655497,0.012694115855762078
madrileno,8.261517748399442,8.248872834816217,0.012644913583224948
emirato,9.755584093914027,9.742956828400853,0.01262726551317428
clausura,9.883717029471308,9.871092497367831,0.012624532103476582
sacar,8.290337726274773,8.277746932238415,0.012590794036357877
convalidacion,9.716565784039124,9.70399914770636,0.012566636332763892
estructura,8.974860968749448,8.96231445135769,0.012546517391758272
manana lunes,10.021542686112559,10.009011414128187,0.012531271984371983
publico acceso,10.023564036458737,10.011034325423115,0.01252971103562217
reactivar,9.650703613631507,9.63824858715117,0.012455026480337139
cara comicio,9.896390133089513,9.88396310111931,0.012427031970203117
oponer,8.91768459771733,8.905289699831146,0.012394897886183642
votar jueves,9.94669452909064,9.934310966322938,0.012383562767702472
madrid solicitar,9.953299498189821,9.940954709705558,0.012344788484263347
miembro ejecutiva,9.885523181080757,9.873245315810482,0.01227786527027419
pardo,9.623960912419836,9.611719846907421,0.01224106551241455
demandado,10.069831650176917,10.057645944643243,0.012185705533674707
legado,9.68160699815642,9.669437421516193,0.01216957664022722
comite experto,9.97104116114644,9.958879396885234,0.012161764261206187
punico,9.522037924346124,9.509891028382684,0.012146895963439874
mafia,9.699022048025569,9.68687999860745,0.012142049418118361
partido apoyar,9.769321253054818,9.757214362016299,0.012106891038518697
apellido,9.88212570111319,9.87003467257105,0.012091028542140947
deberiar,9.345358795102932,9.333273875754196,0.012084919348735568
seguir abierto,9.795985589531423,9.783904652981768,0.012080936549654808
ultraconservadoro,10.033502314199565,10.021904557962904,0.011597756236660928
bienestar animal,9.987180836559618,9.975681033079315,0.011499803480303328
moción,9.819510865705855,9.808156611581415,0.011354254124439578
documentacion,8.963256329750253,8.951908962756,0.011347366994252539
bajada,9.45762772771402,9.44635690449069,0.011270823223329174
comenzar num,9.979989136056908,9.968767215055541,0.011221921001366653
veniar,10.086920271515234,10.075760540128401,0.011159731386833016
asegurar publico,9.995450819388346,9.984306575864297,0.011144243524048747
avisar,8.783438480101191,8.772339958992998,0.011098521108193538
expulsar,9.265596210386565,9.254562787357266,0.011033423029299883
balance,9.307423310637732,9.296390739347398,0.011032571290334303
despuser,9.234880846983065,9.22384843504345,0.011032411939615017
grupo municipal,9.401204806235556,9.390225994308306,0.010978811927250476
reflexión,10.007358019096436,9.996428797634872,0.010929221461564609
num trav,10.086932886280435,10.076032724894421,0.010900161386013352
gobierno advertir,10.003017351488698,9.99215807707531,0.010859274413387965
unitario,9.759908408458218,9.749213303443256,0.01069510501496218
conexion,9.92136831656502,9.91067693017341,0.010691386391609825
tema,8.409052980372003,8.398363927650804,0.010689052721199133
acudir manifestacion,10.024004195489768,10.013340453567318,0.010663741922449788
abrirar,9.458409039482525,9.44781827893308,0.010590760549446188
ocurrirar,9.967752075737467,9.957179483452576,0.010572592284891158
hostelero,9.981494460478778,9.970944166925053,0.01055029355372561
acusación,8.617129404181073,8.606638517098505,0.010490887082568179
tendriir,9.90867929539554,9.898215969679532,0.010463325716008498
investigar presunto,9.68716573930022,9.676733423418835,0.010432315881384824
ultimos num,9.939223726877083,9.928922822853055,0.010300904024028057
alto mando,9.949565154361535,9.939281677951628,0.010283476409906456
escolar,9.518614342262177,9.508335760901657,0.010278581360520178
justo,8.943872481912809,8.933628415907336,0.010244066005473229
restar importancia,9.783790786718978,9.773562987135668,0.010227799583310215
excesivo,9.852187653119653,9.842059909875744,0.010127743243909748
minuto silencio,9.933128380584838,9.923036142625389,0.01009223795944969
marcado,8.90877759089647,8.898693876299824,0.010083714596646587
matricula,9.961744712358815,9.951697328908994,0.010047383449821368
grito,9.390514557069444,9.380474730897893,0.010039826171551525
ano llegar,10.082393336129178,10.072376036540774,0.010017299588403361
gobierno catalunya,9.744705437856565,9.734696425859939,0.010009011996626072
pp volver,9.99223807557745,9.982230678843306,0.01000739673414408
ponencia,9.330716741580398,9.320813033878418,0.009903707701980125
num dejar,9.84716473768235,9.837316517676296,0.00984822000605412
bando,9.767245547748267,9.757418544492815,0.009827003255452382
barrio madrileno,9.938523307490053,9.9287051924383,0.00981811505175223
artadi,9.767214805448765,9.757499333933495,0.009715471515269414
vicealcaldesa,9.573204050803456,9.56353054552445,0.009673505279005568
exento,9.953753546880657,9.94414431492663,0.009609231954026853
socio parlamentario,9.538063280681817,9.528469203381214,0.009594077300603132
estariar dispuesto,10.057568893417912,10.048134209530408,0.009434683887503681
num quedar,9.965420878760195,9.956046897890392,0.009373980869803233
opción,9.30998557971906,9.300613376486584,0.009372203232475229
agravar,10.042375453164333,10.033044713687222,0.009330739477110939
adhesion,9.967062630922127,9.95776341254914,0.009299218372987639
apoyar iniciativa,9.88115410396217,9.871863753391484,0.009290350570687167
validar,9.905144237077518,9.895863265212807,0.009280971864711773
contrera,10.077883773747015,10.068879313911566,0.009004459835448841
invasion,9.611702740228777,9.602902577465992,0.00880016276278539
alzar,10.030569615989558,10.021813228632835,0.008756387356722684
conversación,8.586142522933129,8.577392731371798,0.008749791561330156
mano tendido,9.879896319985455,9.871219748896154,0.008676571089301532
programacion,9.795653089332085,9.7869789411585,0.008674148173584584
reconstruir,9.73662511433511,9.727966667595968,0.008658446739142178
presidenta parlament,9.975039865152537,9.96658136682541,0.008458498327126307
cibel,9.787759699391781,9.779343047933454,0.008416651458327706
llamar,8.067495163465217,8.059102047670311,0.008393115794905981
amenazante,10.005799674930447,9.99745935146706,0.008340323463386312
dao,9.792607680324283,9.784334874821297,0.008272805502985037
pp proponer,9.86792535090961,9.859660693212225,0.008264657697385047
declarado,9.689249509008288,9.681061444774903,0.008188064233385361
cafeteria,9.977816172386971,9.969654494668278,0.008161677718693028
simular,9.990652828062636,9.982543179997542,0.008109648065094177
realista,9.77691033050232,9.768818799971449,0.008091530530871083
vendido,10.024963427725606,10.016886151274074,0.008077276451532
ministro exteriores,9.51503224556615,9.506978020462475,0.008054225103675705
urjc,9.68935004155618,9.681299140559181,0.008050900996998678
pascual,9.895389575924364,9.887378601447073,0.008010974477290489
espán,9.383978068104017,9.376065587088291,0.007912481015726058
conversacion,9.117173941143191,9.109264892517363,0.007909048625828419
gestacion,9.925210084490349,9.917312231578999,0.007897852911350256
aportado,9.785557950943645,9.77766666646687,0.00789128447677534
acusacion popular,9.414921259498948,9.407090556230905,0.007830703268043138
prostitucion,9.566219954953809,9.558604187556691,0.007615767397117779
andorra,9.714445802235868,9.706851906202772,0.00759389603309657
estandar,9.916275016272925,9.908815443818117,0.0074595724548078834
asesinado num,10.041845244363818,10.034389833538523,0.007455410825295772
formación,8.010001116540616,8.002554081563726,0.00744703497688981
ministra,7.206581048370963,7.1992015628237995,0.007379485547163611
caso presunto,10.070807787174001,10.063435859641611,0.007371927532389577
unidad izquierda,9.982587463335356,9.975256665899511,0.007330797435844971
sustitucion,9.612810786349867,9.605502708136274,0.00730807821359214
plan recuperacion,9.7686584336399,9.761372149944396,0.007286283695503215
partido afirmar,9.910890044186509,9.903670160037235,0.007219884149273881
meritxell batet,9.39633678424863,9.389144480368568,0.007192303880062312
denunciar num,9.911072999883833,9.903951475313404,0.007121524570429472
sucedido,9.674145158148587,9.667084626624407,0.007060531524180291
pandemia num,10.067480279346313,10.060422458129997,0.007057821216315929
camara meritxell,9.991742631161266,9.984736771332805,0.007005859828460359
alto num,10.043283845816504,10.036289431461261,0.006994414355242284
aventura,10.022253929077914,10.015286175535039,0.006967753542875599
adecuado,9.34776763292242,9.340823638122409,0.006943994800010955
asistente,9.432598123372575,9.425740590000158,0.006857533372416569
mexico num,10.139151318971416,10.132388699444727,0.006762619526689662
fuerza independentista,9.962522779654797,9.955773899485372,0.00674888016942532
gobierno encontrar,9.986445909099844,9.979731773672292,0.006714135427552392
deliberacion,9.965473777481286,9.958855966731026,0.0066178107502601335
mes mayo,9.65524115619594,9.648696178510423,0.006544977685516429
fuente partido,9.60540573056967,9.598890540320738,0.006515190248931546
miembro grupo,9.991048164199976,9.984534745986041,0.006513418213934585
num suponer,10.039093302469256,10.032651439342063,0.006441863127193415
derecha pedir,10.022018202591715,10.015581816835372,0.006436385756343199
rtve,9.25425221483298,9.247845423199067,0.006406791633914111
leyenda,10.109150144587218,10.102903012670609,0.006247131916609305
grupo mixto,9.627928810603883,9.621710878130495,0.006217932473388643
significativamente,10.15987474787143,10.153689338902874,0.006185408968557127
nucleo,9.488801555516988,9.482639295472874,0.006162260044114021
arsenal,10.0226485769714,10.016513925375353,0.006134651596047647
apoyo grupo,9.784093840939907,9.777991286051783,0.006102554888123279
reloj,10.003235267913341,9.997167027283172,0.006068240630169086
lavado,10.088712764227434,10.08264593650597,0.006066827721463497
unilateral,9.476085321733544,9.47007779741654,0.0060075243170043535
direccion nacional,9.279135587773942,9.273139386388232,0.005996201385709554
entrevista cadena,10.063585805944106,10.057646278735165,0.005939527208941087
precepto,9.961613958840141,9.955701070071388,0.005912888768753177
entro,9.600602572735918,9.594743100129923,0.005859472605994398
cita urna,9.80075951328277,9.794963481787445,0.005796031495325593
archivo causa,9.804729239153296,9.79896619342312,0.005763045730176941
delito atentado,9.862366193475617,9.856677415276327,0.0056887781992909225
ministerio exteriores,10.012265041380848,10.006586137564307,0.0056789038165412364
numero caso,10.069967565372455,10.064367887092162,0.005599678280292508
volvera,9.201073108403577,9.195474915660348,0.005598192743228481
andres,10.00797331754972,10.00239420577929,0.005579111770430245
citado,9.232026227640151,9.226497365317316,0.005528862322835337
voto elección,9.934226095018058,9.928739770721904,0.0054863242961538106
resto comunidad,10.00980123386251,10.004317111262738,0.005484122599771268
celebrar viernes,9.8502492471356,9.844775972076164,0.005473275059436844
eloy,9.952532295479557,9.947146341214616,0.005385954264941262
galar,10.011807031755929,10.006423288587126,0.005383743168803079
democratica,9.792211583061738,9.786829755512716,0.0053818275490211676
padecimiento,10.083270298079196,10.077894075247293,0.005376222831902311
politico actual,9.92869513433712,9.92333422401222,0.005360910324899493
clase trabajador,9.920845942034592,9.915617295770469,0.005228646264123782
eliminir,10.052757003691871,10.047549579274628,0.0052074244172430895
hectarea,10.050518311482179,10.045313810023096,0.005204501459083133
ministerio igualdad,9.585410392291694,9.580245209125021,0.005165183166672804
amplio mayorio,9.78230887596892,9.77720089013458,0.005107985834339246
luxemburgo,10.025250226069703,10.020307187324985,0.004943038744718464
recaudacion,9.838812461706185,9.833933469705237,0.0048789920009486565
medida ejecutivo,9.980438764102347,9.975602662230054,0.004836101872292886
proyecto num,9.989003314128002,9.9842147274207,0.0047885867073027555
firmado,9.193585610321387,9.188889196764341,0.004696413557045531
ultraderechista,8.152767597641656,8.148117569806697,0.004650027834959047
obtendriar,9.418640758456952,9.41400316763059,0.004637590826362725
altercado,9.949752223373695,9.945151090083451,0.0046011332902438085
recriminar,9.868259386074975,9.863746653341156,0.004512732733818581
defendera,9.856303818217377,9.851881348355423,0.004422469861953715
probablemente,9.634156509668472,9.629824531334721,0.004331978333750541
joya,9.78972520535554,9.785396055768901,0.004329149586638437
fondo europeo,9.298002435515146,9.293709892215292,0.004292543299854401
costo num,10.029341051941543,10.025112491819419,0.0042285601221241365
suma,9.158179074676863,9.153959663333314,0.004219411343548529
imagen,8.462016603810588,8.457822454387328,0.004194149423259574
referencia,8.58016134705683,8.57602196282417,0.004139384232660248
valido,9.72925702428815,9.725130670489019,0.004126353799131621
privilegiado,9.904879319924273,9.900768713280025,0.004110606644248449
inedito,9.83539609871507,9.831371935586173,0.004024163128896419
nacional guardia,9.892986324200278,9.88898994017057,0.003996384029708366
ejecutiva partido,9.869990563899519,9.866184812101164,0.0038057517983549616
tarjeta black,10.016548253243037,10.012745486353712,0.0038027668893256816
cuestión previo,9.998946611328773,9.995195557592748,0.003751053736024801
baena,9.908288307090368,9.904550326109659,0.00373798098070921
ubicar,9.767746346600296,9.764011781897512,0.0037345647027837714
condenado ano,10.020109303870012,10.016461353661532,0.0036479502084798554
consejeria educacion,9.977392180942674,9.973847486581485,0.0035446943611887605
regla gasto,9.971814557684118,9.968312424989485,0.0035021326946331754
portugal,9.747173772414179,9.743717707241773,0.003456065172406042
insistir necesidad,9.754555149897108,9.751143027153347,0.0034121227437609036
ejecutado,9.932684597280582,9.929381033147507,0.0033035641330751986
ortuzar,9.923772398197682,9.920517504234907,0.0032548939627758955
humano,9.262936519164176,9.259689012104852,0.003247507059324306
natural,9.313836247037564,9.310783186996707,0.0030530600408571473
dificilmente,10.037874635579174,10.034837582369361,0.0030370532098125125
exministra,9.322350736182033,9.319330688234768,0.00302004794726507
defendiar,9.954370814746207,9.951431540370208,0.002939274375998835
militante,8.663070694520574,8.660163901393556,0.0029067931270176928
borra,9.578661825958942,9.575803870548542,0.002857955410400237
fascismo,9.52688181189591,9.524039041416643,0.002842770479267287
escolta,10.00392848005348,10.001196226572628,0.0027322534808522647
complemento,9.952747448581363,9.950018523292485,0.0027289252888778037
corrupto,9.242056481246314,9.239522566287897,0.0025339149584162612
figura,8.636613279752565,8.634121196487529,0.002492083265035916
ente,9.419108426293267,9.41664443565718,0.0024639906360874875
centralidad,9.972855212647461,9.970430405121823,0.0024248075256387835
bolsa,9.600316297571053,9.597973397964205,0.002342899606848192
princesa,9.974120912797435,9.97182910479845,0.002291807998984652
echar,9.016894341730767,9.01465638247036,0.002237959260407152
acreditir,9.986827382956061,9.984591143640909,0.0022362393151524884
trasvase,9.93515736428013,9.932994935538963,0.0021624287411672327
notificacion,9.912414288783815,9.910271195603473,0.002143093180341893
sensibilidad,9.720483863208269,9.718372571287711,0.002111291920558145
delito sedicion,9.5671282647555,9.565086832507886,0.0020414322476138835
escenario politico,9.763292952570346,9.76127936959484,0.002013582975505912
nacho,9.787361299599086,9.785362091037914,0.0019992085611715282
autoridad sanitario,10.071080095275953,10.069141405098788,0.001938690177164304
liderado,8.802864540487102,8.80095773862679,0.0019068018603114467
marcos,9.867422816851171,9.865537194461027,0.001885622390144448
ciudad justicia,10.001697955540791,9.99982084751269,0.0018771080281005936
num finalmente,10.059824190108511,10.057957555674742,0.0018666344337692209
ultimos mes,9.833775953257854,9.831921154603972,0.0018547986538823835
granada,9.41872700564684,9.41688828312089,0.001838722525949521
recurrente,9.879884936705226,9.878064997721975,0.0018199389832513901
exclusiva,9.319524203463155,9.317715834140497,0.0018083693226582653
aseguro,9.16992264004431,9.16813884799255,0.001783792051760713
direccion,7.583039896217531,7.581455577499905,0.0015843187176258766
proxima hora,9.977564878015631,9.976148927369863,0.0014159506457680493
vestir,9.823937008596921,9.822527044162825,0.0014099644340959117
dificultar,9.739822943930314,9.73845216786266,0.0013707760676542335
igualdad,7.964530347349917,7.9631875398065315,0.0013428075433852271
dirigente conservador,9.919503937645983,9.918193822184243,0.0013101154617398691
canado,10.081923186398605,10.0806310378586,0.0012921485400045896
violador,10.021435049461527,10.020144248804497,0.0012908006570295782
pronuncio,9.958114721328531,9.956889147555884,0.0012255737726469818
identico,9.922892160266747,9.921694516769021,0.0011976434977256645
num pregunta,9.976558634051258,9.975390118724937,0.001168515326321895
prejuicio,10.095441622598539,10.094281634279218,0.0011599883193209592
considerar razonable,9.975245823252527,9.97415636988173,0.0010894533707972442
homenaje victima,9.848519520737538,9.847513324328201,0.001006196409337079
preferir,9.170610887970868,9.169652988037784,0.0009578999330841498
mario,8.59921023094509,8.598277826572225,0.0009324043728646814
bandera espanola,10.006855468521819,10.005926886360541,0.000928582161277447
pdecat,8.657396388565475,8.6565464193736,0.0008499691918757435
num encontrar,10.096313120116951,10.095493365710984,0.0008197544059669326
alentar,9.792936373309642,9.79216938695685,0.0007669863527919318
integro,9.728426512390943,9.727718781448703,0.0007077309422403033
catastrofico,10.016932112896184,10.01627331633104,0.0006587965651441152
contradictorio,9.881554976823498,9.880898513311001,0.0006564635124970408
quedar manos,10.005140518789524,10.004511216331835,0.0006293024576891071
servicio juridico,9.752633822923704,9.752006880545489,0.0006269423782150341
biografia,9.902088055796842,9.901524721412917,0.0005633343839246407
rueda,8.571063849738522,8.570525241945013,0.0005386077935085609
declararar,10.023643606658798,10.023242870237521,0.00040073642127680387
conocio,9.933061945841052,9.932666839770123,0.00039510607092907435
establecera,9.973462778488914,9.97308968117945,0.00037309730946333275
golpe num,9.860434135033907,9.860100713577998,0.0003334214559096438
gago,9.974887002766366,9.974578663431327,0.0003083393350387098
cafe,10.024564302021059,10.024265584916838,0.00029871710422035846
biodiversidad,10.056381207635116,10.056092457736654,0.0002887498984627257
encubrir,10.097037799059125,10.096749215342472,0.00028858371665307914
renovar,8.75709683959282,8.756875214944305,0.00022162464851582797
convalidar,9.766436812781643,9.766220940265491,0.00021587251615251546
enrique garcia,9.809634706023846,9.809434959481054,0.00019974654279231174
anticipar,9.85527677572531,9.855087246793,0.00018952893231016787
candidato,7.227946997466422,7.227805782771035,0.00014121469538697085
situacion actual,9.944418742326096,9.944318962734082,9.977959201457054e-05
uco,9.908456289706338,9.908426857261288,2.9432445050048273e-05
sospechoso,9.889461996713528,9.889439005314916,2.29913986125041e-05
hemiciclo,9.214064715572636,9.214051491262188,1.3224310448478604e-05
rechazar peticion,9.816533685027688,9.816842819795555,-0.00030913476786764704
distincion,9.830300176599115,9.830696971765851,-0.0003967951667362968
presidencia felix,9.517332364483336,9.517736853591277,-0.0004044891079413304
cordial,9.967349753297649,9.967807312607917,-0.0004575593102682518
congelar,9.776544555285417,9.777056879827425,-0.0005123245420080025
llave,9.604734247916564,9.605272002742772,-0.0005377548262082144
lograr consenso,10.004122156864767,10.0046631388999,-0.0005409820351331973
indagar,9.771759809800288,9.77242600169046,-0.0006661918901720298
indignado,9.947468971833453,9.948138118895258,-0.0006691470618047646
paso atra,9.876584183694927,9.877293369852167,-0.000709186157239472
mes junio,9.942610569091801,9.943324032115044,-0.0007134630232421557
frecuencia,9.898125763561142,9.898904692771659,-0.000778929210516921
gobierno autonomico,9.278264507742364,9.279141234841592,-0.0008767270992287024
acto oficial,9.916694701550401,9.917581455893027,-0.0008867543426251956
consciente,9.113385351462204,9.114275663422587,-0.0008903119603829168
importante,8.043418803620503,8.044332991033205,-0.0009141874127021055
declinar,9.911529221386434,9.912457487591404,-0.0009282662049692192
mes noviembre,10.014207967607692,10.015147322054816,-0.0009393544471230086
lista electoral,9.81841442085591,9.819444244857722,-0.001029824001811619
fiscal num,10.039877828143934,10.040912795904214,-0.0010349677602796703
habiar mostrado,10.038476910039755,10.03952457197558,-0.0010476619358250616
socio,7.961208660531674,7.962336224067665,-0.001127563535991527
obtener num,9.244262212124681,9.245407595770699,-0.0011453836460173505
gobierno responder,9.969212588076095,9.970361752541185,-0.00114916446509028
generosidad,9.693933540418053,9.695139537425192,-0.0012059970071387482
aplaudar,9.906241226565765,9.907467477146469,-0.0012262505807036916
excluir,9.45997744665618,9.461248014080995,-0.0012705674248145726
derecho laboral,9.862301455762955,9.863595689927239,-0.0012942341642840915
alcaldia barcelona,9.801400801945212,9.802696466267056,-0.0012956643218444697
finanza,9.550593287172369,9.551892783447864,-0.0012994962754948602
recuperar,8.325076488077842,8.326388128680076,-0.0013116406022337657
prohibido,9.66610285428165,9.667426250387205,-0.0013233961055547638
economia,8.389423700053646,8.390755592999565,-0.0013318929459185114
presentarir,9.80371552052383,9.805126581443014,-0.0014110609191835266
revisar,9.301062272188469,9.302521601985326,-0.001459329796857034
sucesivo,9.91792548079345,9.919404544053481,-0.0014790632600316655
frase,9.380689242352933,9.382195463548449,-0.001506221195516133
hombro,9.793585190827674,9.79509388429206,-0.0015086934643857575
objeto,9.155518655612426,9.157047920717675,-0.0015292651052494222
politica migratorio,9.923605747359241,9.925149959306468,-0.00154421194722687
determinante,9.921468368426945,9.923020309500458,-0.0015519410735134187
bloquear,9.164237936816912,9.165796951030165,-0.001559014213253107
defender gobierno,9.974565180714299,9.976138973312223,-0.0015737925979237843
actual lider,9.852154098046034,9.853746209139663,-0.0015921110936290006
penal tribunal,9.73519423740343,9.736806369847889,-0.0016121324444586804
tio,9.8217730798668,9.82350925948117,-0.0017361796143706698
asesor,9.325467974099123,9.3272809188578,-0.0018129447586776593
madrid volver,9.96503676615366,9.966869257744777,-0.0018324915911183126
vital,9.593515977918372,9.595392794274053,-0.0018768163556810435
proporcionalidad,9.827874819966283,9.829780510676928,-0.0019056907106449472
nave,10.051990952326049,10.053941460223266,-0.0019505078972166245
conjuntamente,9.807831606721372,9.809791539256414,-0.0019599325350423413
sustituir,8.861480094983945,8.863453889331533,-0.0019737943475881536
preven,9.770650964752505,9.772643552889265,-0.001992588136760176
violación,9.861359192378428,9.863396185680275,-0.002036993301846479
alex,10.0262387837528,10.028280870930466,-0.002042087177665408
escribir,9.329827905479654,9.331992497195504,-0.0021645917158501504
ponente,9.689274580885652,9.691457594067051,-0.0021830131813995735
sospechar,9.711659501172974,9.713878316515768,-0.0022188153427933344
saco,9.65481823219741,9.657056474644467,-0.0022382424470563933
empresa privado,9.71686041616593,9.719169090104012,-0.00230867393808154
negacionismo,9.910851270031632,9.913166933437227,-0.002315663405594748
extenso,9.944909281156267,9.9472417727612,-0.002332491604933651
pobreza,9.388375353249817,9.39071090212097,-0.0023355488711533923
contravenir,9.834105369708476,9.836449170128834,-0.0023438004203573115
aclaro,10.0208685546582,10.023290552742711,-0.0024219980845110456
gustavo,9.884117960934406,9.886545035550464,-0.002427074616058178
perjudicado,9.736497021023402,9.73895023639526,-0.002453215371858164
caso persona,10.113603341679076,10.116126292377956,-0.0025229506988804218
abocado,9.843514501673852,9.846054779041541,-0.0025402773676894697
jaume,9.272775343640763,9.27535947717763,-0.0025841335368674834
ministro seguridad,9.986792271833277,9.989428117390714,-0.002635845557437122
manipulacion,9.642148525068508,9.64479440110218,-0.0026458760336716125
fauna,9.984883787844556,9.987556983533398,-0.002673195688842611
mes enero,9.90886395650979,9.91157480459545,-0.0027108480856590234
bin salmar,10.052610949138021,10.055383455843593,-0.002772506705571942
exportacion,10.066094389971504,10.068886597222845,-0.0027922072513408835
hario,9.922234192389498,9.925093035602181,-0.0028588432126834817
organo constitucional,9.952852869767339,9.955724750442364,-0.0028718806750251957
manta,9.873367165122264,9.876255257966655,-0.0028880928443903997
electoral elección,9.728782930201369,9.73167595044928,-0.002893020247910272
renovar consejo,9.813157850014363,9.81605596600321,-0.0028981159888470387
situan,9.542503531018864,9.545441657162641,-0.0029381261437766426
emitio,9.964513752735563,9.967461547364342,-0.0029477946287794765
pinto,10.00296279391637,10.00597311104547,-0.003010317129101381
bufete,9.778385086260734,9.781395725128066,-0.003010638867332105
solicitir,10.011525661912689,10.014547068222226,-0.003021406309537511
financiar,9.129732978713527,9.132776019610304,-0.003043040896777427
cuarentena,9.541574082792275,9.54470463827897,-0.0031305554866953855
armengol,9.994961125548617,9.99810443186389,-0.0031433063152732643
carolina,9.899037344010766,9.90219688828846,-0.0031595442776932714
social economico,9.930284425435548,9.93345549428108,-0.003171068845531977
madrileno asegurar,9.930465202614547,9.93364060388788,-0.003175401273333378
llamar atencion,9.856591720231933,9.85982330910128,-0.0032315888693474903
valorado,9.511972202698827,9.515321376969128,-0.003349174270301347
fuerza politico,9.574545525085007,9.57791756331007,-0.0033720382250628234
andar,9.839455734408729,9.842969593188224,-0.0035138587794953935
enorme,9.453235300046845,9.456778967214534,-0.0035436671676887244
competir,9.35705483554289,9.36067073711623,-0.003615901573340352
alicantino,9.981372965142556,9.985022946498974,-0.0036499813564176975
judicial cgpj,9.843263499067893,9.846971460651623,-0.0037079615837303237
gurtel,8.746496187034447,8.75021892660987,-0.0037227395754229065
pnl,9.654587652616652,9.65831689674817,-0.0037292441315184277
plantear,8.02201075390815,8.025921515443047,-0.003910761534896778
asociacion ilicita,10.040007497961485,10.043927585146141,-0.003920087184656751
martin bla,9.944822108144242,9.948743520977432,-0.003921412833189919
manejar,9.375080218476496,9.379016330257436,-0.003936111780939555
frio,9.769996722531507,9.773951752219807,-0.003955029688299305
epidemia,9.990629559400062,9.994644405290414,-0.004014845890351282
camión,10.077994890983756,10.08208955521521,-0.004094664231454104
dimitio,9.68537935046848,9.68955118204795,-0.004171831579469654
palabra,8.183723688496054,8.187923467213128,-0.004199778717074665
trayectoria,9.341541964784724,9.345763715395183,-0.004221750610458486
global,9.102465355542344,9.106737303025524,-0.0042719474831791615
rodear,9.533314616185153,9.537640131388809,-0.004325515203655428
migratorio,9.346039888120009,9.350406530882092,-0.004366642762082762
ministerio derechos,9.950921495735123,9.955347812158523,-0.0044263164233999674
veto,8.606707382376669,8.611135782715323,-0.00442840033865366
insistir,7.773965199819676,7.778417361894424,-0.004452162074747967
majadahonda,9.882680252718803,9.887154408731755,-0.00447415601295198
dirigente psoe,9.920730521696642,9.92521985853125,-0.004489336834607727
cancer,9.756001314169271,9.760602673414688,-0.004601359245416603
aprovechar,8.587878717990936,8.592480512581128,-0.004601794590191943
arco parlamentario,9.755600777253616,9.760287577193065,-0.004686799939449315
partido ultraderecha,9.102611005187605,9.107372564114034,-0.004761558926428933
apunto,10.066925257925764,10.071690166435689,-0.004764908509924837
oferta,8.892616881959686,8.897438389410707,-0.0048215074510213896
pequén,10.01892240183354,10.023787102177087,-0.004864700343546247
presidencia gobierno,9.238548036291455,9.243448254869753,-0.00490021857829781
vicepresidente comunidad,9.888481687730016,9.893446979839851,-0.0049652921098353175
escribio,9.549565518897147,9.55457208335568,-0.0050065644585330915
gobierno insistir,9.903727431783828,9.908776906970262,-0.005049475186433838
ceder,9.191017670341017,9.196320304083455,-0.005302633742438445
cloaca,9.29362310555878,9.29900778208766,-0.005384676528880306
presidenta grupo,9.938306296890906,9.943702710022132,-0.005396413131226296
utilizacion,9.557978479920685,9.563417332691136,-0.005438852770451419
defendido,9.724764055420918,9.73020929010829,-0.005445234687371681
extremo derecha,8.178207486695984,8.183685905175054,-0.005478418479070157
acontecimiento,9.620397614436971,9.625894781117971,-0.005497166680999754
pedir congreso,9.990691545431453,9.996213733282238,-0.005522187850784732
pasar ano,9.962434616422575,9.968053449798552,-0.005618833375976351
hidalgo,9.979752104737234,9.985445236941873,-0.005693132204639184
television publicar,9.706332124277424,9.712075993004227,-0.005743868726803214
venezolano,9.609353221667869,9.615129378028952,-0.005776156361083196
salir,7.8887446407958715,7.894608963499817,-0.005864322703945213
investigado presunto,9.800562466493712,9.806451705090263,-0.005889238596550328
conociar,9.57023656906598,9.576127460143201,-0.005890891077221738
exvicepresidente,8.888884430111867,8.894856256013593,-0.005971825901726291
erroneo,10.017799761374498,10.023775533943525,-0.005975772569026816
testaferro,9.748199338656548,9.754188344054587,-0.005989005398038927
cobo,9.834141575306806,9.840140489149062,-0.0059989138422569255
registrar proposicion,9.839661644650267,9.845673629300371,-0.0060119846501045515
pedia,9.863440383523768,9.869491285742697,-0.006050902218929011
plata,10.098812444117533,10.1048844553095,-0.006072011191967874
verano,9.088492250677307,9.094585659859993,-0.0060934091826858605
expectativa,9.389093191958573,9.395187226401184,-0.006094034442611473
consiguio,9.674026395740889,9.68016976505465,-0.006143369313761582
congregar,9.940404962284353,9.946570738573914,-0.00616577628956172
sintio,10.01004097882764,10.016237963757511,-0.006196984929871974
ofrecer dato,10.025157006131375,10.03141524927804,-0.006258243146666231
tribunal estrasburgo,9.96871035684667,9.975324104437572,-0.006613747590902719
dimision,8.576579997653681,8.583271022991525,-0.006691025337843826
anoche,10.06790551696435,10.074600199056663,-0.006694682092312831
caso master,9.848369696647444,9.855313797405746,-0.006944100758301985
revelo,9.67637573451503,9.683338248153333,-0.006962513638303136
expresidente catalar,9.92915701688407,9.93619358972585,-0.007036572841780497
consellera presidencia,9.759802827131058,9.766840444171036,-0.0070376170399786275
indice,9.978661128612668,9.985793702739212,-0.007132574126544
aclar,10.025343176489502,10.032484401316827,-0.0071412248273254875
juez garcio,9.847688870822335,9.854866914549063,-0.007178043726728589
garcio castellon,9.847688870822335,9.854866914549063,-0.007178043726728589
profesional sanitario,9.926117927047544,9.933344660607851,-0.007226733560306897
audio,9.1303431286676,9.137730707566877,-0.007387578899278324
fiscal pedir,9.964876771460588,9.972286021860473,-0.007409250399884826
aplicar medida,9.83769730743077,9.84513400785484,-0.007436700424070963
elegir presidente,9.926176825165989,9.933769198990488,-0.007592373824499177
comparacion,9.823796529897354,9.83139192511928,-0.0075953952219265375
prestación,9.795612424129574,9.803213160997423,-0.007600736867848568
distribuido,9.952976997855947,9.960608135536845,-0.007631137680897737
quemar,9.840826345618234,9.848569946382804,-0.0077436007645701466
partido liderado,9.646660840314606,9.654420268023102,-0.007759427708496247
argelino,10.020759341298978,10.028691987754103,-0.00793264645512437
prevision,9.637203802778638,9.645174027954317,-0.007970225175679246
presidenta,7.326281953299256,7.334308208657228,-0.00802625535797219
responde,10.006867142664545,10.01489533424217,-0.008028191577624355
versión,10.013019910308369,10.021100830168464,-0.008080919860095293
sorprender,9.55926452938641,9.56736636487217,-0.008101835485760489
otorgar,9.146692208595796,9.154832902825033,-0.0081406942292368
comicio municipal,9.974298299571268,9.982445580304729,-0.008147280733460605
cheque,9.73885891649802,9.747043052448381,-0.008184135950362048
calidad democratico,9.85989559295843,9.868163950431892,-0.008268357473461663
rentable,9.973686841353754,9.981997223984594,-0.008310382630840607
espectro,9.876674284996732,9.885006614844277,-0.00833232984754595
trav empresa,10.003871488877039,10.01226207658719,-0.00839058771015111
disenado,9.790695554784937,9.7991085604042,-0.008413005619262393
cupula policial,10.040401259529839,10.048818586180523,-0.008417326650684842
generalitat asegurar,9.929891390698694,9.938317779667448,-0.00842638896875414
condén,9.964365974342883,9.972841906098221,-0.00847593175533845
vehicular,9.933056869295182,9.941547432034856,-0.008490562739673635
crimen cometido,10.042444004563228,10.05094761459959,-0.00850361003636202
encabezar,9.046021977282441,9.054541193836636,-0.008519216554194742
convirtio,9.65761761844642,9.666148501665903,-0.008530883219483698
partido,6.206698950667945,6.215250980853249,-0.008552030185303927
medida social,9.8205066077135,9.829080963887966,-0.008574356174465336
francisco correa,9.72059260824872,9.729192934682185,-0.008600326433464645
sensible,9.816574561018852,9.825176224596557,-0.00860166357770531
proceso electoral,9.813360322353324,9.822037544004846,-0.008677221651522515
presentar candidato,9.624404127540187,9.633195684364376,-0.008791556824188973
alternativa habitacional,10.049502423423949,10.05831881655551,-0.008816393131560574
estallido,9.754092605240206,9.762938249197218,-0.008845643957011262
iglesia catolico,10.01204185132996,10.021136867422868,-0.009095016092908637
inspector jefe,9.938759745260883,9.94789877493029,-0.00913902966940583
entrenador,9.947133831491245,9.956300906318203,-0.009167074826958554
congreso aprobar,9.884133945417615,9.893325025100317,-0.009191079682702608
futuro,8.091729592890658,8.100926533744376,-0.009196940853717805
teresa,8.595013005729013,8.604282739641327,-0.009269733912313782
celaa,9.383407360940254,9.392690296251972,-0.009282935311718532
denuncia falso,9.893070672268124,9.902368701933039,-0.00929802966491522
mintio,10.011080162165227,10.020436725802032,-0.009356563636805149
grande,8.143871582783095,8.153272932159648,-0.009401349376553014
sovietico,10.104543375063296,10.113951183596985,-0.009407808533689277
eludir,9.54000046786875,9.549489931267022,-0.009489463398272946
introducido,9.87252574089019,9.882043589299677,-0.009517848409487328
querer gobierno,9.921224577531673,9.930807540048864,-0.009582962517191262
num incluir,10.021214314892813,10.030836022365882,-0.009621707473069563
intimo,9.876428846332034,9.88606924753016,-0.00964040119812637
persona migrant,9.96832558172838,9.977967818051189,-0.009642236322809694
juez llarén,9.875754887616147,9.885467543034164,-0.009712655418017135
presupuesto ano,9.649072215955815,9.65881249673278,-0.009740280776965093
partido representacion,10.019087721317934,10.028866430704891,-0.009778709386957019
sentenciar,9.76436525773554,9.774182265939368,-0.009817008203828692
defender,7.368825901129808,7.378684119090043,-0.009858217960235116
distinguir,9.97136469519256,9.9812763383463,-0.009911643153738936
demora,10.021148164869011,10.031061726574178,-0.009913561705166885
atentar,9.685919976304803,9.695898004085105,-0.009978027780302767
preferencia,9.785499417184885,9.795571232741542,-0.010071815556656816
dolar num,10.149304141479965,10.159404040670763,-0.010099899190798567
retrasar,9.218855000690466,9.229097379685479,-0.010242378995013013
salvar,9.229402614920263,9.239655981719299,-0.010253366799036101
epicentro,9.847456022512162,9.857804128746709,-0.010348106234546961
magnate,9.767681233115828,9.778057247775356,-0.010376014659527755
cancelar,9.685502429746096,9.695887866546338,-0.01038543680024162
mujer embarazado,10.003321679395892,10.013748774263416,-0.010427094867523579
asociar,9.989067590788506,9.999545926700296,-0.010478335911789927
perspectiva genero,9.966534412780188,9.977071318421297,-0.010536905641108874
intencion,8.416261102107756,8.426836843877394,-0.010575741769638825
exhumacion,8.817830812746083,8.828414239100368,-0.010583426354285663
atraco,9.964996924821119,9.97582154962825,-0.010824624807131755
metodo,9.486122025458627,9.496957436865854,-0.010835411407226658
freno,9.9811164134357,9.9919788626528,-0.010862449217100334
delito corrupcion,9.985669871236675,9.996578158710557,-0.010908287473881728
cabildo,9.87974234155638,9.890699509016054,-0.010957167459674011
impedir referendum,9.969967193926388,9.980924603793516,-0.01095740986712812
sarscov,10.036218502189335,10.047213023145417,-0.010994520956081999
combinar,9.97139847556049,9.982433312283018,-0.01103483672252814
exigido,9.750274531577224,9.761334841775797,-0.01106031019857312
pensar,8.60484578394547,8.61591846119275,-0.011072677247280893
toma consideracion,9.84298819985199,9.854062733305774,-0.011074533453784952
aliado,9.05798397876269,9.069244030836398,-0.011260052073707172
num testigo,9.92868188168179,9.93997696293314,-0.01129508125134926
humillacion,9.99013480153847,10.001465714138615,-0.01133091260014396
actividad politico,9.917211278616326,9.928645690293287,-0.011434411676960465
venezuela,9.32464108648551,9.336140278150653,-0.011499191665143016
emilio,10.027056855385963,10.038563382961563,-0.01150652757559989
nacional electoral,10.134164488996207,10.145690370500553,-0.011525881504345747
menor migrant,9.972340507068889,9.983913048255506,-0.011572541186616547
reunir presidente,9.975478345634832,9.987145893134834,-0.011667547500001874
negociacion gobierno,9.544711391150969,9.556382048713862,-0.011670657562893538
previa,9.96829303353468,9.979968150639657,-0.011675117104976707
paul,10.081375194050006,10.093080070143534,-0.011704876093528327
rotundo,9.857240640556476,9.868959636445972,-0.011718995889495432
idoneidad,9.98809474103143,9.999836154025239,-0.011741412993808709
punto partida,9.953418892728532,9.965262300505396,-0.011843407776863657
ciudad autonoma,9.720016381077151,9.731956805698866,-0.01194042462171474
arca publica,9.835689430877336,9.84764368283445,-0.011954251957114082
participarar,9.14563439773412,9.157665326598725,-0.012030928864604107
sistema,7.964607767627422,7.976676757439168,-0.012068989811745645
relieve,10.05030953939113,10.062392209799492,-0.012082670408362972
comunidad foral,9.96895904887886,9.981110841506315,-0.012151792627454583
rincon,9.987828383403523,9.999998505765852,-0.012170122362329394
naviero,9.997709828220307,10.010010996722919,-0.012301168502611759
dirigente socialista,9.702359421417556,9.714745771069667,-0.01238634965211105
resumir,9.91744187597059,9.929896563756431,-0.01245468778584069
mes marzo,9.665207770105694,9.677690382743071,-0.0124826126373776
actuacion policial,9.926522907884555,9.9391043299875,-0.012581422102945439
ocasion,9.296044551847794,9.308747187820014,-0.012702635972219767
fuente gago,10.022239725555483,10.034975726497528,-0.012736000942044967
juez caso,9.860016101429173,9.872798081409506,-0.012781979980333702
fabricacion,10.020592479919713,10.033426226251335,-0.012833746331621043
fuente parlamentario,9.93220266769986,9.945083298392978,-0.012880630693118178
soltar,10.020467325127806,10.033410365256442,-0.01294304012863634
sanidad publica,9.754310591462616,9.767278507694364,-0.012967916231747978
indio,10.0403090216592,10.053282422734473,-0.012973401075273117
consumar,10.096546894639209,10.10958972727379,-0.013042832634580392
memoria democraticar,9.79197470190222,9.805046524249978,-0.013071822347757944
país mundo,10.104376121454658,10.117459019223487,-0.013082897768828872
finca,9.471994134439566,9.48520398046975,-0.01320984603018438
desvincular,9.555889911563595,9.569108735113488,-0.013218823549893344
constituir delito,10.006622529126814,10.019935652968167,-0.013313123841353303
prescribir,9.917962321525035,9.931283229670766,-0.01332090814573128
secretaria seguridad,10.009566172432695,10.022905318727773,-0.013339146295077597
evolucion,9.557970746260583,9.57135254067014,-0.013381794409557557
cristal,10.020520801529177,10.033909743000642,-0.013388941471465188
reclamado,9.906276320519858,9.919706655719528,-0.013430335199670296
york,9.754825618096744,9.768258787240736,-0.013433169143992174
rector,9.663543754673128,9.67711941909846,-0.01357566442533198
comando,9.964517973317513,9.978186217204279,-0.013668243886765907
deceso,10.103250351041446,10.116918788848473,-0.01366843780702709
juez garciacastellon,9.947451062566754,9.96118267329552,-0.013731610728765276
federal,8.484953738094156,8.498727668358239,-0.013773930264083134
vosotro,9.944678261041677,9.958497119840976,-0.013818858799298894
lesivo,9.914905733510112,9.928737032010641,-0.013831298500528888
afectar num,9.933963222988993,9.947889078472556,-0.01392585548356351
america,9.741039610535895,9.754994545174819,-0.013954934638924499
twitter,8.564216485664572,8.578366270690994,-0.014149785026422279
sondeo,8.738810948745533,8.753000259901018,-0.014189311155485385
cantante,9.623915790317215,9.638140479729078,-0.014224689411863167
coste num,9.936938859108604,9.951299278161695,-0.014360419053090823
num frente,10.065680847560417,10.080095360757381,-0.014414513196964407
cambio posicion,9.971703120949726,9.986219663317684,-0.014516542367957186
numero lista,9.557237501196013,9.57188432944193,-0.01464682824591712
texto alternativo,9.833402980468236,9.848091280052975,-0.014688299584738829
rey emerito,8.569823769657564,8.584618104823036,-0.01479433516547246
liquido,9.907455220356756,9.922329785233602,-0.014874564876846463
fijado,9.659337011760133,9.674254362835534,-0.014917351075400376
recurso ministerio,10.037329562367653,10.052337328921839,-0.01500776655418612
antidemocratico,9.951291683269849,9.966320907647896,-0.01502922437804699
derecho mujer,9.812443249179232,9.827585342338558,-0.015142093159326464
contado,10.046948770778192,10.06211705978893,-0.015168289010738079
anunciar formacion,10.03536035257678,10.050540724825908,-0.015180372249128382
num cerrar,9.959610370457687,9.974864977347341,-0.015254606889653743
juez democracia,9.901509814876562,9.916851215236063,-0.015341400359501378
enrique alvarez,9.94308887148786,9.958430628163887,-0.015341756676027885
utilidad,9.773325669029996,9.788693706607365,-0.015368037577369265
nueve mes,9.72493216741556,9.740343175325398,-0.015411007909838403
concentrado,9.881036650481745,9.896494336316056,-0.015457685834311619
llamativo,9.884208625911423,9.89971945974806,-0.015510833836636095
irak,9.772549575432212,9.788137115141874,-0.015587539709661868
postulado,9.90665452299408,9.92236746062387,-0.015712937629789536
plazo maximo,10.015561127945334,10.031374866916224,-0.015813738970889446
amplio,8.592846642678353,8.608687360210995,-0.015840717532642046
amable,10.03110963787785,10.04698765417197,-0.01587801629411878
asimismo,9.404776567088453,9.420668170406685,-0.015891603318232583
alcanzar gobierno,9.878145252417017,9.894046847935087,-0.01590159551806991
importe,9.67133769698521,9.68727257232577,-0.015934875340560595
abono,9.730953798455191,9.746979043265693,-0.016025244810501604
confirmar condena,9.902924201081069,9.919041970581729,-0.016117769500660017
pionera,9.893741202282255,9.909873690433418,-0.01613248815116286
pai,8.325941056341735,8.34209809140163,-0.016157035059894298
financiacion,8.332360733710072,8.348616474543034,-0.016255740832962218
referendum soberanista,9.958119306452783,9.97440609350163,-0.016286787048846563
festividad,9.971007233739902,9.987440119781764,-0.016432886041862105
ley electoral,9.412732453655936,9.429179049466313,-0.016446595810377218
querer,7.197707121989964,7.2141831285373765,-0.016476006547412325
adjudicación,9.657936968397939,9.674425446229547,-0.016488477831607895
unides,10.002561682125604,10.019105961571483,-0.01654427944587944
alicante,9.516685758234996,9.53331668871508,-0.016630930480085127
lista,7.758251559618248,7.774913490878934,-0.016661931260685492
responsabilidad civil,9.948815629764798,9.965510029778518,-0.016694400013719246
animado,10.051786427743057,10.0684866971202,-0.016700269377142973
aterrizaje,9.91671026084708,9.933419314692589,-0.016709053845509914
pertenecer grupo,10.004103769544617,10.020927845349394,-0.016824075804777294
politico social,9.558124873207392,9.575001993948383,-0.016877120740991458
extremo,7.998159971064636,8.015087025768784,-0.016927054704147793
dejo,9.763465710938416,9.780421317279956,-0.01695560634153992
miembro gobierno,9.638014027518592,9.655003311219389,-0.016989283700796776
lorenzo,9.909837192199065,9.92682682234715,-0.01698963014808541
juzgado instancia,9.88567402530974,9.902673513405917,-0.016999488096177018
ejecutivo buscar,9.942765040492624,9.95977322802153,-0.01700818752890676
alza,9.755243066179927,9.772252594599568,-0.01700952841964032
yolanda diaz,8.444387133108547,8.461500129342651,-0.017112996234104116
llevado,9.743530249068325,9.760652775254439,-0.017122526186113873
decision juez,9.844666613944543,9.86180770588948,-0.017141091944937514
sindicalista,9.812136962213485,9.829368575711106,-0.017231613497621368
sublevado,9.946137718622793,9.963382741139618,-0.017245022516824804
gobierno local,9.924405642874072,9.941660483230486,-0.017254840356413226
identificado,9.863633509024671,9.880908612714476,-0.017275103689804894
espionaje,8.712317435724088,8.729617837878537,-0.017300402154448946
influir,9.534638404084493,9.551947060058575,-0.017308655974082043
cancelacion,9.957072100928144,9.974397869573936,-0.01732576864579194
convocado num,9.946041831321898,9.963420195462435,-0.017378364140537172
aprobacion,8.459851052332983,8.477262921443408,-0.01741186911042547
desencallar,9.867646474295732,9.885101192235986,-0.017454717940253772
acuso,9.308091307544329,9.325633839306818,-0.017542531762488878
ratificir,10.010410710077435,10.028026059837844,-0.01761534976040835
vicepresidencia,8.95220865420382,8.9698482957266,-0.01763964152277886
electoral partido,9.781117613104792,9.798836956892695,-0.01771934378790263
ley mordazar,9.902699713253192,9.920505217964925,-0.017805504711732922
mordazar,9.902699713253192,9.920505217964925,-0.017805504711732922
subir,8.815820744427016,8.833635562587402,-0.017814818160385215
contabilidad,9.741553713466763,9.759393253543568,-0.017839540076804994
transicion energetico,9.76439796443035,9.782342644551148,-0.01794468012079875
grupo parlamentario,8.329531916579102,8.347510333235133,-0.017978416656031726
sello,9.866087438072414,9.884079337495425,-0.01799189942301105
trama gurtel,9.48094065336057,9.498960722221469,-0.01802006886089913
pp presentar,9.864774315271676,9.88279769493553,-0.01802337966385359
cuerpo num,10.027778789214162,10.045856943098544,-0.01807815388438172
tendrio,9.533903362980599,9.552046551948871,-0.018143188968272383
perro,9.769990134830323,9.788136179457736,-0.01814604462741265
inconstitucionalidad,9.723868785266106,9.742027287341696,-0.018158502075589666
sistema sanitario,9.78728363843627,9.805463394226278,-0.0181797557900083
vaticano,9.738275867815338,9.756513894114198,-0.018238026298860177
media num,10.054965084880322,10.073210417381107,-0.018245332500784528
votacion,8.25222768972288,8.270484298912132,-0.01825660918925287
cuento,10.012093071588598,10.030405212137104,-0.01831214054850605
mirada,9.613940090841202,9.632254739064804,-0.018314648223601182
pintar,9.92633189762906,9.944708270953814,-0.01837637332475417
retener,9.834837138946884,9.853223703168073,-0.01838656422118845
diputado,7.14350475853195,7.1619505823104985,-0.01844582377854831
gobierno reclamar,10.010527402125032,10.029048292942683,-0.018520890817651292
pared,9.971880029371057,9.990406341701213,-0.018526312330156003
mundial salud,10.021346597848858,10.039920971506195,-0.018574373657337162
constantemente,9.845976904450842,9.864561997755443,-0.01858509330460123
enmienda ley,9.878582072394831,9.897178351683474,-0.018596279288642492
eficiente,9.820750522366238,9.839510369376775,-0.018759847010537456
num poblacion,9.788430544044829,9.807292852029583,-0.018862307984754523
girauta,9.818529438710897,9.837474281462436,-0.01894484275153907
techo,9.36358354837216,9.382573934718447,-0.018990386346287025
balear canarias,9.983227182866255,10.002245489810647,-0.01901830694439255
jxcat,8.205703051406337,8.224745428027497,-0.019042376621159818
grabacion,9.465725644234768,9.484784605709201,-0.019058961474433644
inflacion,9.583676956981247,9.602859777047316,-0.019182820066069084
consultar,9.752939317913098,9.772194268528004,-0.019254950614906008
pah,9.905549904459745,9.924804996999345,-0.019255092539600227
equiparar,9.616767638085904,9.636087373196473,-0.01931973511056917
servir,8.736202670737802,8.755534331400435,-0.019331660662633254
montar,9.783536293894064,9.80293825416213,-0.019401960268066176
tertulia,9.97419327914943,9.993597013173178,-0.019403734023747177
crecio,9.90181061797714,9.92128041619872,-0.01946979822157857
beneficioso,10.022559051430077,10.042058578188122,-0.019499526758044894
orden alejamiento,9.949101295018004,9.968615246698327,-0.01951395168032377
reanudar,9.781491915369509,9.801088109685447,-0.01959619431593751
luchar,9.035911756511576,9.055556861493365,-0.019645104981789174
garantizar derecho,9.678864648237298,9.698627274932932,-0.01976262669563411
huida,9.745314062651946,9.765121112708242,-0.01980705005629524
civil madrid,10.020323276416038,10.040147638953542,-0.01982436253750386
provenir,9.856318011178004,9.876146466144034,-0.019828454966029696
desmantelar,9.923895351069604,9.94372940597258,-0.01983405490297585
acusar gobierno,9.30929992978557,9.329150166509654,-0.019850236724083814
david bonvehi,9.99071416108034,10.010606678516401,-0.019892517436060686
bonvehi,9.99071416108034,10.010606678516401,-0.019892517436060686
imponer num,9.86277029364487,9.882674320082524,-0.01990402643765421
cientifica,10.069979368025905,10.089945253616085,-0.019965885590179866
sociedad civil,9.358465266428885,9.378433708412878,-0.019968441983992946
par,9.093783878790052,9.11380727466246,-0.02002339587240698
ministro sanidad,9.085363282739351,9.10547955017881,-0.020116267439458824
arrojar,9.623304568641423,9.643466301844166,-0.020161733202742838
evito,9.848686172169574,9.86890651189777,-0.020220339728195924
eje,9.365972877108943,9.38619356117457,-0.02022068406562738
adquirio,10.083681240013501,10.103986025422005,-0.02030478540850389
territorial,8.584519545742182,8.604879937279188,-0.02036039153700564
popular partido,9.781346661635512,9.801712897386471,-0.020366235750959305
individual,9.493593391222205,9.514020294119804,-0.020426902897598964
semana despu,9.69031222330065,9.710807386273322,-0.020495162972672176
clamar,9.966603576805047,9.987113742553339,-0.020510165748291342
urbano,9.289110504425253,9.309701047202621,-0.02059054277736827
trinchera,9.95371197591505,9.974310720408354,-0.02059874449330401
considerar decision,9.878381173614224,9.899125812875422,-0.020744639261197406
ministra justicia,9.160278203863541,9.181070959784279,-0.020792755920737704
tuit,9.308171174940595,9.328965591695876,-0.020794416755281375
reprobar,9.982914290101617,10.003745221476368,-0.02083093137475167
reporte,10.145035903172555,10.165916260142685,-0.02088035697012991
fracaso,9.018942822062254,9.039994184289206,-0.021051362226952364
suplente,9.919707377760282,9.940822044527986,-0.021114666767703127
regional,8.248213239846693,8.269351302029232,-0.021138062182538775
calado,9.630978318051596,9.652126488848035,-0.021148170796438492
fraudir,10.049081062278061,10.070247006194858,-0.021165943916797048
linguistico,9.731509394101463,9.752676203887473,-0.02116680978600982
condicionar,9.43523870896752,9.456451120353693,-0.021212411386173358
diego perez,10.008238249176737,10.029662634902534,-0.021424385725797634
serret,9.982681376502104,10.004170081745078,-0.02148870524297486
inter,9.118412752579768,9.139932390805107,-0.021519638225338866
conoceran,9.97299714482475,9.994529438000507,-0.021532293175756223
electo,9.624798749449663,9.646427810943475,-0.02162906149381172
negociar gobierno,9.958022325032152,9.979678172645444,-0.021655847613292423
inocente,9.915838523935431,9.93762966159993,-0.021791137664498805
num decreto,10.012951812006511,10.03484039307481,-0.021888581068298052
reto,8.897257943779403,8.919159916828976,-0.021901973049573087
nacer,9.486025147704453,9.507972892013182,-0.021947744308729256
bcomu,9.945395752130338,9.967397098067039,-0.022001345936701
equivalente,9.934887285634023,9.956930411268258,-0.022043125634235494
cloaca interior,9.844508768374642,9.866674444320356,-0.022165675945714725
cambio,7.543751709651899,7.56591768830716,-0.022165978655261043
indulto preso,9.934755546815113,9.956973835426385,-0.022218288611272285
aguilar,10.073461906917661,10.095719382074648,-0.022257475156987283
mascarillas,9.943690560425914,9.965955144621612,-0.02226458419569788
femenino,9.48814613995485,9.510458561098593,-0.022312421143743322
correr,9.52084018923911,9.543155682638552,-0.022315493399442943
anterioridad,9.965991591932097,9.988342034588092,-0.02235044265599484
invitacion,9.751655087168414,9.774047842294895,-0.022392755126480424
mayoral,9.932585628117547,9.95518074664904,-0.022595118531492986
derecho civil,10.00734153052546,10.02994180497447,-0.022600274449009916
ampliar,8.921729341913228,8.944388673257833,-0.02265933134460596
bilateral,9.334926721612806,9.357589498098882,-0.022662776486075842
tramitar proyecto,9.940286655540671,9.96297584054622,-0.022689185005548396
bordo,10.000242300729589,10.022942079166054,-0.022699778436464868
importe num,9.936602979909765,9.95932004527466,-0.022717065364895817
recaer,9.983197635652468,10.006013188744015,-0.022815553091547258
prevaricacion malversacion,9.770819790460937,9.79381409153782,-0.02299430107688316
investigacion congreso,9.729307390508891,9.752312948114977,-0.023005557606085247
paralelo,9.459422131274966,9.482452225844472,-0.023030094569506332
aceptar,8.24121402646457,8.264256090469217,-0.023042064004647145
contacto,8.555391235213156,8.578438087535819,-0.023046852322663014
guerrero,9.969468854536894,9.992580813698575,-0.02311195916168174
llamada,9.438629915809424,9.461813244037165,-0.023183328227741384
itv,9.982059307502434,10.005350003961432,-0.023290696458998283
contienda,9.889912168199649,9.913237005147632,-0.023324836947983485
resultado elección,9.668114393762442,9.69146406563417,-0.02334967187172765
alfaro,10.113578466842828,10.136972842803857,-0.023394375961029112
dorado,9.990989841276408,10.01438654056004,-0.02339669928363186
extrano,9.874287705547479,9.897684761763243,-0.023397056215763712
sentimiento religioso,9.908060055770003,9.931520223087277,-0.023460167317274738
almeria,9.622477091751108,9.646004017433198,-0.023526925682089583
ejercido,9.907778669202123,9.931363461948363,-0.023584792746239813
region num,9.998830175440329,10.022426508559349,-0.023596333119019874
invitar,9.307069620228022,9.330781188768583,-0.02371156854056089
sujeto,9.6641325060171,9.687890616119198,-0.023758110102097163
especialmente,8.814288993145356,8.838079164957739,-0.023790171812382965
aval,9.036929228378646,9.06074984449803,-0.023820616119383686
tomo,9.460486431004668,9.484321480601064,-0.023835049596396374
presentar,7.1515678640465214,7.175446998659251,-0.023879134612729835
incorporar,8.97116823707883,8.995066370564144,-0.023898133485314332
ciencia,9.12697685795534,9.150912182403196,-0.023935324447856843
operario,10.044657762125384,10.068673780664815,-0.024016018539430917
inaki,9.858634161421573,9.882718104916204,-0.024083943494630944
solicitante,10.028021423198208,10.052207239148574,-0.024185815950366063
percepcion,9.909812524043451,9.934048717214726,-0.024236193171274678
condado,10.130500296887506,10.154752758482516,-0.024252461595009933
recurso humano,10.081283062801822,10.105573519398046,-0.02429045659622453
reconstruccion,9.207872636467313,9.232252410016715,-0.024379773549402017
garcia egea,9.11661698858518,9.14100624738621,-0.024389258801029712
participar debate,9.808035683274385,9.83252992322764,-0.024494239953254393
automaticamente,9.944289310819059,9.968783766862721,-0.024494456043662183
num diputado,8.75422220025966,8.778779602909287,-0.024557402649627136
despu ano,9.874803231983439,9.89940629561651,-0.024603063633071187
hostil,9.979804948094358,10.004450777581418,-0.024645829487059956
san isidro,9.87385310312164,9.898517975358526,-0.024664872236886737
exceso,9.776744829949624,9.801463911088854,-0.024719081139229715
estr,10.114948990143969,10.139675088593886,-0.0247260984499178
mencionar,9.131103850504624,9.155831814446397,-0.024727963941773012
juicio presunto,9.96590765555371,9.990717833081147,-0.02481017752743675
paradigma,9.957412865465999,9.982239686743297,-0.02482682127729774
explicitar,10.027633472693749,10.052472497638552,-0.02483902494480361
presentar denuncia,9.646314564729256,9.671158862132309,-0.02484429740305316
operacion tandem,9.975723758314924,10.000617748491463,-0.024893990176538594
discrepancia,9.009658746869642,9.034597793862572,-0.02493904699293026
juicio num,9.78765020053677,9.812613666279336,-0.024963465742565916
erial,9.92536333385297,9.950366056814623,-0.025002722961653845
habrar,8.538599008443496,8.563643602110155,-0.025044593666658344
voto favorable,9.62469769216411,9.649798227852566,-0.025100535688455494
feminista,8.65013019044291,8.675231074295226,-0.025100883852315903
superar,8.51093437574367,8.536074754038674,-0.025140378295004595
ley estabilidad,9.943370639466423,9.968639601617442,-0.025268962151018926
duro,8.502689957218449,8.5280098776045,-0.025319920386051464
congreso nacional,10.023293504612328,10.048629262618503,-0.02533575800617527
envio carta,9.981693090545088,10.007259690160161,-0.02556659961507357
llamar declarar,9.823827679296045,9.849397438324488,-0.025569759028442718
entidad independentista,9.974017567129538,9.99960394211287,-0.02558637498333205
abc,9.473737707808887,9.499342706844473,-0.025604999035586218
gobierno madrileno,9.763526136528657,9.78914027580468,-0.02561413927602274
educacion,8.223169731558166,8.248819776529443,-0.025650044971277097
mediar,9.941596407958396,9.967307272818134,-0.025710864859737725
ipc,9.802905637745354,9.828617528425212,-0.02571189067985813
excomisario villarejo,9.703607775341878,9.729362511263197,-0.025754735921319494
aprobar real,9.975705702528375,10.00148866288273,-0.025782960354355566
arab unido,9.87768879869655,9.903509353503097,-0.02582055480654688
vulnerable,9.2847731004741,9.310661357772387,-0.025888257298287698
impulsado,8.916784049071957,8.94270017091931,-0.025916121847352258
luis martinez,9.969831147111414,9.995845126386968,-0.026013979275553822
oscuro,9.98264095667356,10.008669646176275,-0.02602868950271464
apelación,9.907948457829878,9.934048436694955,-0.026099978865076423
pie,9.195749118541771,9.221975486923181,-0.026226368381410126
magistrado manuel,9.993824512266478,10.020140966567666,-0.02631645430118823
supervision,10.009832809725788,10.03615583064254,-0.026323020916752427
empezar,8.509076215765356,8.535444328937693,-0.026368113172337004
yolanda,8.372551458915176,8.399084821194911,-0.026533362279735684
codigo etico,9.87385904983532,9.900403419539888,-0.026544369704568638
pedir dejar,10.024779023981367,10.051365811722182,-0.0265867877408148
justicia madrid,9.763756108970195,9.790383367161677,-0.02662725819148193
cambiar,8.288408865207138,8.31517845138067,-0.026769586173530868
extorsion,9.975102558698,10.00188218160983,-0.026779622911830003
progresivo,9.93517121454815,9.961953538682646,-0.026782324134495994
manán,9.429680153262765,9.456520856246534,-0.02684070298376895
comuns,9.315756633311025,9.342624868086096,-0.02686823477507083
petición,8.978864409713754,9.005776744769753,-0.026912335055998327
camara baja,9.0249368434777,9.051933281159211,-0.026996437681511054
paralizar,9.260035751449124,9.287045154142689,-0.02700940269356522
metodologia,10.0295653475198,10.056597230928125,-0.027031883408325186
despu tribunal,9.957565490745893,9.984653907501304,-0.027088416755411515
partido criticar,9.926879575408176,9.953988040480045,-0.027108465071869148
primario,9.016543876107432,9.04371081269787,-0.02716693659043834
paluzie,9.981268835019343,10.008454875658725,-0.027186040639382014
afirmo,9.031529415640218,9.058766073310158,-0.0272366576699401
organo direccion,9.803986912050574,9.831272613757854,-0.02728570170727984
verano num,10.068745497163558,10.09608628841265,-0.027340791249091723
defensa num,9.982780386434351,10.010163947929154,-0.027383561494803033
encabezar lista,9.64181479324103,9.66924022134379,-0.027425428102759497
reconocio,9.559651563423516,9.587080701033416,-0.027429137609900067
honor,9.085987669467526,9.113444408294564,-0.027456738827037697
avalo,9.936654512766411,9.964116752373414,-0.02746223960700256
conocedor,9.906798794875689,9.934302492005068,-0.02750369712937939
putin,9.706858561658562,9.734374753297077,-0.027516191638515153
desconociar,9.941545402026698,9.969096700008494,-0.027551297981796452
cnt,9.949938829435627,9.97750418481819,-0.02756535538256344
auditorio,9.910023155423879,9.937636236564783,-0.027613081140904328
diar,9.234075844732601,9.261696438266716,-0.027620593534114946
evento,8.857047634814604,8.884706229011925,-0.027658594197321307
comunista,9.309196879521151,9.336900891567621,-0.02770401204647044
fragmento,10.083350964305973,10.111081257588753,-0.027730293282779428
toro,9.671114543228448,9.698878831254772,-0.027764288026324024
capitolio,9.928908001577664,9.9566789680374,-0.027770966459735646
ignorar,9.501640029527751,9.52942496233354,-0.027784932805788642
num cargo,9.799031538905489,9.826818389285458,-0.027786850379969863
lista espera,10.042572181579098,10.070413760145941,-0.027841578566842884
reconocido,9.352462579139882,9.380398680841953,-0.02793610170207117
aparte,9.69859117010785,9.72654327524762,-0.027952105139769756
indemnizacion,9.457800873451264,9.485892807858697,-0.028091934407433072
fortaleza,9.861172261590736,9.889290509477565,-0.028118247886828485
habiar recibido,10.00757611974965,10.035712682372855,-0.028136562623204853
liderar candidatura,9.91978290192809,9.947921758211747,-0.028138856283657532
celebrar martes,9.935484728515222,9.96381477587828,-0.028330047363057886
cumplido,9.848694924283032,9.877036011903433,-0.028341087620400884
fondo,7.896194463651905,7.924592989675505,-0.028398526023599935
fiscalidad,9.588573838962668,9.617172399033986,-0.02859856007131789
afirmar,7.124869619792196,7.153517270983112,-0.028647651190916612
ideologico,9.109843875557894,9.138494856454056,-0.02865098089616147
ostentar,9.663498833649735,9.692258971904538,-0.02876013825480328
continuidad,9.243139608973557,9.271955324400013,-0.028815715426455668
tenso,9.786787604816494,9.815648311085594,-0.02886070626909998
nomina,9.993698014269107,10.022580026345375,-0.028882012076268282
preparacion,9.90544263338265,9.934352433168224,-0.028909799785573398
presidencia,7.7508737522236215,7.779939312999019,-0.029065560775397792
diagnostico,9.786193373591594,9.815317928805777,-0.029124555214183445
organo judicial,9.805584617975983,9.83477140284404,-0.029186784868057813
digno,9.459253852425345,9.488543227189677,-0.02928937476433191
responsable politico,9.830078672622326,9.859368440543697,-0.02928976792137128
decidirar,9.196187517600347,9.225491833967418,-0.02930431636707098
extesorero,8.790106352966884,8.819424649945445,-0.02931829697856081
quedar num,9.66128523420484,9.690617089232976,-0.02933185502813629
grupo socialista,9.183796106864575,9.213135450588345,-0.029339343723769673
gradual,9.917297428120024,9.94670879629734,-0.029411368177315822
ine,9.945145430969154,9.974578266635621,-0.029432835666467483
notifico,10.028237540068517,10.057771264154951,-0.029533724086434177
sindrome,10.054769260828108,10.084320222126044,-0.029550961297935885
concretar,9.07942875391781,9.109115183835893,-0.029686429918083235
desconocimiento,10.067506622935687,10.097195397636611,-0.029688774700924014
estarir,9.057011804319831,9.086747486981647,-0.029735682661815588
situacion catalunya,9.499656576767576,9.529406021610267,-0.029749444842691375
delito fiscal,9.818540992413949,9.848345346493678,-0.029804354079729478
remitido,9.463221015893522,9.493041462638756,-0.029820446745233653
caido,8.833072387791834,8.862936427355882,-0.02986403956404793
aplazamiento,9.805598609145296,9.835519043592546,-0.029920434447250344
natal,10.072760556275801,10.102793270215948,-0.030032713940146394
retroceso,9.749690602646332,9.779880694946511,-0.030190092300179217
trascendencia,9.940326396195465,9.970529311666278,-0.030202915470812997
condicion,8.88591239757026,8.916124911184129,-0.030212513613868452
vivienda publica,10.04894757149357,10.079167223274526,-0.030219651780955203
tribunal justicia,9.61145674913606,9.641747278065521,-0.030290528929461047
testificar,9.839611617666455,9.870013307942706,-0.030401690276251614
monica oltro,9.986908744338056,10.017384721405483,-0.030475977067426996
nulidad,9.724363804912999,9.75484124466561,-0.030477439752610636
fia,9.899063611165197,9.929610909477999,-0.03054729831280234
exalto,9.980285012616626,10.01085285663384,-0.03056784401721302
exalto cargo,9.980285012616626,10.01085285663384,-0.03056784401721302
desestima,9.908510503605099,9.939080884849286,-0.030570381244187317
socio gobierno,9.01707943573227,9.047686472149204,-0.030607036416933298
persona estir,10.032693542224955,10.063335632056294,-0.030642089831339092
cesado,9.619092934419056,9.649760926568899,-0.030667992149842505
negligencia,9.979679152324483,10.010361256958952,-0.030682104634468743
consejera,9.19125487408899,9.221989635484032,-0.030734761395041943
pasarar,9.790414386538847,9.821190577960536,-0.030776191421688637
esquema,10.031895057072456,10.062718872143266,-0.030823815070810667
ciclo electoral,9.766512269203256,9.797361625533622,-0.030849356330366007
emerito,8.220195986785654,8.251046074429691,-0.03085008764403696
fernando grandemarlaska,9.600419089654315,9.631355822113022,-0.03093673245870754
sociedad espanola,10.015667091519004,10.046604062189385,-0.03093697067038015
instar ejecutivo,10.00645633763039,10.037568192693259,-0.03111185506286951
apoyo parlamentario,9.832140959627093,9.863319864581795,-0.03117890495470199
frontal,9.7148055578921,9.74610383592253,-0.031298278030428506
garcio,9.594420510960338,9.625737627502815,-0.0313171165424766
conmemorar,9.719220280539194,9.750611666298534,-0.031391385759340196
rusia,9.45497613056546,9.486477812123866,-0.0315016815584066
expansion,10.021947729505621,10.053453374818648,-0.03150564531302713
pleno parlamento,9.953607616597216,9.985122009381312,-0.0315143927840964
egea,9.007767984317114,9.039357665222743,-0.03158968090562908
via judicial,9.95048702230536,9.98225884711766,-0.03177182481229934
pension,9.75735734229036,9.789193639989811,-0.031836297699451066
estatua,9.738809797672129,9.77065633639203,-0.03184653871990051
villar,9.859187160367034,9.891086427158434,-0.03189926679140065
convocatoria elección,9.715282308320115,9.74726190727255,-0.03197959895243585
navideno,9.797709276211588,9.829747405263603,-0.03203812905201531
resolver problema,9.964679088677912,9.996758445479903,-0.03207935680199192
significado,10.025094239161664,10.057206777836852,-0.03211253867518771
agenda,8.223989298418955,8.256227444977482,-0.03223814655852664
planteamiento,9.576094006152733,9.608466565403313,-0.03237255925058058
critico,8.729447863472831,8.761822619760693,-0.03237475628786157
presidente cgpj,9.940809158784116,9.973210608105974,-0.03240144932185807
ciu,9.840473666286215,9.872931045180817,-0.032457378894601874
partido gobierno,9.401342491990066,9.433809694650138,-0.0324672026600723
num metros,9.772378191056184,9.804922674769168,-0.03254448371298402
historicamente,9.864337781101911,9.896933598096636,-0.03259581699472491
registrado num,9.99597416309933,10.028622861415586,-0.032648698316256386
omitir,10.034670201223067,10.067325050000187,-0.03265484877712055
organización social,9.947128470911636,9.979802391102462,-0.03267392019082571
maximo num,9.777553979772309,9.810320538646462,-0.03276655887415281
mossos desquadro,9.926362980874721,9.959250213323301,-0.03288723244858005
desquadro,9.926362980874721,9.959250213323301,-0.03288723244858005
senadora,9.606151231409967,9.639047741392666,-0.032896509982698774
sentido,8.694308774955728,8.72725700016577,-0.032948225210041926
nombrar,8.92959211350643,8.962659311220674,-0.033067197714244045
enmarcar,9.79291128057707,9.826004015529719,-0.03309273495264975
complicación,10.07816304169166,10.111267419092782,-0.03310437740112171
debatirar,9.552520216126338,9.585642495030575,-0.033122278904237135
ocasión,8.675167621944475,8.708292360488917,-0.03312473854444242
eurodiputada,9.461565760325678,9.494727818864908,-0.03316205853922938
solucionar,9.487836663229338,9.521025604923354,-0.033188941694016094
lanza,9.511877327501539,9.545083842490708,-0.03320651498916938
falcon,10.03334300223988,10.066730468657827,-0.03338746641794721
clasico,9.907554751467407,9.940969815447039,-0.03341506397963201
restaurar,10.024330543514656,10.057759005444376,-0.033428461929720044
candidata madrid,9.933800733564524,9.967269728562897,-0.033468994998372636
reflejar,9.206745489858744,9.240383432315447,-0.033637942456703485
inconstitucional,9.940080741253446,9.973735658471782,-0.033654917218335356
anadio,9.793922351658884,9.827631020779007,-0.0337086691201236
complejidad,10.079114811297854,10.112902205546506,-0.033787394248651736
distanciamiento,10.12298507517994,10.156794295407899,-0.03380922022795829
num aniversario,9.388139516302658,9.421961938028353,-0.03382242172569505
compensacion,9.981411763744555,10.015237616330618,-0.03382585258606241
lider principal,9.970485111292032,10.00442629970936,-0.033941188417328405
recurso fiscalia,9.93771642291329,9.971701297687526,-0.03398487477423551
sumariar num,9.90083394618321,9.93495378711145,-0.0341198409282395
altura,9.352275520815388,9.38640141654039,-0.03412589572500302
lectura,9.503650473930362,9.537855136517788,-0.034204662587425716
emperador,10.076058749562115,10.110298091651432,-0.03423934208931634
prevaricacion administrativo,9.881244606786773,9.915495118418479,-0.034250511631706004
jaumir,9.538328945386406,9.572607262206484,-0.0342783168200782
correo electronico,9.869307832988131,9.903611214661,-0.03430338167286884
infante,9.887041718020086,9.921369833911287,-0.034328115891200994
exdirectivo,9.912629621559928,9.946957977568076,-0.034328356008147765
informir,9.952607564217937,9.986957923682914,-0.034350359464976776
concertado,9.48811793548084,9.52253678892904,-0.03441885344819973
personado,9.918960118655143,9.953436345150472,-0.03447622649532889
existir posibilidad,9.984160625706775,10.018683760773012,-0.03452313506623739
candidato psoe,9.570318526219712,9.60484600274375,-0.03452747652403865
congreso num,9.534184254545233,9.568756514407674,-0.03457225986244161
mision,9.61486919961361,9.649465219900275,-0.03459602028666531
expediente disciplinario,9.903378824591273,9.938070644202789,-0.03469181961151513
descubrimiento revelacion,10.008643999790296,10.043377948489429,-0.03473394869913271
revalorizacion pensión,9.950944427150366,9.985695873559607,-0.034751446409240216
culpable,9.589883877879075,9.624639080119723,-0.034755202240647876
television,8.960368776962309,8.99517188066588,-0.03480310370357209
secesionista,9.888467481032077,9.923368273753496,-0.03490079272141955
merito,9.63285278392802,9.667785246449968,-0.03493246252194915
reina,9.505157582554276,9.54015216452067,-0.03499458196639438
enterrar,9.606429011232487,9.64157771653949,-0.035148705307003425
farmaceutico,9.882891667115885,9.91812064739343,-0.03522898027754451
expresidenta parlament,9.786963634646712,9.822239926505143,-0.0352762918584304
ejercicio derecho,9.851259748398515,9.886566263043617,-0.03530651464510193
volumen,9.885601156989031,9.920922734549455,-0.03532157756042409
gobierno espana,9.180365646286704,9.21575387701411,-0.03538823072740627
centrico,10.057854889473985,10.093248870776078,-0.035393981302092925
apertura juicio,9.981364671836353,10.016824365812802,-0.0354596939764491
formulacion,10.013375554864643,10.04885720187028,-0.035481647005637384
constitucion num,10.026223703041815,10.061714288218193,-0.03549058517637782
rey,7.7558224169857235,7.7913426015737635,-0.03552018458803996
archivado,9.971815955829234,10.007458199871312,-0.035642244042078275
dejar,7.353382042198659,7.389092916738144,-0.03571087453948518
decantar,9.669678335324187,9.705502013949864,-0.03582367862567715
dialogar,9.612695015127214,9.648547467236234,-0.03585245210902066
sesion juicio,9.74298946723831,9.778863872658803,-0.03587440542049336
creer,7.565406844489126,7.601317333040118,-0.03591048855099199
reunir,8.104910039172914,8.14083183841568,-0.035921799242766284
sarscov num,10.037374510406282,10.073304692017865,-0.03593018161158312
exteriores,8.802072017430707,8.838103286969453,-0.03603126953874636
suavizar,9.883419856169809,9.919499807177159,-0.036079951007350175
tabla,9.970606629285166,10.006736976425051,-0.03613034713988483
voto particular,9.67150619498019,9.707659058682339,-0.03615286370214932
depresion,9.94806644814416,9.984347828122136,-0.03628137997797509
consentimiento,9.687728876509887,9.724026675285836,-0.03629779877594963
corts,9.698009117573449,9.734339405003277,-0.0363302874298288
despenalizar,9.970768738260247,10.007205817311998,-0.0364370790517512
datar,8.970605453498555,9.007152612736766,-0.036547159238210725
mostrar apoyo,9.567594241860391,9.604141662997487,-0.036547421137095526
investigación,8.716138978772868,8.752755353240454,-0.036616374467586255
proseguir,9.9965033303703,10.033239224323676,-0.03673589395337551
previsión,9.691765870564574,9.728502894189445,-0.03673702362487141
sistema publico,9.974653647575291,10.011416636723402,-0.03676298914811049
varapalo,10.00010010788579,10.036868243769398,-0.036768135883606945
desempenar,9.655195656769525,9.691975631993452,-0.03677997522392751
tenis,10.060337597032289,10.097130487437981,-0.03679289040569245
barca,9.99734811565527,10.034145116367755,-0.03679700071248426
denuncia presentado,9.866939017111205,9.90393909499533,-0.03700007788412485
pacto,7.603354870419835,7.64046078523455,-0.037105914814715035
barometro cis,9.847355080611234,9.884490616380512,-0.03713553576927886
ilegal partido,9.830577694074725,9.867717189151387,-0.03713949507666214
poderoso,9.702528231959326,9.739773536710558,-0.037245304751232666
ione,9.765341039083296,9.802676785656736,-0.037335746573440076
pedido,9.64663025204976,9.683986347582485,-0.0373560955327239
autopista,9.94422311694745,9.981588568663922,-0.037365451716471654
ministerio educacion,9.944227274210515,9.981596474977316,-0.0373692007668005
pozuelo,9.776788862668079,9.814165136261202,-0.037376273593123344
socialista defender,10.003809904611002,10.041201794646412,-0.037391890035410213
toni valero,9.82809391446685,9.86551225278815,-0.03741833832130048
intromision,9.776098345312423,9.813519391015316,-0.037421045702892286
procurador,9.686553104216404,9.723977425740424,-0.03742432152401953
confinado,10.001158357664385,10.03866270972041,-0.037504352056025425
har,8.675174440333862,8.712707401562906,-0.03753296122904359
ocupacion,9.789357584706364,9.826938047523521,-0.03758046281715721
conocerar,9.953398679095487,9.990984197768189,-0.03758551867270121
aclaración,10.002758704915239,10.040359442179001,-0.03760073726376234
prever,9.747302153895102,9.785010159109316,-0.03770800521421336
hacienda,8.20797124312214,8.245769306699577,-0.03779806357743709
conseller interior,9.808168608990677,9.846095693493163,-0.03792708450248661
equipamiento,9.98867207136823,10.02660825997556,-0.037936188607330834
ministerio fiscal,9.459074601354391,9.4970286574656,-0.037954056111209056
remarcar,9.537955452320379,9.575958647663631,-0.03800319534325247
victimo,9.598147234991425,9.636180832344161,-0.03803359735273659
nacio,9.776204167035955,9.814269854466174,-0.038065687430218986
recibirar,9.82575572727632,9.863943731143513,-0.03818800386719268
turistico,9.474661809324251,9.512863455552514,-0.03820164622826283
catalogar,9.95410372991246,9.992389293120015,-0.038285563207555384
presidente andaluz,9.543073374279732,9.581381961892953,-0.03830858761322098
publicar num,9.916341762664075,9.954658101343798,-0.038316338679722506
malo gestion,9.863332655517375,9.901669385117366,-0.03833672959999035
bailar,10.036101341597767,10.074460379886894,-0.038359038289126346
agudo,9.961227219393843,9.999719977062071,-0.03849275766822835
rehabilitacion,10.019672074883715,10.05817518126348,-0.03850310637976406
suficientemente,9.770493415712329,9.809016748130535,-0.03852333241820638
elección,7.013555161678254,7.052088507447433,-0.03853334576917877
archipielago,9.955656874777176,9.994191902044674,-0.03853502726749802
plural,9.854368160198279,9.892911145627501,-0.0385429854292223
motivar,9.772189348480454,9.810779871419761,-0.03859052293930709
publicación,9.87851023591457,9.91710551924512,-0.03859528333054918
artistico,9.897047921523127,9.93584297874497,-0.03879505722184362
exdirector,9.348644916389349,9.387478389791049,-0.0388334734017004
explorar,9.681394144975318,9.720249980578702,-0.03885583560338368
complicidad,9.82730075245696,9.866156601682368,-0.03885584922540808
javier perez,9.945066994635425,9.983973744164746,-0.03890674952932116
telegram,9.943233735451527,9.982150719821446,-0.038916984369919305
letal,9.973787329315938,10.012847968142433,-0.03906063882649491
principe,9.89627319885553,9.935335206093594,-0.039062007238063856
presidenta congreso,9.180395934607393,9.21949442902152,-0.039098494414126606
sufrido,9.673741277254049,9.712922697836275,-0.03918142058222607
calculo,9.582258879523433,9.621513524111464,-0.03925464458803063
emblema,9.935209043042162,9.974491051326972,-0.03928200828480932
arresto,9.952154423850809,9.991494152146656,-0.039339728295846754
pagar impuesto,9.81661716287854,9.856088013131414,-0.039470850252874
congreso deber,10.003286014892346,10.042791169587222,-0.0395051546948757
forzar,9.32887824405143,9.368389596009626,-0.03951135195819688
urge,9.80870012880039,9.848286113194657,-0.039585984394266305
intervención,9.407678854926159,9.447277937116024,-0.03959908218986463
aeronave,10.05702307350939,10.096638397819573,-0.03961532431018355
mayoria grupo,9.846159369945491,9.88581342611553,-0.03965405617003803
cerrar puerta,9.599557174538436,9.639296243467543,-0.039739068929106836
mortalidad,10.021249097194975,10.061038040151463,-0.039788942956487716
pluralismo,9.990796666748498,10.030598424446342,-0.039801757697844664
limitación,9.763947934968208,9.803756858914046,-0.039808923945837904
exgerente,9.974193527774021,10.014047764758313,-0.0398542369842918
otono,9.5838505917261,9.623723241545278,-0.03987264981917882
justicia ue,9.963832673742125,10.003715798021277,-0.03988312427915197
compliz,9.975205595292069,10.015115359303646,-0.03990976401157731
recibio num,10.002027724914521,10.042105873060773,-0.04007814814625199
derecha extremo,9.987077578966469,10.027159584219866,-0.04008200525339767
delito enaltecimiento,9.996852839985861,10.037034489139,-0.04018164915313882
creer gobierno,9.969288456557905,10.00947172903904,-0.04018327248113529
periodismo,9.940250489750422,9.980485904159833,-0.04023541440941081
evidenciar,9.340205665163175,9.380542012235054,-0.04033634707187872
num ley,9.62805116300236,9.668394450682978,-0.0403432876806189
valer,9.495467108608343,9.535832507722624,-0.04036539911428072
malo trato,9.919134434872982,9.95951081705751,-0.04037638218452777
presupuesto num,9.150019262384497,9.190444915863914,-0.04042565347941718
allo,9.25207505644153,9.292514387297654,-0.040439330856123945
vera,9.416014709641697,9.456474938783392,-0.040460229141695336
administrador unico,10.010224807960986,10.050686157309487,-0.040461349348500875
reforma pensión,9.659806312215116,9.70031544971032,-0.04050913749520468
reclamar gobierno,9.791571596744182,9.832090221783426,-0.04051862503924397
cama,9.72044988405083,9.760970167777876,-0.04052028372704619
cripta,9.779222353795845,9.819778292102841,-0.040555938306996
librar,9.772910106623,9.813552939817924,-0.04064283319492468
suceder,9.03270898217043,9.073528623534242,-0.040819641363812664
lengua,9.348222427685993,9.389061627140707,-0.04083919945471415
politico catalán,9.558206433185111,9.599068869422476,-0.040862436237365074
rodrigo,9.757011354701058,9.797890568025588,-0.04087921332452993
exconsellera,9.756962742023616,9.797915873958294,-0.04095313193467831
num codigo,10.068531275367457,10.109522279072653,-0.04099100370519615
historico,8.061923388651119,8.102938218215806,-0.041014829564687716
regimen franquista,10.007300114736404,10.048314963715995,-0.04101484897959118
llegar gobierno,9.753573219232246,9.794588818370428,-0.041015599138182424
concurso publico,9.985278192867518,10.026296416009746,-0.04101822314222758
oposicion acusar,9.992689301509127,10.033717838856775,-0.041028537347648
rapidamente,9.880672066424177,9.921735986942544,-0.041063920518366714
pregunta,8.339688353246242,8.380777213303029,-0.04108886005678691
tenencia,9.935296978273717,9.976411496675599,-0.04111451840188174
fernando,8.57563676855321,8.616795996499473,-0.041159227946263144
ejemplar,9.750457630354726,9.791704152207645,-0.041246521852919216
preveiar,9.943513419191442,9.984879975668228,-0.04136655647678644
contar autorizacion,9.997738959704481,10.039121812797775,-0.04138285309329426
docena,9.644513212865016,9.685914942503977,-0.04140172963896127
salvaje,10.009312758588651,10.050769428602976,-0.04145667001432507
infraccion,9.887204788896366,9.928681256317601,-0.04147646742123534
convocatoria num,9.984107021816884,10.02559874103864,-0.04149171922175654
diputado partido,9.883381464954015,9.92490215063788,-0.041520685683865466
supuestamente,9.115449577354036,9.156971461834727,-0.04152188448069083
denunciar falta,9.92072171455566,9.96226825593261,-0.041546541376950685
presidente afirmar,9.951955870655969,9.993622615864485,-0.04166674520851643
consejo europa,9.738263855215221,9.779941677700794,-0.041677822485572946
corinno,9.693039049479905,9.73484670881067,-0.04180765933076458
medir,9.660799445786084,9.702622384580323,-0.041822938794238596
lento,9.879520415818371,9.92136970885404,-0.04184929303566953
ambicion,9.792865943020777,9.83473745102345,-0.04187150800267325
pena muerte,10.05774335105497,10.099720795608443,-0.04197744455347241
ortiz,9.643322268868866,9.68530725607218,-0.041984987203314006
manifestacion convocado,9.874815998834691,9.916820271463653,-0.04200427262896156
asumir,8.414120910248759,8.456140952354893,-0.042020042106134525
central operativo,9.934464310649687,9.97649096122915,-0.0420266505794622
marchar,9.587437229814771,9.629586707648429,-0.0421494778336573
contemplado,9.973555524234241,10.015713442239688,-0.042157918005447215
historia espana,9.98693139127031,10.029107778771007,-0.04217638750069597
asignar,9.946790405567132,9.988980234812052,-0.04218982924492032
discrepar,9.680647526404755,9.722916337553807,-0.0422688111490519
bello,9.875432100445797,9.917735931505872,-0.042303831060074515
pisar,9.696255813968621,9.738612006790836,-0.04235619282221492
interrumpir,9.646189906264405,9.688584114611148,-0.042394208346742346
necesariamente,10.057500993556124,10.099926368122157,-0.042425374566033014
dibujar escenario,10.011396902333775,10.05387992823687,-0.042483025903095495
incitacion odio,9.974286520940613,10.01678507053694,-0.042498549596327706
salpicado,9.98463226593056,10.0271450067992,-0.042512740868639654
mediano,10.001329309923833,10.043991824484175,-0.04266251456034276
querella argentino,10.038630982556207,10.081352804947699,-0.042721822391492026
alimento,9.575606930921335,9.618540303375942,-0.042933372454607266
hora manana,10.03551976291944,10.078498678962543,-0.042978916043102444
epoca,9.228746866410852,9.27178109874045,-0.0430342323295978
encuesta,8.06227475385022,8.10533242760868,-0.043057673758459813
mesa congreso,8.93203207878575,8.975133943074923,-0.04310186428917184
magnitud,9.931613319056767,9.974735483087215,-0.04312216403044822
hosteleria,9.783348575944823,9.826547132143183,-0.04319855619836055
limitado,9.863431009997216,9.906668348046962,-0.043237338049745944
num comisión,9.996794052129342,10.040073035326678,-0.04327898319733592
organizacion terrorista,9.860351815463158,9.903728649491164,-0.04337683402800607
conseguido,9.948350693057623,9.991755592446523,-0.04340489938890002
obligacion,9.294509823249296,9.337986652178058,-0.043476828928762146
ministro hacienda,9.899825861833806,9.94333311344452,-0.04350725161071445
peninsula,10.006280520994677,10.049864537126181,-0.0435840161315042
lunes num,9.420128046543821,9.46373209669219,-0.04360405014836921
reglamento,8.97863108986679,9.022240009086222,-0.043608919219431996
viernes consejo,9.864676908245059,9.908312886528021,-0.043635978282962284
espiritu,9.602256184810559,9.645894771862364,-0.0436385870518059
promovido,9.746753690907916,9.79039476587528,-0.0436410749673648
iniciativa,7.876074303743207,7.919726224237229,-0.043651920494022
concierto,9.615267324806288,9.65897025012392,-0.04370292531763198
anulado,9.978730323475826,10.022459514872013,-0.043729191396186806
acumular num,10.008397159199674,10.05213378401582,-0.043736624816146374
pp negar,9.979896790208716,10.023653088748397,-0.043756298539680216
jueves viernes,10.022664305451446,10.06645311641484,-0.04378881096339349
bloque investidura,9.403174764295361,9.446984008181339,-0.04380924388597762
madrid negar,9.964674409297569,10.008492124854488,-0.04381771555691927
gravedad,9.643761572436821,9.6876381300319,-0.04387655759507858
personar,9.692180913257296,9.736082500677664,-0.043901587420368315
comunidad madrid,7.511683386668693,7.555595360351488,-0.043911973682794425
declaracion institucional,9.836791525534371,9.88072475442701,-0.043933228892639065
aclarir,9.96821732480786,10.012184972672253,-0.043967647864393555
innecesario,9.72337523423653,9.76735896219181,-0.04398372795528083
evidente,9.191234622511082,9.23525250257308,-0.044017880061996806
basar,9.168081351935706,9.212141890207336,-0.04406053827162992
presuncion inocencia,9.779317261625469,9.823390535696296,-0.044073274070827395
secretaria,8.08066501933248,8.124752083939,-0.04408706460652034
num ciudad,9.996384635996456,10.040503514416121,-0.04411887841966511
situar,8.791492035035919,8.835654680054462,-0.0441626450185435
indirecto,9.950090181876426,9.994313602479751,-0.04422342060332518
humanitario,9.617532247229306,9.661793078680319,-0.04426083145101245
solicitar juez,10.032607148170106,10.076891320848103,-0.044284172677997446
president,7.995025431628142,8.039430035626843,-0.04440460399870094
enviado,9.053419085614662,9.097939979967768,-0.04452089435310569
gil,9.57065494352791,9.615180411894382,-0.044525468366472865
siquiera,9.187604919001414,9.232139693204953,-0.04453477420353913
interponer,9.433175340062968,9.47774785350731,-0.044572513444341766
multitudinario,9.80611099100562,9.850693474802448,-0.0445824837968285
gobernar solitario,9.742997271186931,9.78759679973635,-0.044599528549419176
correccion,9.964879097299969,10.009615964652166,-0.04473686735219751
num gobierno,9.342116317886264,9.386904750018429,-0.04478843213216521
youtuber,10.041983774822006,10.086801093834987,-0.04481731901298147
rider,10.005160371381345,10.049984757574498,-0.04482438619315232
eurodiputado,8.922603001377492,8.967489812380046,-0.044886811002553983
carpeta,9.982040973103166,10.026943868238773,-0.04490289513560697
cayo,10.062539099768319,10.10758916338968,-0.04505006362136044
agrupacion,9.592113359216114,9.637202210117142,-0.045088850901027655
sustraer,9.872605697138644,9.917721936252114,-0.04511623911347051
marte,10.055488069092185,10.10062692891351,-0.04513885982132493
rama,9.938251319662989,9.983392237870286,-0.04514091820729682
ministerio presidencia,10.008209324851467,10.053396058858217,-0.045186734006749774
atrapado,9.986940908062763,10.032137592977458,-0.04519668491469453
llamazar,9.93025278525172,9.97545416165276,-0.04520137640103883
evitar contagio,10.034458897783427,10.079664412133285,-0.04520551434985798
ceo,9.772594494581565,9.817834665179504,-0.045240170597939056
comparecer,8.409511623356098,8.45475594693325,-0.04524432357715291
doce mes,9.977159565288432,10.022441867747782,-0.04528230245935028
num afirmar,10.02638647744232,10.07167275237814,-0.04528627493581894
posibilitar,9.772599169692635,9.81789033487472,-0.045291165182085535
asociacion recuperacion,9.72825886479257,9.773576214958902,-0.045317350166332204
rafael mayoral,10.010717374581846,10.056068949916902,-0.04535157533505618
adecuadamente,9.809472205496531,9.854913836514482,-0.04544163101795107
billy nino,9.855435479480935,9.900893416516501,-0.04545793703556633
principal objetivo,9.80098870026066,9.846604214801221,-0.04561551454056101
macron,9.754490538380962,9.800228193762065,-0.04573765538110308
ideario,9.860450944388752,9.906190999627906,-0.04574005523915403
manuel albares,9.877962186304442,9.923818749549524,-0.04585656324508136
albares,9.877962186304442,9.923818749549524,-0.04585656324508136
prioritario,9.436892035911285,9.482786345057079,-0.045894309145793954
crisis catalunya,9.944833670608476,9.990780190849478,-0.04594652024100121
nombre num,10.027933551856291,10.073890965680325,-0.04595741382403418
satisfactorio,9.99598945753634,10.04202957169813,-0.04604011416179077
contradizar,9.944240876579293,9.990665396791645,-0.04642452021235144
suceso,9.831828680707064,9.878279637860551,-0.04645095715348724
reparto fondo,9.818897168711462,9.865416440149454,-0.04651927143799206
celebrar jueves,10.022546169653861,10.069083391691127,-0.046537222037265735
propuesta resolucion,9.952435404159562,9.998996735496766,-0.046561331337203526
siguio,9.837961922861224,9.884526229206841,-0.04656430634561737
presuncion,9.771349860577144,9.818057320369745,-0.04670745979260005
atracar,9.9655400791124,10.01225547485574,-0.04671539574334105
colocacion,10.02028842326606,10.067014218994915,-0.0467257957288556
ano inhabilitacion,9.943315980396545,9.990058723800447,-0.046742743403902054
repetir elección,9.814892820885182,9.86172565803371,-0.04683283714852671
ordenanza,9.936852166095228,9.983720555744572,-0.04686838964934381
comunicacion,8.293196281247035,8.340138892296212,-0.046942611049177074
holocausto,9.977469327094472,10.024449300046854,-0.0469799729523821
desestima recurso,9.945082806189212,9.992214584044998,-0.04713177785578537
martes num,9.588170212069079,9.635306502717448,-0.04713629064836944
inmunizacion,10.086731931209368,10.133885430981088,-0.047153499771720675
instagram,9.882125964190328,9.929329590860977,-0.04720362667064926
decreto alarma,9.894889937795694,9.942121986646322,-0.047232048850627706
mito,9.986353993475648,10.033617028897526,-0.04726303542187793
num candidato,9.82866139086958,9.875933074301201,-0.047271683431620914
respectivo,9.586894657548251,9.634174702911634,-0.04728004536338304
pronunciar,8.611320634563121,8.65863068620236,-0.04731005163923818
ola,9.352939625172057,9.400311735897006,-0.04737211072494851
podrio llegar,9.885379386632117,9.9328117067144,-0.04743232008228304
asegurar num,9.905375698106901,9.95282605403911,-0.0474503559322077
informacion publicado,9.985181805933589,10.032733634029212,-0.04755182809562264
asuntos exteriores,9.323082501151873,9.370673332401052,-0.04759083124917929
espectador,10.064686537953492,10.112327091359274,-0.04764055340578288
reunirar,8.944795207425402,8.99268664439064,-0.04789143696523723
diputado ciudadano,9.800857243572825,9.848755784270296,-0.04789854069747079
consecuencia,8.592798645397362,8.640698629786572,-0.047899984389209393
fraude,9.058537608115483,9.106511446904545,-0.04797383878906203
creencia,10.010354526734151,10.058386479714564,-0.04803195298041274
entender,8.173951279063576,8.22204288371272,-0.048091604649144415
contratar,9.132399982203697,9.180511187798547,-0.04811120559485005
canción,9.950330054364398,9.998530817799178,-0.04820076343477986
clausula,9.858850457721152,9.907051440795616,-0.04820098307446408
exalcaldesa madrid,9.830914941565913,9.879128829668218,-0.04821388810230509
laico,10.009832308404343,10.058054792725585,-0.048222484321241765
complejo,9.002660676647466,9.0509701235021,-0.048309446854634785
alteracion,9.975328355931046,10.023669267648772,-0.0483409117177267
reunir martes,9.916561039539985,9.964933577886534,-0.04837253834654831
adelanto,8.951441970986586,8.999817879965917,-0.04837590897933097
practico,9.9077636484025,9.956244671531604,-0.04848102312910285
avt,9.974993631652787,10.023476571854653,-0.0484829402018665
exhumar,9.34291186871108,9.391395577214999,-0.04848370850391781
iii,9.759483859376784,9.808007164141372,-0.048523304764588104
angel,8.446446126499817,8.494989863792753,-0.048543737292936484
policia guardia,9.902684307268206,9.951241898219758,-0.04855759095155143
parlamento andalucia,9.572034507706705,9.620621220797583,-0.048586713090877254
bloqueo,8.758946698963035,8.807601852388679,-0.04865515342564386
telefono movil,9.902091224593592,9.950747942804401,-0.0486567182108093
corriente,9.440995219307487,9.48966114103046,-0.04866592172297324
andalucia reclamar,9.96347753939326,10.012258214833851,-0.04878067544059128
casero,9.932026731739548,9.980891945249137,-0.04886521350958972
laboratorio,9.763666142817215,9.81254952613682,-0.0488833833196054
beatriz,10.01481867571843,10.063840456231762,-0.04902178051333195
retributivo,9.987740586692334,10.036804298315394,-0.04906371162305945
metros,9.74665593959833,9.79572225070939,-0.0490663111110603
partido entidad,9.948197937212461,9.997269756867418,-0.04907181965495688
bebe,9.968041405359893,10.017179017405395,-0.049137612045502266
plenamente,9.874773225007944,9.923990008501942,-0.04921678349399805
aceptar peticion,9.875970979400094,9.925202967033357,-0.049231987633262975
raza,10.048394382895763,10.097823110222837,-0.04942872732707393
abstención,9.46751392213701,9.516973202233839,-0.049459280096828095
contrato empresa,9.92806436198622,9.977740137249407,-0.04967577526318756
doscientos,10.00311619975009,10.05280377904152,-0.04968757929142953
reunir num,9.833008104318615,9.882699696341765,-0.04969159202314977
aprobado consejo,9.9470662630019,9.996857926695522,-0.04979166369362176
salud publicar,9.85457857421887,9.904394771839504,-0.049816197620634384
fiscalia abogacia,9.862495290792065,9.912462693740123,-0.04996740294805768
votado num,9.846159822167166,9.896147984793595,-0.04998816262642869
indulto,8.807880239728284,8.85798057311761,-0.05010033338932551
decair,9.985615882611057,10.03578036466758,-0.05016448205652324
num militante,9.775618361987643,9.825829700966352,-0.05021133897870911
provoco,9.727239070712585,9.777475269529285,-0.05023619881669994
ventaja,9.516695742997484,9.566939929637773,-0.05024418664028829
prision delito,9.886627889826588,9.9369264018066,-0.050298511980011895
fondo inversion,9.994536881986809,10.044846302224073,-0.050309420237264035
barometro,8.955295575383209,9.005857177103865,-0.0505616017206556
recuperan,9.94910194077091,9.999687562350147,-0.05058562157923596
cuestionamiento,9.99511751875092,10.045745541697366,-0.050628022946446194
corrupcion politico,9.929955070790193,9.980683257477848,-0.050728186687655
foral,9.548145051086648,9.59887356522936,-0.050728514142711845
ejecutivo partido,9.882720695064522,9.933522763961752,-0.05080206889723016
incierto,9.899699815582318,9.950515844568635,-0.05081602898631665
mensaje,8.177015629135207,8.227842635238575,-0.05082700610336843
fisura,10.015946803081635,10.066865790540922,-0.050918987459287024
escudar,9.800998927140213,9.852006643370204,-0.05100771622999112
saldo,9.969343326814865,10.020388599026298,-0.05104527221143229
causa tribunal,10.016851412488554,10.06791298752143,-0.05106157503287534
facilidad,10.012560103170197,10.063685152095928,-0.051125048925731775
secretaria organizacion,9.846153979531682,9.897317377555208,-0.051163398023525986
criticar dureza,10.007600894329382,10.058864801305115,-0.051263906975732354
desmontar,9.848925811537217,9.900237334077197,-0.05131152253997939
noticia,8.614263678659135,8.665714578178932,-0.05145089951979642
presupuesto,7.667494442541747,7.7189659278058445,-0.051471485264097616
retirada,8.842088781307904,8.89358233393752,-0.051493552629615635
pantalla,9.903252893821225,9.954761664810812,-0.05150877098958695
mantendrir,9.938493125055302,9.990153529020475,-0.05166040396517246
resolucion conflicto,9.976664671002029,10.028446965442567,-0.051782294440538834
fiscalia tribunal,9.92061017966351,9.972405651385168,-0.05179547172165755
anticuerpo,10.046013375207082,10.09782593050074,-0.051812555293658136
latinoamericano,9.661461429310325,9.713343496632818,-0.05188206732249334
color,9.707549309410517,9.75950582179655,-0.05195651238603283
so,9.960853054094466,10.012973542152114,-0.05212048805764802
credibilidad,9.604906172169306,9.657069087960553,-0.052162915791246434
personal sanitario,9.83660071162631,9.888883291226179,-0.052282579599868484
actuacion gobierno,10.00592275885997,10.058222491988372,-0.05229973312840208
juez manuel,9.869547719182663,9.921851841392153,-0.05230412220948999
tribunal juzgar,9.97118611312862,10.023499074593383,-0.05231296146476261
decretado,9.976566253856777,10.028938188005755,-0.05237193414897767
motivado,9.893686271603181,9.946194491204094,-0.05250821960091301
subir impuesto,9.956849472336128,10.009395322421822,-0.05254585008569457
abandonar,8.502271608907025,8.554827843022185,-0.052556234115160194
grupo vasco,9.981240791241602,10.033938722984473,-0.05269793174287152
nacional policia,10.043791482110358,10.09660698990861,-0.05281550779825217
seguir mantener,10.026063725964066,10.078998077377236,-0.05293435141316927
salmar,10.003754721967594,10.05677841637361,-0.05302369440601673
comision constitucional,9.951592233452118,10.00462895648755,-0.05303672303543294
num mantener,9.920524512935213,9.973754763012739,-0.05323025007752591
veriar,10.003645825906766,10.056913458808939,-0.05326763290217329
vicealcaldesa madrid,9.902931094830516,9.956239262467305,-0.05330816763678925
num municipio,9.806911024688626,9.860334987235184,-0.05342396254655846
plan gobierno,9.975974189837727,10.029458854869839,-0.05348466503211213
propondrar,9.856201892994779,9.909807505187798,-0.05360561219301907
fuerza armado,9.464217788722564,9.517967015317328,-0.05374922659476411
elegir candidato,9.859351892591096,9.913105429405796,-0.05375353681469974
gallego,8.398635393681175,8.452480250838676,-0.053844857157500314
ofensivo,9.796871263696021,9.85075550120906,-0.05388423751303861
lograr,7.95645355640359,8.010352022065028,-0.05389846566143852
condecoracion,9.933387257445442,9.987315984276782,-0.05392872683133909
forense,9.885951273402924,9.939907371480473,-0.053956098077549086
lucha,8.51706884676392,8.571043141098261,-0.05397429433434198
argelia,9.987273652718132,10.041292017068663,-0.0540183643505312
reciente,8.95756931561665,9.011591236349854,-0.054021920733204
pp mantener,9.845769644564761,9.899872678688345,-0.05410303412358353
batet,9.080097074691809,9.134232714472164,-0.054135639780355405
formalizar,9.513932250434483,9.56809091160905,-0.0541586611745668
casa blanca,9.99163269030669,10.04618149376782,-0.054548803461131
mostrar,7.703481313923667,7.7580741632010115,-0.05459284927734487
gustariar,10.00594440062447,10.060592462861985,-0.05464806223751495
num familia,9.938501443987173,9.993200699435652,-0.054699255448479533
afan,9.975288014341636,10.030059187346456,-0.05477117300481993
indo,9.704617969601676,9.75941219439204,-0.054794224790363444
relevar,9.675281014906838,9.730097277488033,-0.054816262581194763
contencioso administrativo,9.843381477012821,9.898327989299426,-0.0549465122866053
diputado grupo,9.852412983187005,9.907404891923937,-0.05499190873693216
monografico,9.91438793847622,9.969422066764649,-0.05503412828842791
abuela,10.047055051686705,10.102099768888152,-0.05504471720144721
magistrado supremo,9.888714803136086,9.943780962849575,-0.055066159713488716
represivo,9.868384335812168,9.923529538048937,-0.05514520223676911
surgio,10.103690628874295,10.158990815988838,-0.05530018711454332
baile,9.906839816650301,9.962210560908105,-0.05537074425780375
respeto,8.759021300839821,8.814433658372662,-0.05541235753284113
necesidad,8.362831254939435,8.418268121905307,-0.0554368669658718
roldan,9.849876933601369,9.905332527727156,-0.055455594125787044
peaje,10.016798874746785,10.072347697410738,-0.05554882266395289
gabinete,8.705119519492294,8.760746925419687,-0.05562740592739246
kiev,9.94937083223832,10.00503434096444,-0.05566350872612169
persistir,9.798401812026256,9.854097661035443,-0.05569584900918656
sembrar,9.937435593202316,9.99318877418135,-0.0557531809790337
recordar num,9.910658513126872,9.966420059322921,-0.055761546196048783
democraticar,9.53080653284983,9.586593482629858,-0.055786949780028294
pib,9.820278770282274,9.876135687729276,-0.055856917447002274
ingresar,9.276836066175436,9.332723251999811,-0.0558871858243748
espanol,7.630688200253851,7.686682086024158,-0.05599388577030684
equipo gobierno,9.437731383620061,9.493897497429348,-0.0561661138092866
antiguo,8.63436074297422,8.690587140261457,-0.05622639728723655
abordar,8.44291537179652,8.49914219193288,-0.05622682013635938
reunion extraordinario,9.844798430988323,9.901039487146878,-0.056241056158555125
derrumbe,9.948815123950089,10.005087936099816,-0.0562728121497269
favor num,9.479427289600116,9.535787175568581,-0.056359885968465306
carlista,9.90345146406726,9.959849841114515,-0.056398377047255366
vigilar,9.726412343698268,9.782822338082319,-0.05640999438405103
ministro semana,10.009067060867965,10.065509785025094,-0.056442724157129476
plasmar,9.951748204484337,10.008264491589037,-0.05651628710469936
afrontar reto,9.923133451481199,9.979660094682675,-0.056526643201475935
asumir coste,9.980263310080863,10.036824925316765,-0.05656161523590164
unico,8.017010361629053,8.073578160702365,-0.056567799073311775
fuerza seguridad,9.522768879647403,9.579387431632933,-0.056618551985529564
num pedir,9.949498661081364,10.006230572777056,-0.05673191169569236
actitud,8.976916669097879,9.033683781114908,-0.05676711201702922
candidatura,7.769766077273784,7.82659643974914,-0.05683036247535522
secundaria,10.056344092613172,10.113212981000686,-0.05686888838751436
preacuerdo,9.530432082561676,9.587301464563392,-0.05686938200171632
historia num,10.002487369053968,10.059378457637099,-0.05689108858313041
seguir estrategia,9.961467595297643,10.01847025180916,-0.05700265651151781
sexto,9.182559363693894,9.239583518237055,-0.05702415454316068
vocacion,9.848206300786424,9.905238336648456,-0.057032035862031094
madrid seguir,9.959130943876673,10.016211567055002,-0.057080623178329404
exonerar,9.96069603506976,10.017802980431899,-0.057106945362138006
gobernar pp,10.008094333446587,10.065228041175331,-0.05713370772874349
viuda,10.009265052935083,10.066467751785133,-0.05720269885005003
plataforma digital,9.883692715831565,9.941055658717268,-0.057362942885703205
inutil,9.810729915394187,9.86813136305803,-0.057401447663842475
mundo,8.23416124244296,8.29156972188201,-0.05740847943904903
vox parlamento,9.969602901116435,10.027067828599343,-0.05746492748290777
ocurrir,8.974079000774477,9.03167415201753,-0.05759515124305281
direccion partido,9.07293953110695,9.130695711458317,-0.05775618035136709
renta,8.906557113833022,8.964440338448712,-0.057883224615689954
presidente ciudadano,9.749731049787346,9.80763176020207,-0.05790071041472444
gobierno juez,9.377333545100644,9.435331706134441,-0.0579981610337974
gobierno andaluz,8.876399705947724,8.934412459205966,-0.05801275325824129
solventar,9.8663606555291,9.924391065622556,-0.05803041009345655
oriente,9.941807107740132,9.99994888312863,-0.05814177538849741
abrir puerta,9.093094544102883,9.151289944825601,-0.05819540072271856
podriir,9.190541910269255,9.248772038450603,-0.058230128181348206
paraiso,9.783283930948175,9.841660823696342,-0.05837689274816782
racial,10.017122270623217,10.07557152950847,-0.05844925888525232
expresidenta,8.718156409145488,8.77669861227292,-0.0585422031274323
pp criticar,9.777475745334465,9.836097109058722,-0.058621363724256526
incumplimiento,9.545177532416547,9.603826418987586,-0.058648886571038616
alvaro perez,9.741822855573307,9.800473204930816,-0.05865034935750835
ofrecer servicio,9.978306292239461,10.036968499094415,-0.05866220685495449
febrero num,9.391727552670254,9.45045250476862,-0.058724952098366145
autocritico,9.579548777450526,9.638288071244967,-0.05873929379444043
avanzado,9.64551329913731,9.704515602602232,-0.05900230346492208
asociación memorialista,9.957448013167166,10.016474917338297,-0.05902690417113021
cursar,9.91040501276122,9.96947379567098,-0.05906878290976003
copar,9.999804014156457,10.058878391157652,-0.059074377001195444
gestion,8.041074928604631,8.10016265044907,-0.059087721844438335
sustituido,9.84927185022588,9.908380978896984,-0.059109128671103406
desalojar,9.502799701669623,9.561934637730031,-0.059134936060408094
derogacion,9.094289735045777,9.153426295657583,-0.05913656061180639
soria,9.876114396326258,9.935304566798354,-0.05919017047209607
adopto,9.797972300039008,9.857162967329014,-0.05919066729000555
habitualmente,9.880237665348396,9.93943702059964,-0.05919935525124309
mensaje twitter,9.970640278241449,10.029852184813578,-0.059211906572128825
gobierno partido,9.627142044402833,9.686397588974216,-0.05925554457138382
ciudadano querer,9.923964755025644,9.983262041524883,-0.05929728649923938
holanda,10.088625268664657,10.148129822871038,-0.05950455420638079
paraiso fiscal,9.85266591204756,9.912186532356998,-0.0595206203094385
junt cup,9.96483143182971,10.024406141995073,-0.05957471016536253
fraudulento,9.813103515418634,9.872722119697148,-0.05961860427851384
contar apoyo,9.123729777373082,9.183351252176124,-0.05962147480304125
prorroga alarma,9.56958024203789,9.629280634569785,-0.05970039253189441
asambleista,10.152807978345265,10.212579748616008,-0.05977177027074276
expresidente,7.611933957038119,7.671761079362948,-0.059827122324829674
alusion,9.450773750282542,9.510701302692672,-0.05992755241013015
in,9.629168663766343,9.689149513472495,-0.05998084970615203
convocar reunion,9.923995095582265,9.983987268615182,-0.05999217303291715
num mostrar,9.974986642213462,10.035007609572656,-0.06002096735919338
venir,8.458664025585232,8.5187430468693,-0.060079021284067835
templo,9.741285571197068,9.801441569503499,-0.06015599830643126
existente,9.560734667092431,9.620979977021518,-0.06024530992908694
agregar,9.853431556730962,9.913688465877366,-0.06025690914640336
do,10.01112029840565,10.071386852154689,-0.06026655374903811
euros anual,9.815981909017014,9.876310582705546,-0.060328673688532675
identifico,10.00772533019056,10.068127241633166,-0.06040191144260554
domestico,9.81476409863707,9.875178872260848,-0.06041477362377812
dato personal,9.892175960816758,9.952717786199564,-0.06054182538280628
minero,10.010797866984301,10.071348946220057,-0.06055107923575598
ceoe cepyme,9.922302391123312,9.982887424890142,-0.060585033766830776
marlaska,9.57838500410473,9.639199462807227,-0.06081445870249702
insulto,9.105413964643697,9.16627137596645,-0.06085741132275224
exigirar,9.961088515454353,10.022154270928825,-0.06106575547447157
proyectar,9.671565441393803,9.732671230637461,-0.06110578924365839
desoir,9.907400406499624,9.968515716079139,-0.06111530957951494
portar,9.741085221447719,9.8022824832452,-0.06119726179748142
pensión,8.477950932981523,8.539193399756098,-0.06124246677457457
mostrar dispuesto,9.883605564294195,9.9449000074975,-0.06129444320330535
delito desorden,9.93397341925054,9.995299711975962,-0.061326292725421894
conllevar,9.59331143180838,9.654650870767787,-0.061339438959407744
instituto armado,10.005631825859327,10.067007630437915,-0.0613758045785886
ideologica,9.645109274001525,9.706584006487105,-0.06147473248558022
propuesta,7.305267154517749,7.366824471497578,-0.06155731697982869
elegir,8.401789117526889,8.46334661236596,-0.06155749483907158
placa,9.542204243349715,9.603840329449614,-0.06163608609989879
espetar,9.734963833642642,9.79666845484729,-0.06170462120464926
brigada politico,9.61449982900714,9.676280680413349,-0.06178085140620837
exalcaldesa,9.354652416294378,9.416440982288723,-0.06178856599434468
proposito,9.597116030122171,9.658919218459062,-0.06180318833689036
falsedad documental,9.525478751954306,9.5872880468776,-0.06180929492329312
implicado,9.263347854029119,9.32522928709944,-0.06188143307032057
budo,9.99639205327358,10.05835562845037,-0.06196357517679019
meritxell budo,9.99639205327358,10.05835562845037,-0.06196357517679019
implicacion,9.49986137801319,9.561861145550251,-0.0619997675370616
novedad,9.76650379077604,9.828510498760087,-0.06200670798404673
muestra,9.459666099641296,9.521676231994999,-0.06201013235370212
veterano,9.939576655078833,10.001616700824428,-0.06204004574559541
barcelona comu,9.588662453568984,9.650714407396181,-0.06205195382719708
centro estudio,9.986736890239593,10.048810534888682,-0.06207364464908949
negociacion,7.990724774909465,8.05291445872982,-0.06218968382035506
badalona,9.411244369204875,9.473453164943459,-0.0622087957385844
equiparacion,9.775871458208096,9.838126518039326,-0.06225505983123014
recta,9.661877988286621,9.724135618835984,-0.06225763054936273
escucha,9.512855854580156,9.575195825475845,-0.06233997089568888
dignidad,9.294521568259597,9.356872755052136,-0.06235118679253837
diez ano,9.38276195231919,9.445184084784966,-0.06242213246577677
radio,9.36999027432249,9.432475467346979,-0.062485193024489405
lector,9.976979332376217,10.03947024718006,-0.062490914803841946
arremete,9.46248948430912,9.525071896556872,-0.0625824122477514
relator,9.767556951357163,9.830148693326318,-0.06259174196915573
imputado caso,9.84431248444076,9.906974023894717,-0.06266153945395736
num hospital,10.077202639321593,10.13997586687279,-0.06277322755119741
administración publica,9.85176490558889,9.914633878122581,-0.06286897253369084
mariscal,9.875940646558416,9.938811803539577,-0.06287115698116175
protagonizar,8.91583524306635,8.978820818914178,-0.06298557584782749
fundador,9.117269996098543,9.180276207886422,-0.06300621178787935
ciudad barcelona,10.014686006401812,10.077719888613588,-0.06303388221177642
pedir disculpa,9.64209939967412,9.705274900689387,-0.0631755010152677
encontro,9.997231182175538,10.060456495059524,-0.06322531288398636
trimestre num,9.805377670219633,9.868629547454448,-0.06325187723481562
carmen,9.01916154853693,9.082414538922011,-0.06325299038508092
izquierda abertzale,9.836641939866007,9.899899199955138,-0.0632572600891308
sepultura,10.022614447652103,10.08593494106778,-0.06332049341567725
lugo,9.938744709604071,10.00209925270629,-0.06335454310221955
previamente,9.319737473281812,9.38314859498431,-0.0634111217024973
aspirar,8.938131073634745,9.00158668890562,-0.0634556152708754
proyecto legislativo,9.963864191762784,10.027339306821247,-0.0634751150584627
puignero,9.929788577075321,9.993268101505038,-0.0634795244297166
dominguez,9.72803673915477,9.79164798529225,-0.06361124613748004
pedir gobierno,9.417157051164882,9.480795458228878,-0.06363840706399593
opinion publicar,10.05232495844508,10.116123065366965,-0.06379810692188492
temor,9.593463320172559,9.657428603641256,-0.06396528346869701
participo,9.381817018649468,9.445788949378542,-0.0639719307290747
entrevista sexto,9.829211203461933,9.893230294407768,-0.0640190909458358
congreso,6.792599487026261,6.856649150177179,-0.06404966315091798
misión,9.8903605166534,9.954428157660308,-0.06406764100690765
matar,9.490157305788339,9.554275850437781,-0.06411854464944255
verso,9.994539329802699,10.058659225623257,-0.06411989582055888
maximos,9.96024022182298,10.024421473557032,-0.06418125173405187
esfuerzo,8.932555419340709,8.99675899126763,-0.06420357192692094
armar,10.086173684546393,10.150437094833533,-0.06426341028713978
victima dictadura,9.809984408645205,9.874252629455166,-0.06426822080996075
permitiriar,9.924111836336998,9.98843816945228,-0.06432633311528235
dedicar,8.928173022243001,8.992549835833078,-0.06437681359007641
saez,10.008642661528384,10.073062901431017,-0.06442023990263301
dormir,9.739638029104466,9.804136723360635,-0.06449869425616939
falsificar,10.025808844177607,10.09034266477345,-0.06453382059584278
jefe seguridad,10.005243162630094,10.069806195794193,-0.06456303316409873
logico,9.643786602133646,9.708407528177487,-0.0646209260438404
ley medida,9.836952180471965,9.901664851692932,-0.06471267122096691
error,8.658300423636748,8.723094948140133,-0.06479452450338563
presidente generalitat,8.756126106196843,8.820967732491257,-0.06484162629441315
autoria,9.928440127347196,9.993657653137925,-0.06521752579072881
num cumplir,9.994812385302685,10.060035099040975,-0.06522271373829014
incapacidad,9.803497259029191,9.868723994947828,-0.06522673591863715
sector critico,9.976830022038587,10.042099343028472,-0.06526932098988425
mediador,9.88935756752374,9.954681236173473,-0.06532366864973227
mordida,9.910173355851096,9.975497957504064,-0.06532460165296783
proclamar,9.473174344390058,9.53854492003243,-0.06537057564237259
operacion policial,9.963176535939548,10.028553666629714,-0.06537713069016604
junta castilla,9.55917593480966,9.6245609729304,-0.06538503812073948
camino,8.77117719724915,8.836574300937333,-0.06539710368818241
decision tomado,9.754443630149982,9.82001653681266,-0.06557290666267868
facultad,9.702034532698779,9.767896424546459,-0.0658618918476801
formar grupo,10.009561815234425,10.075474341425505,-0.06591252619107912
pnv pse,9.984786392442476,10.050823519662444,-0.06603712721996757
omision deber,10.001288043995533,10.067363177522152,-0.06607513352661876
suficiente,8.570501193199242,8.636683154969225,-0.06618196176998303
autentico,9.681399718951027,9.74758564095584,-0.06618592200481288
apologia,9.596988888481384,9.663219020373722,-0.06623013189233795
vacante,9.89278544485907,9.959049089674798,-0.06626364481572722
popular congreso,9.65417057235243,9.720631522533703,-0.0664609501812734
convertir,8.253378955180843,8.319846629766708,-0.06646767458586567
calidad,8.823312550680546,8.889781040733624,-0.06646849005307764
contradicción,9.542047251262737,9.608601707224555,-0.06655445596181764
democrata,9.372040667788449,9.43864553093468,-0.06660486314623171
instalacion,9.809451417258552,9.876203743659188,-0.06675232640063555
recientemente,9.475791389522927,9.542549543235232,-0.0667581537123052
elisa,9.999669225269567,10.06655021695142,-0.06688099168185246
información,8.848467191282031,8.915357017185245,-0.06688982590321402
acogerar,9.980311236158848,10.047225556523296,-0.06691432036444844
reconocer,7.978392369495775,8.045322856793467,-0.06693048729769213
recabar,9.618689389223572,9.685629927666058,-0.06694053844248593
region,8.453121254171279,8.520084970585158,-0.06696371641387877
gobierno num,9.589498802004652,9.656469554374212,-0.06697075236955996
medica,9.915860767919291,9.982866892789934,-0.06700612487064284
virtual,9.971369646169558,10.038558991430696,-0.06718934526113785
huelga hambre,9.910120984775812,9.977400008583654,-0.06727902380784201
favorable,9.067719659327535,9.135066085956584,-0.0673464266290491
tienda,9.9324328511473,9.99983316623388,-0.06740031508658006
arropar,9.760063132145222,9.82748430860011,-0.06742117645488754
victima franquismo,9.433761339265017,9.501193383906063,-0.06743204464104657
corregir,9.578713038636561,9.646185983750708,-0.06747294511414736
imprescindible,9.149286395761404,9.216789650497116,-0.06750325473571195
podra,9.66864925832391,9.736178203499387,-0.0675289451754768
remoto,10.002061492861385,10.069720767057081,-0.06765927419569628
mes,7.11935503822713,7.187090725907493,-0.0677356876803632
fallecer num,9.956049188301616,10.023849073000711,-0.06779988469909526
acaparar,9.929849907679213,9.997674724459158,-0.0678248167799449
proceso soberanista,9.96920209037682,10.037076325093528,-0.06787423471670806
ensenanza,9.534334029052244,9.602306805588436,-0.06797277653619105
despuar,9.224480731926143,9.292499986868219,-0.06801925494207595
citar num,9.930251262313359,9.998296300412406,-0.06804503809904716
actualidad politico,9.872734531325877,9.940801140581222,-0.0680666092553448
estimar recurso,9.663522973349815,9.731633766656525,-0.06811079330671
murcia,8.812454819408712,8.88067274764912,-0.06821792824040784
centro coordinacion,9.97097866216336,10.039220698654471,-0.06824203649111205
nacional manuel,9.786404451616436,9.85465733162362,-0.06825288000718466
habria,9.486253098639787,9.554597869673238,-0.06834477103345016
castigado,10.013321583867155,10.081681288708271,-0.0683597048411162
num profesional,10.021561040795513,10.089932356381325,-0.06837131558581255
pronosticar,9.404816585887605,9.473189355303912,-0.06837276941630677
proxima,8.158091426196737,8.226522098222448,-0.06843067202571085
cerro,9.687740957094803,9.756238115619732,-0.06849715852492899
coruno,9.886175391892145,9.954696036252983,-0.06852064436083793
marcar,8.799745507443006,8.868271051761623,-0.06852554431861613
propuesta unidas,9.996883257468268,10.06551475644258,-0.06863149897431242
igualar,10.06935217650094,10.137985313046084,-0.06863313654514336
demostro,10.038658960290226,10.107331274830862,-0.06867231454063649
apagar,9.96885259605578,10.037680471092486,-0.06882787503670507
elección abril,9.943011875928788,10.011845730792254,-0.06883385486346683
dispuesto,8.747763945981978,8.81660905752657,-0.06884511154459183
construir,8.939255697987337,9.008283394553429,-0.06902769656609209
supresion,9.723970743132734,9.793057186114625,-0.0690864429818916
corte suministro,9.9077316746911,9.976819936768047,-0.06908826207694752
ministro justicia,9.330956829548192,9.400114612498376,-0.06915778295018349
argumentar,8.795196975844084,8.864360987019431,-0.06916401117534754
negar,7.913698115245713,7.982935631320021,-0.06923751607430795
partido independentista,9.145418751932892,9.214678465676057,-0.06925971374316475
gobierno mostrar,9.793014622601797,9.862299333197692,-0.0692847105958947
afiliado,8.934262858787376,9.003590818646638,-0.06932795985926177
mezcla,10.056184162281268,10.125553521268477,-0.06936935898720975
individuo,9.831314981840203,9.90079974196859,-0.06948476012838789
medalla,9.387571344646398,9.457099446847515,-0.06952810220111694
mantener abierto,9.88578090361977,9.955316082875514,-0.0695351792557446
linea investigacion,9.926780898683777,9.996386610439336,-0.06960571175555863
medida proteccion,9.92104707096393,9.990670942162808,-0.06962387119887836
canciller,9.839035335488902,9.908793236823797,-0.06975790133489568
lluvia,9.913719605633041,9.98350774291784,-0.06978813728479949
voz,8.641658643114123,8.71144847133096,-0.06978982821683744
internacional mujer,9.974377696369304,10.04420826943639,-0.06983057306708673
capitulo,9.752043685886894,9.821911528322092,-0.0698678424351975
bloque izquierda,9.935127563936877,10.005048368457112,-0.06992080452023508
fusilar num,9.9524603592513,10.022455600407612,-0.06999524115631317
mortal,9.731516643239955,9.801540497888135,-0.07002385464818062
ingreso prision,9.859301362184135,9.929339510929182,-0.07003814874504677
expr,9.802718091276542,9.872780747671756,-0.07006265639521381
unilateralmente,9.95205060307443,10.022118763044052,-0.07006815996962246
cadiz,9.11393348508306,9.18403417648044,-0.07010069139738029
psoe mostrar,9.943834587764517,10.01403611130932,-0.07020152354480302
encerrado,9.86340112257239,9.933617495528432,-0.07021637295604322
bruto,9.961825659621669,10.032059227488334,-0.07023356786666568
millar,9.812492914303855,9.882730654371214,-0.07023774006735906
elección municipal,8.877109555345534,8.947425693382707,-0.07031613803717285
voluntad,8.749417412085064,8.819788217262168,-0.07037080517710415
gestor,9.911189012222549,9.981622055065436,-0.07043304284288787
andreu,9.70308953754897,9.773568674802814,-0.07047913725384447
solitario,9.095074979974413,9.165571064824146,-0.07049608484973291
num voto,8.17832899602919,8.248838140265388,-0.07050914423619759
numero persona,9.88317660699985,9.953686596246806,-0.07050998924695584
raiz denuncia,9.866154335963603,9.936701600971187,-0.07054726500758335
pegar,9.902119929326815,9.972753750117203,-0.0706338207903876
revision,9.589006682996772,9.65968117501371,-0.07067449201693776
acto campana,9.611940212788577,9.682665117560857,-0.07072490477228044
respetar,8.806134141618934,8.876862414719497,-0.0707282731005634
guerrilla,10.020789744272845,10.091539564324838,-0.0707498200519936
enrique,8.758744339420454,8.829701587500695,-0.07095724808024073
senalar,7.64509632871593,7.716076578131505,-0.0709802494155749
derribar,9.945200171281005,10.016235814451294,-0.07103564317028876
ciclo,9.390145065700107,9.461235910317054,-0.07109084461694692
lesion,9.96205352538758,10.03328009009881,-0.07122656471123001
minimizar,9.848356405102216,9.919660002859434,-0.07130359775721828
ensalzar,9.74395805552332,9.8152741563338,-0.07131610081047945
planificacion,9.921893398124633,9.993214540452035,-0.0713211423274025
civico,9.832528282677584,9.903888456430657,-0.07136017375307269
confirmar publico,9.935367607375666,10.006791994676746,-0.07142438730108047
instrumental,9.907417298957592,9.978857450507784,-0.0714401515501919
carino,9.900201367974446,9.971818466811186,-0.0716170988367395
delito grave,10.039211254018864,10.110835036902513,-0.07162378288364835
compuesto,9.791385893912498,9.863202819712752,-0.07181692580025434
juntar,10.023273429354559,10.095106977091195,-0.0718335477366363
potente,9.758782008055013,9.830621442995735,-0.07183943494072231
fundacion,8.514494744217949,8.586350222059352,-0.07185547784140311
detalle,8.911655892074421,8.983583945063542,-0.07192805298912042
num asegurar,9.862763952553266,9.93472745776983,-0.07196350521656392
decision judicial,9.944173291669825,10.016149885606737,-0.07197659393691147
mesa parlament,9.68528517936408,9.75726384873009,-0.07197866936601116
habitacional,9.938810556385597,10.010857311516965,-0.07204675513136749
antonio gonzalez,9.831418384124465,9.9035423837043,-0.07212399957983529
comin,9.38575299061149,9.457925287413056,-0.07217229680156656
portavoz ciudadano,9.559346003492402,9.631541744189382,-0.07219574069697998
injustificado,9.934532823415761,10.006757339847617,-0.07222451643185579
discoteca,10.012848487759115,10.085083131622904,-0.07223464386378886
vivienda,8.030691065434286,8.10299085504732,-0.07229978961303374
informado,9.521090889198007,9.59339117305878,-0.07230028386077336
gobierno municipal,9.359318968825896,9.431629866700954,-0.07231089787505773
limpiar,10.009968057863302,10.082405981253284,-0.07243792338998212
autorizado,9.69923624038884,9.77169316789397,-0.07245692750512944
suspendar,9.890284449729453,9.96283129048296,-0.07254684075350681
culminar,9.534218952830118,9.606824931891591,-0.07260597906147304
caza,9.657784792407988,9.730420747633021,-0.0726359552250333
cirugia,10.023641223137972,10.096312006218024,-0.07267078308005281
resolver recurso,9.853861858225953,9.92654346106872,-0.07268160284276703
reforzado,9.78674288827215,9.859434485956914,-0.07269159768476463
guardar silencio,9.826761155280208,9.89946077360766,-0.07269961832745153
afirmar gobierno,9.81555800714076,9.888338515823813,-0.07278050868305286
madrugada,9.759332937180732,9.832123395007013,-0.07279045782628124
frente,7.443496528885473,7.51637439769253,-0.07287786880705749
directamente,9.045488080331385,9.118412636423669,-0.07292455609228377
paliar,9.67879507586792,9.751760620459875,-0.0729655445919537
jardin,10.084120917008693,10.157129283942748,-0.07300836693405444
destacar,8.00239399787992,8.075488152319583,-0.07309415443966216
candidato junta,9.904992225822388,9.9781169091745,-0.07312468335211086
colon,9.413677092860251,9.48694569079251,-0.07326859793225893
num mil,9.564973554786139,9.638290541455781,-0.07331698666964215
intención,9.45007195752101,9.523555834400417,-0.07348387687940772
catedratico,9.696883573394908,9.77041783097861,-0.07353425758370236
remitir carta,9.97515221245684,10.048686676010316,-0.07353446355347693
revista,9.69716594731289,9.770743743488234,-0.07357779617534455
africa,9.890409199454758,9.964060317321017,-0.07365111786625889
acusacion particular,9.806703764858996,9.880393816223128,-0.07369005136413165
estancia,9.801552141789504,9.875246743176502,-0.07369460138699857
cualquiera caso,9.821498043721022,9.895210191247408,-0.07371214752638622
valle,8.826295680736349,8.90005001728412,-0.0737543365477702
num centro,10.05603553794703,10.129808040429113,-0.07377250248208256
organico,9.11293223884702,9.18675339756349,-0.07382115871646988
politico catalunya,9.687770824222747,9.761623912324476,-0.0738530881017283
carcel num,9.923052833781831,9.996934749077635,-0.07388191529580368
bajar,8.873756773002878,8.94766474584624,-0.07390797284336159
trav red,9.623177320982009,9.69709441896576,-0.07391709798375068
efectividad,10.08459437072317,10.15851776361056,-0.07392339288738903
venta num,9.87575800942606,9.949759073853725,-0.07400106442766585
humor,9.98327028743956,10.057285347013847,-0.07401505957428789
rodriguez,7.955955317333266,8.030052589353536,-0.07409727202027039
expresamente,9.608661554959216,9.682781085966372,-0.07411953100715607
evitar cualquiera,9.804252152577885,9.878410220567465,-0.0741580679895808
convocar pleno,9.794237857464038,9.86841413479903,-0.07417627733499188
desmantelamiento,9.997323677068692,10.071502859325484,-0.07417918225679188
jugar,9.053784888963103,9.128064867087668,-0.0742799781245651
recorte,9.07775545515213,9.152076344205648,-0.07432088905351897
rostro,9.793784527594768,9.868190424378897,-0.07440589678412834
sumariar,9.776109444760625,9.850606194391636,-0.07449674963101138
vida politico,9.744373913520194,9.818945082306469,-0.07457116878627446
tarjeta,9.213989759320093,9.288582256642638,-0.07459249732254492
razón,9.103478633562498,9.178112541977757,-0.07463390841525985
elegir num,10.032603538122212,10.107272953921195,-0.0746694157989829
restauracion,9.901345679331502,9.976079807214125,-0.07473412788262301
norteamericano,9.895501398050094,9.970312671074092,-0.07481127302399848
legalidad,9.080097989490598,9.154949184575965,-0.0748511950853672
ejecutivo espanol,9.894825176512104,9.96969853616328,-0.07487335965117659
costado,10.03037353804426,10.105304672417132,-0.07493113437287136
inmuebl,9.843689871012481,9.918649484928894,-0.07495961391641259
preocupar,9.222999151602618,9.298113407217386,-0.0751142556147677
cedio,9.99103053299741,10.066221313777238,-0.07519078077982755
propaganda,9.30286170485211,9.378119609683575,-0.07525790483146544
amenazar,8.976717629907037,9.05205451586717,-0.075336885960132
contenedor,9.944883707080571,10.020246610753665,-0.07536290367309384
jefe,8.044754495200365,8.120232677015036,-0.07547818181467036
llamamiento,9.330904970469387,9.406390128467843,-0.07548515799845568
formar,7.9815371783087095,8.057155896562112,-0.07561871825340205
bolsonaro,9.889850245428375,9.96550259039389,-0.07565234496551376
negociar,8.147091200950884,8.222810411173828,-0.07571921022294426
espacio,8.064297805518455,8.14002713138907,-0.07572932587061487
deposito,9.834192290439855,9.910000267844941,-0.07580797740508594
relativo,9.241722659521074,9.317562674567814,-0.0758400150467402
num abstención,9.664826299521334,9.74080429042468,-0.07597799090334689
obtendriar num,9.571874367360955,9.648114534561712,-0.07624016720075666
acreditar,9.342798268555791,9.419068317788613,-0.07627004923282144
tamano,9.845736749073383,9.922402955917345,-0.07666620684396186
instituto derecho,9.925281653023989,10.00202077071537,-0.07673911769138186
anulo,9.949182062478206,10.026003706965065,-0.07682164448685924
epidemiologo,10.076131262116329,10.153059285557248,-0.07692802344091909
omision,9.848728998891294,9.925662639529603,-0.07693364063830899
realidad,8.694223657645223,8.771174229631322,-0.07695057198609945
guerrillero,9.956564492680569,10.033525778252075,-0.07696128557150672
torno,8.633046481121706,8.71006371143868,-0.07701723031697405
manos,8.752963155573347,8.829995701408532,-0.07703254583518415
ira,9.4250469481872,9.50216022749102,-0.07711327930381984
plan estrategico,9.960299695736664,10.037431950069356,-0.07713225433269244
sucedio,9.778253105041331,9.855430084205171,-0.07717697916383948
reactivacion,9.653624275117842,9.730828733687295,-0.07720445856945268
permitido,9.9030646156575,9.980294058758014,-0.0772294431005136
companero,8.884145747559236,8.961395886771339,-0.07725013921210255
infeccioso,10.039171860774584,10.11652645013251,-0.07735458935792572
regimen electoral,9.931750778071848,10.009267249881281,-0.07751647180943344
derecho honor,9.792817477161337,9.870367240713378,-0.07754976355204057
destruir,9.621222633154547,9.698828660007175,-0.07760602685262796
asociación juez,9.93830835783973,10.016023497863742,-0.07771514002401148
presentar escrito,9.633335783506453,9.71108587250329,-0.07775008899683655
ensena,9.893455183287632,9.971342732463853,-0.07788754917622143
directriz,9.719911806260999,9.79783584240462,-0.07792403614362087
afirmación,9.697441995871031,9.775387609593205,-0.07794561372217323
medida urgente,9.75876497510165,9.83675394584184,-0.07798897074018996
navarrir,9.964047850769152,10.042084059535474,-0.07803620876632245
tomar palabra,9.950745932522903,10.028826085360471,-0.0780801528375683
desempleo,9.501572584082762,9.57966176849059,-0.07808918440782797
num contrato,9.924546263765542,10.002667160448947,-0.07812089668340505
probabilidad,9.994082531603539,10.072217127554847,-0.07813459595130823
db,9.973284546128268,10.051434579936481,-0.07815003380821395
num db,9.973284546128268,10.051434579936481,-0.07815003380821395
caminar,9.841305190721863,9.919606856161405,-0.07830166543954142
veinte,9.63684179218402,9.715192951000027,-0.07835115881600707
simbologia,9.81550486363354,9.893871607617564,-0.07836674398402366
acabar,7.959191819941668,8.037688829476714,-0.07849700953504612
án,9.930530433216187,10.009066315131385,-0.07853588191519734
disolucion,9.590201018723512,9.668756305872224,-0.07855528714871163
votante,8.65571006843025,8.734288446582278,-0.07857837815202728
ligeramente,9.88984687989514,9.96843924114018,-0.07859236124503965
telefonica,9.8485207996336,9.927139198221873,-0.07861839858827224
comenzar,8.478253991640573,8.556895918364587,-0.07864192672401416
crucial,9.689016732971362,9.767690065302043,-0.07867333233068052
forestal,9.89429481082069,9.972973166439054,-0.078678355618365
cometido,9.264138318643019,9.34287210635521,-0.07873378771219208
suscribir,9.792260176078491,9.871006113018744,-0.078745936940253
miembro mesa,9.894160654189196,9.972930785716754,-0.0787701315275573
sede,8.529027368276873,8.607798908539271,-0.07877154026239808
san francisco,10.105262921827002,10.184119770775764,-0.07885684894876199
subida num,9.823289508145066,9.90218093518417,-0.07889142703910323
marroqui,9.39809579989833,9.477026136335672,-0.07893033643734171
jurado,9.640718038999744,9.719807330861801,-0.07908929186205782
ningun,8.044146271465076,8.123273550121963,-0.07912727865688751
alianza,8.36053118590779,8.439686623570989,-0.07915543766319821
audiencia madrid,9.887255932353336,9.966544438428937,-0.079288506075601
ajeno,9.661093080245928,9.740600957438195,-0.07950787719226682
pregunta parlamentario,9.883369369050046,9.962883546092927,-0.07951417704288133
trimestre,9.606417211231562,9.685935937765027,-0.0795187265334647
piedra,9.782739729871778,9.862286470811807,-0.07954674094002812
tran,9.574823796591135,9.654448686049328,-0.07962488945819324
exconcejal,9.68386492056506,9.763607411141313,-0.07974249057625293
ministra politica,9.821065293009555,9.90080918646182,-0.07974389345226562
euros mes,9.725477335333627,9.805270494753172,-0.07979315941954468
americo,9.960919739558483,10.040714736076518,-0.07979499651803579
bombero,9.878896662466913,9.958704201481558,-0.0798075390146451
socialista maria,9.921207022355583,10.001065885800955,-0.07985886344537185
presentar propuesta,9.552933291141574,9.632793326810885,-0.0798600356693111
reflexion,9.482671301685935,9.562545911279374,-0.07987460959343906
permitirio,9.802629461582772,9.88260282029544,-0.0799733587126692
icono,9.917648380789293,9.99763465826678,-0.07998627747748621
guino,9.59303779928119,9.67304926640435,-0.08001146712316043
nacional salud,9.776184284330167,9.856200821888816,-0.08001653755864879
exjefe,9.335458088376589,9.415610886698628,-0.08015279832203959
autonomico num,9.897003800486447,9.97717856248197,-0.08017476199552398
asignado,9.813507891907621,9.893773807972579,-0.08026591606495792
abandono,9.473940003604762,9.55425542803,-0.08031542442523865
palma mallorca,9.834572633141777,9.915058159792686,-0.08048552665090902
plazo ano,10.066761452998332,10.147293009136934,-0.08053155613860241
conformado,9.75021615851569,9.830807803955526,-0.08059164543983677
difundido,9.505347126551964,9.585973586056609,-0.08062645950464464
diputado num,9.705781491695651,9.786521521605728,-0.08074002991007667
morir num,10.018487124436701,10.099227198623824,-0.0807400741871227
terapia,9.956759788041074,10.03752750869916,-0.0807677206580859
correspondiente,9.530623007910501,9.611392491222057,-0.0807694833115562
trastorno,9.999835547177595,10.080644113038888,-0.08080856586129315
cantidad,8.989280819539948,9.07011964382046,-0.08083882428051226
desarrollo,8.89534952379907,8.976204135027189,-0.08085461122811921
online,9.91095285235313,9.992049365464602,-0.08109651311147204
propuesta gobierno,9.760012906101737,9.841418221148022,-0.08140531504628434
observatorio,9.76698067926167,9.848440114569035,-0.08145943530736588
libre,8.790415189460543,8.87198214906471,-0.08156695960416727
arnaldo,9.628246932458403,9.709856322081608,-0.08160938962320508
vista puesto,9.867233695746165,9.948862332061989,-0.0816286363158234
sabado acto,9.924736716676216,10.006398887527494,-0.0816621708512777
industrial,9.785057652822891,9.866825000934861,-0.0817673481119705
gonzalez pacheco,9.918234563240135,10.000090689285736,-0.08185612604560077
valencia,8.302713830033353,8.384638701157785,-0.08192487112443203
centir,10.000875141153475,10.082859318669264,-0.08198417751578901
num centir,10.000875141153475,10.082859318669264,-0.08198417751578901
saharauis,9.909340316723663,9.991458302302464,-0.08211798557880101
sanidad asegurar,9.927475538138177,10.009627082325315,-0.08215154418713766
comparecencia ministro,9.814755079925247,9.896908505611451,-0.08215342568620443
consensuado,9.78166288240625,9.863873203023408,-0.0822103206171576
interlocucion,9.911339745265245,9.993728405000052,-0.08238865973480713
seguidor,9.650958255039741,9.733459084229358,-0.0825008291896161
presentar congreso,9.964947516530108,10.047453423526724,-0.08250590699661586
repetirar,9.856931825255186,9.93944740396435,-0.08251557870916315
afeo,9.94231048671163,10.024865936327869,-0.08255544961623862
antifranquista,9.910997371344513,9.993554409947365,-0.08255703860285202
sobrepasar,10.056297064257157,10.139010112114674,-0.0827130478575171
emprender,9.751186456970135,9.833911892794488,-0.08272543582435254
portavoz partido,9.197136155141955,9.279957013334627,-0.08282085819267238
colgar,9.721103298806314,9.80406364251797,-0.08296034371165639
irregular,8.91031472826803,8.99328174530074,-0.08296701703270948
deberio,8.962682774991002,9.045727780895586,-0.08304500590458375
festejo,9.895395453768947,9.978448905594819,-0.08305345182587232
colombiano,9.617873372625134,9.700944012129362,-0.08307063950422844
negro,9.247888092288145,9.330994614350647,-0.08310652206250246
presidenta comision,9.779273524048985,9.862527607917885,-0.08325408386889954
diseno,9.562062636606349,9.645345323274055,-0.08328268666770633
grecia,9.997186514595255,10.080472120223323,-0.08328560562806864
bateria medida,9.948160583339929,10.031478666086718,-0.0833180827467892
nivel nacional,9.687592741976758,9.770920509578536,-0.08332776760177829
autonomica municipal,9.522868535472323,9.60621753324241,-0.08334899777008609
garcia castano,9.552722595116563,9.636096386591086,-0.08337379147452317
explotacion,9.758927274761596,9.842370399811552,-0.08344312504995521
seguro,9.008867929137905,9.092334698735948,-0.08346676959804356
independientemente,9.949833016214443,10.033409006809993,-0.08357599059555021
proxima semana,9.000889268757287,9.084550941573388,-0.08366167281610082
variar,9.96930408372882,10.052980205048508,-0.08367612131968727
subir num,9.84947870507502,9.933211404400772,-0.08373269932575234
perito,9.77986828180931,9.863629670961672,-0.08376138915236098
julio num,9.31778291027484,9.40165757366996,-0.08387466339511995
cincuenta,10.027189144307235,10.11107887874868,-0.08388973444144554
instrumentalizacion,9.83195160473721,9.91590681680663,-0.08395521206942114
republico,9.528504883481492,9.612461718112362,-0.08395683463086989
admitir tramite,9.45246762405201,9.536496504817196,-0.08402888076518522
castilla,8.229845995607212,8.31388952532457,-0.0840435297173574
liberacion,9.769193086196601,9.85325627919708,-0.08406319300047826
estepona,9.973851478442873,10.057954215866292,-0.08410273742341978
partido elección,9.918186567843392,10.00230785408586,-0.08412128624246762
brecha salarial,9.920907779525935,10.005030021407569,-0.08412224188163364
ministerial,9.74461149398522,9.828735734754654,-0.08412424076943381
sesion,8.246725062374201,8.33095483536383,-0.08422977298962842
campana elección,9.846758456809493,9.931027779336038,-0.08426932252654495
judicializacion,9.8928774982192,9.977155926474222,-0.08427842825502196
oscilar,9.971394561738904,10.055719146632576,-0.08432458489367178
richard,10.073793457142603,10.158202424508652,-0.08440896736604842
sabadell,10.001081380014261,10.085558625614164,-0.08447724559990277
coordinacion,9.040417020315976,9.124897864209382,-0.08448084389340593
verguenza,9.460722919204162,9.545293180112349,-0.08457026090818687
politica social,9.498510490627952,9.583097282846103,-0.08458679221815046
pelota,9.756727442858997,9.841332269270008,-0.0846048264110113
polemico norma,9.948356424082359,10.033013209096387,-0.08465678501402785
pp seguir,9.816172569388433,9.90086975447933,-0.08469718509089752
castilla leon,8.314177796173308,8.398897346562714,-0.0847195503894067
historica,9.6490535113744,9.733780819940462,-0.08472730856606248
caso coronavirus,9.936329608099825,10.02110904067293,-0.0847794325731055
regreso,9.439012278576827,9.523811163003714,-0.08479888442688654
acelerar,9.476132158034057,9.560984589082292,-0.08485243104823503
procesamiento,9.585536821991179,9.6703901312502,-0.0848533092590209
ordinario,9.494954127343407,9.579839144021221,-0.08488501667781456
bloque conservador,9.978885904965443,10.063849314535041,-0.08496340956959791
comite,8.45833306516202,8.543306056771534,-0.08497299160951499
relacion,8.134934554483966,8.219918784570512,-0.08498423008654576
arrancar num,9.916965588817288,10.001954267353026,-0.08498867853573877
esposo,10.039112288861212,10.124119582881448,-0.08500729402023666
estrago,10.038729879175156,10.123841695304192,-0.08511181612903584
pp asegurar,9.133039215699728,9.218212881109265,-0.08517366540953653
encargar,9.096620725939044,9.18189630555995,-0.08527557962090704
calificar,8.270947165345392,8.356236850622572,-0.08528968527718028
considerar medida,9.87108338406968,9.956448125704444,-0.08536474163476448
casacion,9.71563763499099,9.801045263698928,-0.08540762870793728
hermana,9.324223299835861,9.409670274249509,-0.08544697441364768
castillalar,9.847669771171423,9.933189267530024,-0.08551949635860012
sindicato policial,9.900762009129787,9.986391392407755,-0.08562938327796843
ajustar,9.528836555643577,9.614488430164402,-0.08565187452082412
pronunciado,9.889861909925717,9.975561109375526,-0.08569919944980953
santa cruz,9.864573365819133,9.950343573766105,-0.08577020794697177
torturador,9.793101447765544,9.878916052717445,-0.08581460495190107
arquitecto,9.782464996808795,9.868311605909483,-0.0858466091006882
reaccionario,9.799595060054068,9.885451425684291,-0.0858563656302227
debate parlamentario,9.805829943376372,9.891721168892749,-0.08589122551637729
andalucia,7.2491981333456845,7.335093283211204,-0.08589514986551983
eduardo indo,9.817181678024497,9.903148653485847,-0.0859669754613499
sumar,7.829290529698558,7.9154193250290765,-0.08612879533051832
posponer,9.673974808719965,9.760191066647032,-0.08621625792706666
aires,9.874246403731124,9.96053106828388,-0.08628466455275507
podiar,9.276557278102699,9.362915776551358,-0.08635849844865895
presidente parlament,9.403859187697346,9.490436861062031,-0.08657767336468503
haciar,9.949535505525748,10.036122871306251,-0.08658736578050252
moscu,9.905310546853366,9.992062089651464,-0.0867515427980976
pese,7.929605489491063,8.016512727283455,-0.08690723779239207
persona num,9.81258677998933,9.89955294675068,-0.08696616676134994
fallecido num,9.968247338684565,10.055240331388308,-0.08699299270374361
carga policial,9.827794556251394,9.914809898222932,-0.08701534197153826
plan,7.750554753268122,7.837572560107894,-0.08701780683977223
ano venir,9.727168922292027,9.81423246378305,-0.08706354149102324
cepyme,9.897527027674958,9.984595286453093,-0.08706825877813529
sufrimiento,9.858075758698465,9.94532027531021,-0.08724451661174548
dictamen,9.356056160369036,9.443384058629736,-0.08732789826069975
chile,9.639028253361431,9.72638490629708,-0.08735665293564843
andaluz,7.700507599455285,7.787881175739222,-0.0873735762839365
contemplar,8.634317145119645,8.721701751709993,-0.08738460659034786
resaltar,9.503991927037815,9.591377334515599,-0.08738540747778423
pelea,9.531291035507353,9.618720995696824,-0.08742996018947125
alcaldesa madrid,9.552832521790497,9.640274616785732,-0.08744209499523414
gubernamental,9.71408280499121,9.801557631133216,-0.08747482614200663
penado,9.949923076462111,10.037427921466481,-0.08750484500436961
actualizacion,9.698854052875564,9.786424008466676,-0.08756995559111225
protestar,9.227154030537458,9.314763758978719,-0.08760972844126158
acudir,8.262267615684207,8.349897645235785,-0.08763002955157795
formo,9.956566007501795,10.044200993337542,-0.0876349858357468
adelantar elección,9.697809668360742,9.785513555578312,-0.08770388721756994
policia local,9.570127370336182,9.657853627440037,-0.08772625710385462
preguntado,9.794470536501821,9.882214207407717,-0.08774367090589585
nieta,10.023675462138753,10.111434351632639,-0.08775888949388566
campana electoral,8.549110514496219,8.636883320141145,-0.08777280564492607
descolgar,9.997119784848111,10.084896834368179,-0.08777704952006715
susana diaz,9.89175583577381,9.979605079349236,-0.08784924357542678
estipular,10.006266282025633,10.094148032350553,-0.08788175032491985
causa investigar,9.953021558222138,10.041009407542083,-0.08798784931994419
facturacion,9.924796506317895,10.012826079992879,-0.08802957367498365
cobro,9.275101690451459,9.363148454979317,-0.0880467645278582
recepcion,9.950380259605675,10.038484493335229,-0.08810423372955434
democracia,8.249104173919866,8.33736585287057,-0.08826167895070469
legitimo,9.725078947657396,9.813383799037231,-0.08830485137983501
descartar,8.209145319095047,8.297587999093297,-0.08844267999825028
ingeniero,10.025328005354654,10.114127426990823,-0.08879942163616938
recuperacion memoria,9.620359806965315,9.7092238763785,-0.08886406941318548
apelar,8.888909154215035,8.977886449150585,-0.08897729493554962
reforma codigo,9.42771562363892,9.516732819327467,-0.08901719568854816
num cifra,9.998162577468095,10.08727492283934,-0.08911234537124457
detectado,9.888572192519717,9.977696881257138,-0.08912468873742085
forma telematico,9.881388109521023,9.970535598565911,-0.08914748904488867
dirigir,8.357622413345704,8.44680802742912,-0.08918561408341574
machista,8.816274934629797,8.905485233866077,-0.08921029923627977
percibir,9.570351276752762,9.659586724244189,-0.08923544749142742
exjuez,9.725650027860565,9.8148993588067,-0.08924933094613507
relacionar,9.756516153308148,9.845833501768166,-0.0893173484600176
papa,9.556765458189782,9.646110849413649,-0.08934539122386731
presupuestaria,9.784536756104151,9.873996024931403,-0.08945926882725175
ap num,9.931962121480312,10.021424229821575,-0.08946210834126234
aprobacion definitivo,9.935747138327821,10.02526169057099,-0.08951455224316796
votar,7.670519791655698,7.760185042472724,-0.08966525081702592
primar,9.885036062807417,9.97480173962072,-0.08976567681330216
vicesecretaria socialista,9.929752830570324,10.019667810698792,-0.08991498012846755
bancario,9.448198261947313,9.53820944773617,-0.0900111857888568
todavio,9.133277180937727,9.2235025607317,-0.0902253797939725
informativo,9.11361059811255,9.203863414298677,-0.09025281618612802
resultado,7.869065858645943,7.959370989993779,-0.09030513134783646
jurisdiccion,9.885176300562943,9.975538356254882,-0.09036205569193889
formacion profesional,9.815864547497428,9.906353385710831,-0.09048883821340326
tarragona,9.634189095156021,9.724685443535508,-0.09049634837948695
foco,8.902012426504536,8.992541816537011,-0.09052939003247573
minimo,8.56105752663141,8.651590491265788,-0.09053296463437732
marrueco,9.851048791138542,9.941598212801054,-0.09054942166251223
investigacion abierto,9.933419653422714,10.024046863843454,-0.09062721042073996
inestabilidad,9.685441046557123,9.776158310719833,-0.0907172641627092
joven num,9.790871705839521,9.881685229142347,-0.09081352330282577
aprobo num,9.840420536350518,9.931448311305461,-0.0910277749549433
censo electoral,9.944639949673263,10.035747062929232,-0.0911071132559691
billy,9.811458132332122,9.902580901844505,-0.09112276951238307
politica,7.269958350802876,7.361085473826066,-0.09112712302319004
tildar,9.48398829086508,9.575216866829786,-0.09122857596470624
compar,9.915601716862616,10.006837740258872,-0.09123602339625592
medicina,9.74796144527613,9.839361699545522,-0.09140025426939147
federico,9.912958974943018,10.004513047815283,-0.09155407287226502
abordarar,9.743418836980782,9.835046486368107,-0.09162764938732515
proposición,9.816097313928385,9.907819126849212,-0.09172181292082726
marruecos,9.14908489172785,9.240822217612168,-0.09173732588431704
estable,9.449158430644594,9.540991061872543,-0.09183263122794827
entidad financiero,9.72835988100988,9.820205933251252,-0.09184605224137243
inaceptable,9.625807200930108,9.71765505716084,-0.0918478562307321
expulsion,9.271392369781783,9.3632686873965,-0.0918763176147177
firmar,8.58596671918859,8.677956944404523,-0.09199022521593214
delegación,9.727091270548641,9.819196895148817,-0.09210562460017613
alcala,9.787235702805877,9.879407048408721,-0.09217134560284457
mantendran,9.920952120741566,10.013139638378187,-0.0921875176366207
electoral num,9.105217776824034,9.197418513599851,-0.0922007367758173
capturar,10.017796532066233,10.110020358816735,-0.09222382675050156
recibir num,9.623821566924368,9.716055121776796,-0.09223355485242735
garcia castellon,9.320912385298714,9.413152312327794,-0.09223992702908035
tratar medida,9.97421073313328,10.066475370593134,-0.09226463745985392
vivo,9.199572886646376,9.291944086900362,-0.09237120025398582
johnson,9.965167413620968,10.057551977491416,-0.09238456387044813
publico pedir,9.78195625608671,9.874388830558988,-0.09243257447227826
defensa republica,9.897236997845615,9.989674873330987,-0.09243787548537163
atajar,9.773974382556517,9.866417471303256,-0.09244308874673912
procesar,9.510666794709705,9.603110761870884,-0.09244396716117897
paralelamente,9.950433992760363,10.04289692224955,-0.09246292948918722
segoviano,9.87357554664759,9.966149567914819,-0.0925740212672288
pleno,7.588544130634773,7.6811542733182705,-0.09261014268349754
magdalena,9.880744275748889,9.97338509097882,-0.09264081522993095
proyecto politico,9.664759922834524,9.757476997786435,-0.09271707495191173
sector,8.133774264437138,8.226590719994647,-0.09281645555750906
alerto,9.814667666717783,9.9075617363252,-0.09289406960741609
narcotrafico,9.91732364565324,10.010273096026808,-0.09294945037356683
hospitalizado,10.007596150065897,10.10059077182307,-0.09299462175717288
juventud,9.623990793970494,9.7169883683992,-0.09299757442870593
herida,9.617646419055957,9.710655073771951,-0.09300865471599451
bolivia,9.975262036479183,10.068295376956259,-0.09303334047707601
obligo,10.057537069053447,10.150575547062843,-0.09303847800939558
ocasionar,10.021479018905367,10.11452856245828,-0.0930495435529135
sentencia alto,9.952214854408156,10.045325672833327,-0.09311081842517055
acercamiento preso,9.843962356058308,9.937089444460153,-0.09312708840184492
tendran,9.708095516467308,9.801234941536865,-0.09313942506955719
moderado,9.294107941187024,9.38729078084911,-0.09318283966208618
coruna,9.277396235659449,9.370590680542335,-0.09319444488288653
aterrizar,10.00867218452477,10.101895548264487,-0.09322336373971751
ts,9.68343267458342,9.776738344304537,-0.09330566972111676
voto frente,9.849952620829306,9.943262581266476,-0.09330996043716944
contratado,9.820528188515361,9.913895470955925,-0.09336728244056403
israeli,9.81201754413681,9.905426836013193,-0.0934092918763838
olimpico,9.864470414843893,9.957933009628379,-0.09346259478448538
num capital,9.973501551480336,10.066983726103212,-0.093482174622876
facilitar,8.611018060562063,8.704605201030029,-0.09358714046796557
otorgo,10.001784221238804,10.095429511190245,-0.09364528995144106
consideracion,9.593958875350966,9.687643856045705,-0.0936849806947393
represalia,9.922994313120181,10.016724606936387,-0.0937302938162059
supervisar,10.040869643878555,10.134675835253692,-0.0938061913751369
secretaria partido,9.846533589738824,9.94036064195394,-0.09382705221511678
llegada,8.801130941940297,8.89502040289318,-0.09388946095288375
pretension,9.881906400425661,9.9758923979163,-0.0939859974906394
galicia comun,9.95014297485982,10.044159109706392,-0.0940161348465729
reforma legislativo,9.889323456375841,9.983344906730999,-0.0940214503551573
gobierno regional,9.181831561472022,9.275859057755635,-0.09402749628361384
manifestacion num,9.933311128060849,10.02741486597835,-0.09410373791750182
parada,9.910073916599119,10.004182213181242,-0.09410829658212272
raquel sanchez,9.756137690472034,9.85035864229789,-0.09422095182585544
dificil,8.764874552620034,8.859142441292077,-0.09426788867204294
voto,7.101084849333798,7.195354180291966,-0.09426933095816814
demoscopico,9.711882366178912,9.806175944512662,-0.0942935783337493
corporación,9.870337478970141,9.964658944177598,-0.09432146520745732
adulto,9.690798870835266,9.785177853288213,-0.0943789824529464
brutal,9.795975459103857,9.890463099469457,-0.09448764036559965
casa,8.141488847282154,8.23601138528305,-0.09452253800089494
ratio,9.971463939629759,10.066010164182865,-0.09454622455310613
vox mantener,9.987833734293442,10.08238023270442,-0.09454649841097762
mil num,10.022570098525549,10.11712012720373,-0.09455002867818152
guia,9.70619518662936,9.800763434356593,-0.09456824772723316
advirtio,9.515101846344736,9.609724408490703,-0.09462256214596643
apuesta,8.84119793899639,8.93586115927275,-0.09466322027636132
aborto,9.010023868745336,9.104714716199771,-0.09469084745443546
opacidad,9.85271102746015,9.947403690486324,-0.09469266302617285
alcalde jo,9.944208111379211,10.038934813930892,-0.09472670255168048
futbolista,9.875677573433673,9.97048722915941,-0.09480965572573652
ucrania,8.965829603461966,9.060697442489023,-0.09486783902705653
josep borrell,9.885963753878135,9.980866212500391,-0.09490245862225599
presidente grupo,9.612049849923192,9.707119744775145,-0.09506989485195305
sesgo,9.973435797638944,10.06862259851208,-0.09518680087313669
animal,9.119426674968768,9.214744508431798,-0.0953178334630298
consejo gobierno,9.452354932235307,9.547714167206518,-0.09535923497121068
voto favor,8.843855173443497,8.939220820594214,-0.09536564715071627
institución europeo,9.813507020266083,9.908889893965753,-0.0953828736996698
vertedero,9.898691608008551,9.994184641244422,-0.09549303323587033
sortear,9.800027097456777,9.89556766443833,-0.095540566981553
rechazar propuesta,9.568049101877815,9.663592239144018,-0.095543137266203
recurso amparo,9.610936396924556,9.70654262412099,-0.09560622719643419
num numero,9.89388620259095,9.9896753006372,-0.09578909804625013
union europeo,9.485943679487802,9.581896261930547,-0.09595258244274518
politica territorial,9.518462842829296,9.614456694813738,-0.0959938519844421
facilitado,9.945947920988575,10.04201110735261,-0.09606318636403621
llarena,9.916564779616063,10.012629991335844,-0.09606521171978066
asegurar tratar,9.768925234809297,9.865028174114407,-0.09610293930511027
pesquisa,9.70235185663056,9.798657835256712,-0.09630597862615176
alcalde ciudad,9.752224915595297,9.848539366509904,-0.09631445091460655
nacional internacional,9.999607962205841,10.096022148386254,-0.09641418618041264
agrario,9.964564694969507,10.061061224551198,-0.09649652958169064
efecto secundario,9.998096865342795,10.094617265564915,-0.09652040022212027
destruccion,9.692772709930216,9.78935308374075,-0.09658037381053397
vocal,8.992369138758793,9.088996125326,-0.09662698656720714
desobedecer,9.949105649480936,10.045784184044171,-0.09667853456323527
multilateral,10.05583620178626,10.152583932869769,-0.09674773108350898
cerdena,9.938302659552752,10.035106384725509,-0.09680372517275693
enfermedad infeccioso,10.070231943642414,10.167058591829479,-0.09682664818706499
diez mes,9.80227497528269,9.899116114997629,-0.0968411397149378
inicio pandemia,9.893619032249411,9.990546000650895,-0.0969269684014833
centenario,9.95630606942651,10.053239487191545,-0.09693341776503495
estariar,9.441545277755608,9.538488718316701,-0.09694344056109294
num equipo,10.093498987760048,10.19050309422421,-0.09700410646416202
periodo num,9.906592829780328,10.003616616375764,-0.09702378659543598
maquinaria,9.959825052651025,10.056995448545807,-0.09717039589478205
colaborar,9.31086838930338,9.408054253659241,-0.09718586435586118
venganza,9.803954686206197,9.901312700313555,-0.09735801410735867
andaluza,9.413147128959665,9.510805379475974,-0.09765825051630905
credito num,10.001165509715355,10.099032703251543,-0.09786719353618878
nota,9.106875142896891,9.204877073968687,-0.09800193107179567
complicar,9.485272005094632,9.58328560636141,-0.09801360126677672
ojo,9.264976102295597,9.363022713673487,-0.09804661137789061
nacional partido,9.37702246957213,9.475174163150399,-0.09815169357826825
adquirido,9.729857481455907,9.828044058483384,-0.09818657702747657
contaminado,10.02922850562294,10.127515354196772,-0.09828684857383152
num puesto,9.762969485812526,9.861376992869232,-0.09840750705670587
rastreo,9.959039711572464,10.057489667922002,-0.09844995634953868
publico desvelar,9.871540338584813,9.970024431585834,-0.09848409300102112
inauguracion,9.75772845456536,9.856225569662916,-0.09849711509755643
director ejecutivo,10.052730478286403,10.151367463064704,-0.09863698477830063
entregar,8.842104058530753,8.94080998358047,-0.09870592504971754
sangre,9.723321955811235,9.82213790327649,-0.0988159474652548
mercado laboral,9.937057481298044,10.03596153030842,-0.09890404901037542
filial,9.880173299207968,9.979130514583726,-0.09895721537575852
gravemente,9.879187481495862,9.978155664052768,-0.09896818255690576
rueda prensa,8.717680877669535,8.816653137568917,-0.09897225989938185
viver,9.928073243057721,10.027047097576986,-0.0989738545192651
perdido confianza,9.860776898739314,9.959760230450561,-0.0989833317112474
pistola,9.963796395518782,10.062861376111108,-0.09906498059232582
estatut,9.735023385375582,9.834092937706462,-0.09906955233087977
culto,10.008558623591497,10.107647794049702,-0.09908917045820509
presentar candidatura,9.29154984301277,9.390696511397294,-0.0991466683845239
ciudadania,8.600363534278127,8.6995155267991,-0.09915199252097295
mercado,8.859453050269204,8.958651633508769,-0.09919858323956454
ministro asuntos,9.595816796009505,9.695046217287906,-0.09922942127840173
grandemarlaska,9.39298570661671,9.492226421947374,-0.09924071533066403
consuelo,9.98785643402644,10.08711906337568,-0.0992626293492389
escena,9.629264497665249,9.72853794187164,-0.09927344420639095
sublevacion,9.987247454700947,10.086530135122517,-0.09928268042157029
arbitrariedad,9.994536942194863,10.093856695384998,-0.09931975319013553
paseo,9.556488018935534,9.655860790681698,-0.09937277174616455
veintena,9.394758230292375,9.494224228148255,-0.09946599785588006
neonazi,9.734949594224593,9.83455614959331,-0.09960655536871599
asignatura,9.568246457853732,9.667878563617771,-0.09963210576403903
ministerio defensa,9.583047239511421,9.68268210355442,-0.09963486404299893
burocratico,10.01606151472605,10.115704621805769,-0.09964310707971791
justicia union,9.761567476934284,9.861266578691176,-0.099699101756892
descubrimiento,9.884506673377734,9.984206367336407,-0.09969969395867295
desplegado,9.994275443017534,10.093985099491373,-0.09970965647383956
embarazado,9.7104986177488,9.810221200006161,-0.09972258225736041
larga,9.870623452648287,9.970346949754749,-0.09972349710646178
aprobar plan,9.984189025987328,10.083991952414346,-0.09980292642701727
oltro,9.867748087753306,9.967627199392036,-0.09987911163872987
constante,9.278603434151549,9.378564615764853,-0.09996118161330436
obtencion,9.937651048729023,10.037638078040453,-0.09998702931143022
acometer,9.803521668223242,9.903582206453457,-0.1000605382302151
adquisicion,9.900278708564198,10.000458117276379,-0.10017940871218123
habitual,8.827266308136574,8.927493764709206,-0.10022745657263243
delito falsedad,9.938049352654756,10.038291085909389,-0.10024173325463259
terrestre,10.07766964090735,10.177916385106776,-0.10024674419942592
concepcion,9.576992663820226,9.67727707469128,-0.10028441087105477
turquia,9.934672412584842,10.034997166059535,-0.10032475347469294
guerra ucrania,9.437164015837888,9.537501298976306,-0.10033728313841728
ratifico,9.484181417700704,9.584640082695115,-0.10045866499441125
monumental,10.112108676034612,10.212579748616008,-0.10047107258139576
madrid,6.529180838412747,6.629742823874654,-0.10056198546190664
rocio monasterio,9.549749753564805,9.650386393532129,-0.1006366399673233
valoracion,9.452161205248208,9.552972822342397,-0.10081161709418929
destinado,8.92195665694603,9.02284959367246,-0.10089293672642974
recaudar,9.747130305007348,9.848052662899303,-0.10092235789195492
concesion,9.235895625300598,9.33696801439435,-0.10107238909375127
persona vivir,9.990315910275681,10.091492785728951,-0.10117687545326959
buscar pacto,9.869524089389085,9.970701141942511,-0.10117705255342635
hablar,7.618682751954825,7.720028566054122,-0.10134581409929666
faltar,9.136968099792261,9.238316391006002,-0.1013482912137409
ultimos diez,10.005166740704858,10.106556679370748,-0.10138993866588919
logrono,9.920654426910277,10.022051605452264,-0.10139717854198693
investigacion,7.635437173279923,7.7368645590732,-0.10142738579327659
tenia num,9.942083025728419,10.0435301853855,-0.10144715965708073
incautar,10.046201409571188,10.147833768340588,-0.10163235876940035
ultima num,10.011803419959698,10.11349737353918,-0.10169395357948297
potencial,9.670279703580569,9.771982747955676,-0.1017030443751068
personalmente,9.46467157585191,9.56638467792904,-0.10171310207713091
almeido,9.194085489375306,9.295836937179958,-0.10175144780465217
leer,9.194044789363465,9.295798646562421,-0.1017538571989558
evolucionar,9.93005219776892,10.031857699507984,-0.10180550173906511
ejecutivo,6.7377718229554295,6.839670755618231,-0.10189893266280148
ministra economia,9.648737106014423,9.750663521337668,-0.10192641532324487
modifico,9.603005637822712,9.704944011746536,-0.10193837392382399
mostro,9.617008707517035,9.71894826938642,-0.10193956186938458
ugt ccoo,9.766812946093317,9.868851190394428,-0.10203824430111119
progresista,8.169666400534371,8.271774774637759,-0.10210837410338769
vigilancia,9.403570296034003,9.50570661881465,-0.10213632278064644
lenin moreno,10.051868613460476,10.154011025236986,-0.1021424117765104
celebrar num,9.359621534645992,9.461825705470433,-0.10220417082444122
castellano,9.2581661239129,9.360460576634173,-0.10229445272127258
inaugurar,9.601416205510036,9.703740772669734,-0.10232456715969818
num lograr,9.935378211097929,10.037760542986227,-0.1023823318882986
comision permanente,9.801003343097898,9.903394533236995,-0.10239119013909637
limit,9.459869278641952,9.56250153230436,-0.10263225366240825
punto num,9.825338603082587,9.927983788133803,-0.102645185051216
incidir,9.294097438521764,9.39680399507986,-0.1027065565580969
volver,7.639933303179122,7.742656543854457,-0.10272324067533489
trama,8.439635273545253,8.542407738209763,-0.1027724646645094
hermandad,9.75707848940979,9.859897944524056,-0.10281945511426471
num declaracion,9.99376227726846,10.096640306051409,-0.10287802878294983
avanzar,8.149784539352284,8.252779782995459,-0.10299524364317492
ley mordaza,9.932737010440627,10.035815528071268,-0.10307851763064058
presion,8.852814289752402,8.955912795282646,-0.10309850553024447
mediatico,9.016631686994344,9.119801107573652,-0.10316942057930767
producir num,9.836089704258422,9.93935240389196,-0.10326269963353774
rescatar,9.771736042198,9.875033332640296,-0.10329729044229552
num volver,9.996014944593428,10.099436729025733,-0.10342178443230488
vispera,9.676675956079858,9.780110142194506,-0.10343418611464728
presidente autonomico,9.819758351952062,9.923262665378616,-0.1035043134265532
piso,9.400652777904114,9.50419203350638,-0.10353925560226607
cruzar,9.626428417544325,9.730053665461233,-0.10362524791690753
nombramiento,8.58881663098667,8.692558837096264,-0.10374220610959384
desbloqueo,9.660960084150284,9.764920856537154,-0.10396077238686985
seguir,7.268771101585706,7.37293543251374,-0.10416433092803423
amanecer,9.924251969562828,10.02845441527825,-0.1042024457154227
enfatizar,9.917352482952811,10.02172384323567,-0.1043713602828582
presentar recurso,9.330870847040535,9.435242771443768,-0.10437192440323351
metros cuadrados,10.001132072604646,10.105567307180484,-0.10443523457583836
centro educativo,9.758395328627909,9.862912899058443,-0.10451757043053433
prevencion,9.406331796049173,9.510871048319402,-0.10453925227022864
acotar,9.914813270398492,10.01936658891646,-0.10455331851796856
antidisturbios,9.887843243589044,9.992401628083647,-0.10455838449460231
ronda contacto,9.804490318686808,9.909070688816628,-0.10458037012982047
septimo,9.980050963436977,10.084649681218622,-0.10459871778164498
cifro,9.984523329604842,10.08921626144463,-0.10469293183978756
manana,8.649121209901583,8.75382621395215,-0.10470500405056704
actual direccion,9.701529148935292,9.80630340201377,-0.1047742530784781
comit defensa,9.933623415611125,10.038407374973623,-0.10478395936249818
seguridad juridico,9.86214968687948,9.966947917233197,-0.10479823035371716
iniciado,9.479287993934792,9.58413171684382,-0.10484372290902755
auditoria,9.676243417632078,9.781093384287106,-0.10484996665502777
barcenas,9.859301712504095,9.964190323405138,-0.10488861090104251
presento,8.96538488507733,9.070363385767712,-0.10497850069038073
recurrio,9.802587699787573,9.907566796158347,-0.10497909637077463
madrid denunciar,9.85048161388291,9.955741720500686,-0.10526010661777718
licencia,9.356749042991163,9.462098740988923,-0.1053496979977595
iniciar tramit,9.737628208715805,9.843012650938032,-0.10538444222222765
consulta,8.799911346308289,8.905413339448037,-0.1055019931397485
impacto,8.814731599610749,8.920247255854527,-0.10551565624377801
concurso,9.34721478731848,9.452764163937278,-0.10554937661879826
num mesa,9.924306159415748,10.029980907965271,-0.1056747485495233
función,8.052198642909984,8.157890744053992,-0.10569210114400818
grueso,9.6873532860569,9.793186667480551,-0.10583338142365051
video,8.446692149637059,8.552620288947809,-0.10592813931075007
conspiracion,9.715955664765671,9.821919983102207,-0.10596431833653597
estario,9.32259987321224,9.428719584769029,-0.10611971155678823
titulo,8.788617728572264,8.894789647440266,-0.10617191886800192
alla,9.246917515756142,9.353167417477906,-0.10624990172176396
generalitat pedir,9.852067152607145,9.958343584694857,-0.10627643208771254
gordo,9.746265312872188,9.852576339915146,-0.10631102704295792
tenia,8.830390706061506,8.936769732231788,-0.10637902617028239
destino,9.139768513154385,9.246206841579415,-0.1064383284250301
ocio nocturno,9.949706483372365,10.05623308241048,-0.10652659903811568
documento oficial,9.99031039987813,10.09685363048514,-0.1065432306070111
necesitar,8.242038308458616,8.348598639499151,-0.10656033104053542
habrar gobierno,9.882885484810267,9.989454449141153,-0.10656896433088647
contraloria,10.08414774944565,10.19071985327257,-0.10657210382692028
silencio,8.927255100468068,9.033937618388201,-0.10668251792013272
recurso inconstitucionalidad,9.90288111644382,10.009604564206436,-0.10672344776261511
recibir vacuna,10.035343315791486,10.142067741024086,-0.10672442523259917
actual alcaldesa,9.956394753407098,10.063204434206405,-0.10680968079930686
finalmente,8.610339805996187,8.717243619578962,-0.10690381358277534
busca,9.527513025936594,9.634470433489215,-0.10695740755262051
violencia sexual,9.863090312199672,9.970098977335198,-0.10700866513552576
toque queda,9.659777315374063,9.766828655292313,-0.10705133991825022
queda,9.659777315374063,9.766828655292313,-0.10705133991825022
inmune,9.99319093881532,10.100378284642487,-0.10718734582716571
sistema nacional,9.755663021923596,9.862857518922906,-0.10719449699931083
detra,9.127448136786935,9.234697350524343,-0.1072492137374077
frenar,8.62847327031849,8.735754452314962,-0.10728118199647163
cuarta,9.964139884837213,10.071507013597994,-0.10736712876078158
proyecto ley,9.014267914187707,9.121656040269134,-0.10738812608142645
tumbar,9.378144017876707,9.485577503231488,-0.1074334853547807
composicion,9.584925590495523,9.692458499405541,-0.10753290891001832
atra,9.010391510528526,9.117946877443819,-0.10755536691529244
desplazar,9.368704872355297,9.476276063222885,-0.10757119086758848
fuente,7.803179667324537,7.910790686253087,-0.10761101892854974
votar num,9.626901826916937,9.734585232982836,-0.10768340606589888
aniversario num,9.948047653359142,10.055777407152025,-0.10772975379288319
martinez almeido,9.887130500351056,9.994881563134046,-0.10775106278298985
proveniente,9.940201488012837,10.048028065738185,-0.10782657772534776
materia,8.43603030588781,8.543930392344786,-0.10790008645697569
rechazar recurso,9.617483349357272,9.72547635637503,-0.10799300701775749
programado,9.725027829490717,9.833123211436005,-0.10809538194528834
despacho,9.031801021900002,9.139927703227523,-0.10812668132752101
lgtbi,9.087063163043393,9.195209555466356,-0.10814639242296309
calcular,9.699826214763716,9.808080956383142,-0.10825474161942594
mitico,9.945560780957086,10.053819719196744,-0.10825893823965771
municipio provincia,9.940984411670838,10.049271144428388,-0.1082867327575503
camara rechazar,9.860085529715322,9.96839997467307,-0.10831444495774711
carretero,9.93634429642797,10.044786633699488,-0.10844233727151753
lanzar propuesta,9.919341375959544,10.027826487132923,-0.10848511117337978
cientifico,9.240061428278963,9.34856096866871,-0.1084995403897473
cualquiera tipo,9.687751266225368,9.796305512369393,-0.10855424614402587
num ciento,9.613510910200011,9.722133028497149,-0.10862211829713786
reyero,9.865440403226495,9.97409135080619,-0.10865094757969551
electrica,9.610791942829506,9.719549444860657,-0.10875750203115153
recorrido,9.493191274073359,9.602025859239998,-0.10883458516663858
principal,7.762925048617021,7.8717894262422154,-0.10886437762519474
infanta cristín,9.937504906396093,10.046386708800743,-0.10888180240464962
enfrentamiento,9.023298516194703,9.13218574178308,-0.10888722558837571
solucion,8.797390042858739,8.906306961622299,-0.10891691876356013
adif,9.914705088732944,10.023646137749855,-0.10894104901691115
adelanto electoral,9.14518473412187,9.25416502465751,-0.10898029053564073
centrar,8.698767383636405,8.807800330527964,-0.10903294689155985
costar num,9.860317438465659,9.969371515717091,-0.10905407725143235
presidente junta,8.757620061945893,8.866699331421188,-0.1090792694752949
acudiran,9.420248708716436,9.529386750834973,-0.10913804211853773
mancha,9.46540235087244,9.574656961506014,-0.10925461063357389
depuracion,9.943330264994183,10.052603843467121,-0.10927357847293884
izquierdo,9.408525908123428,9.517819071132855,-0.10929316300942737
ingl,9.639470412381684,9.748855533038421,-0.10938512065673756
controlado,9.748912990449325,9.85849462526316,-0.10958163481383565
insultar,9.657179039957231,9.76677057388935,-0.10959153393211807
abogar,9.174170987852948,9.283772923078896,-0.10960193522594786
investigar caso,9.684400556144153,9.794026263755946,-0.10962570761179258
entrarar,9.915629367600008,10.025271308396436,-0.1096419407964273
extincion,9.903284079693988,10.012953150004297,-0.10966907031030892
cesar,9.102270570592069,9.21198052129337,-0.1097099507013013
suscrito,9.95965138469649,10.069518378674463,-0.10986699397797217
favor,7.863858214342712,7.97373686703215,-0.10987865268943775
cesion,9.58276669170517,9.692696314961214,-0.10992962325604339
reivindicar,8.782215424782589,8.89227556887004,-0.11006014408745202
num muerte,9.794585459589522,9.90466582542216,-0.1100803658326388
camar,9.137865131489406,9.247983940322241,-0.11011880883283531
fotografiar,9.93215030282573,10.042271139511588,-0.11012083668585682
ayuntamiento capital,9.570978248885568,9.68113389699481,-0.11015564810924161
gerente,9.500092316761922,9.610282715768447,-0.11019039900652494
rol,9.70813825715071,9.81838753018574,-0.11024927303503063
constitutivo,9.714885507331834,9.8251361754346,-0.11025066810276662
encausado,9.8613971287555,9.971677685955393,-0.11028055719989283
contencioso,9.65092560694946,9.761224008009501,-0.11029840106004052
connivencia,9.779181681334375,9.889544359364315,-0.11036267802994004
mostrado,9.804655454664744,9.915051265582663,-0.11039581091791995
aportacion,9.883883564217413,9.994387379830298,-0.11050381561288525
desvelar,8.905879403944358,9.01648292162941,-0.1106035176850515
bienestar,9.263864269021239,9.374619620159416,-0.11075535113817736
difundir,9.29982492988213,9.410592833254192,-0.11076790337206255
marcha atra,9.961747644951467,10.07251996960116,-0.11077232464969278
presentar martes,9.996513553548574,10.107290509072463,-0.11077695552388889
alcalde,7.756171993759809,7.8670697615774445,-0.11089776781763572
manifestar,8.69017664113065,8.801116079044489,-0.11093943791383865
proximidad,9.970003007636016,10.081085459148868,-0.11108245151285168
retribución,9.897208540817234,10.008344883114393,-0.11113634229715963
causado,9.598013034738985,9.709151070760468,-0.11113803602148309
absolucion,9.575204850373554,9.686354626526064,-0.11114977615251043
derecho publico,9.815617704174523,9.926777329993778,-0.11115962581925487
motor,9.827394186345034,9.938565382240775,-0.11117119589574109
activacion,9.867264623641018,9.978478873014108,-0.11121424937308966
urna,8.775209975871858,8.886529757060341,-0.11131978118848274
gasolina,9.932421503221574,10.043864427732657,-0.11144292451108306
hincapie,9.680888846262878,9.792346599207209,-0.11145775294433058
seno,9.142031018363703,9.253646628765125,-0.11161561040142232
andalucismo,9.93256569777183,10.044189944159534,-0.11162424638770396
indicio suficiente,9.832203454035085,9.943839834475858,-0.11163638044077295
resulto,9.980901004162751,10.092654409822073,-0.11175340565932146
extremadura,9.179654968021893,9.291425946132389,-0.11177097811049563
abogada,9.383080843142704,9.494947473240536,-0.1118666300978326
unidad central,9.72057180375494,9.832442672318514,-0.11187086856357453
recibiran,9.705126619306535,9.81709092215272,-0.11196430284618586
cotidiano,9.966560513482323,10.07854698320688,-0.11198646972455784
psoe asegurar,9.877854949228677,9.989851516336392,-0.111996567107715
irresponsable,9.806798081436131,9.9188749873566,-0.11207690592046937
igualmente,9.80188833210806,9.913969703754201,-0.11208137164614129
razonable,9.351675374496534,9.463758195947328,-0.11208282145079451
navidena,9.905425212321191,10.017525439911633,-0.11210022759044236
derecho decidir,9.954391346418705,10.066585871471522,-0.1121945250528178
aportar,8.839319993650525,8.951550345090752,-0.11223035144022653
resto territorio,9.904396877149068,10.016713560484042,-0.11231668333497424
chofer,9.80239076570784,9.914717992373703,-0.11232722666586348
infectado,9.844316270558283,9.956650209040234,-0.11233393848195128
mayoria,7.613171773447029,7.725573304824755,-0.11240153137772602
amistad,9.574439435820352,9.686871652386824,-0.11243221656647151
pago num,9.838527758666446,9.950977437102738,-0.11244967843629183
simon,9.994168308971197,10.106635259776123,-0.11246695080492586
intervencion,8.381839065669809,8.494371299875692,-0.11253223420588299
londres,9.686581014548205,9.799115076118877,-0.11253406157067225
recien,9.535066816977952,9.647610695287755,-0.11254387830980228
introducir,9.087261476090431,9.199867715942494,-0.11260623985206308
región,9.364508510862644,9.477271765253628,-0.112763254390984
sentado,9.741404462678096,9.854197983566362,-0.11279352088826577
cuadrados,9.993631727399558,10.106540322579352,-0.11290859517979435
pedir medida,9.89402939959747,10.007212603596095,-0.11318320399862536
puerta,8.231320608358754,8.344519984385515,-0.11319937602676156
marquez,9.853758268567171,9.966981051363978,-0.11322278279680731
disturbio,9.770291071062712,9.883520612751685,-0.11322954168897326
publico num,9.872137386926333,9.985392579839813,-0.11325519291347952
cuarto,8.809736828882466,8.923000921738018,-0.11326409285555172
num firma,9.98790570377739,10.10119453574483,-0.11328883196743966
previsiblemente,8.97455620468359,9.087861109008792,-0.1133049043252008
dosis vacuna,9.898279255553975,10.011681157262322,-0.11340190170834674
peru,9.76447020699092,9.877878336846466,-0.11340812985554649
prestado,9.994000229324659,10.10741836766471,-0.11341813834005166
ecologico,9.3824062559043,9.495880347769088,-0.11347409186478785
papa francisco,9.981035780225964,10.094674335620539,-0.11363855539457468
cargo,7.4468582325018735,7.560499715894793,-0.1136414833929198
electoral,7.104471178262173,7.218128976836374,-0.11365779857420044
dinero,8.249201342740772,8.36288835889084,-0.11368701615006849
oculto,9.395531530811857,9.50924968147433,-0.11371815066247315
cohecho blanqueo,9.90765611851807,10.021378766450605,-0.11372264793253528
vicepresidenta ministra,9.514050881049673,9.627835613887097,-0.11378473283742352
información falso,9.97187772239682,10.085681077494467,-0.11380335509764627
funcionar,9.069106078094583,9.182930389970725,-0.11382431187614195
tasa,9.222393805242818,9.336243046726677,-0.11384924148385878
adoptado,9.430304315836949,9.544157019133333,-0.1138527032963843
instar,8.330308871485624,8.444210611975427,-0.11390174048980306
argentina,9.412756157174796,9.526831261561055,-0.11407510438625934
fuente juridica,9.757612700349318,9.871766330570765,-0.11415363022144653
formación politica,9.363350458127176,9.477652788865425,-0.11430233073824958
representado,9.70590054010677,9.820257055036066,-0.11435651492929644
coalición,9.917760434780618,10.032128856727708,-0.11436842194708952
disminucion,9.944160554044348,10.058545622953048,-0.1143850689086996
control,8.030051145469857,8.144438960378436,-0.11438781490857863
regidor,9.359724841824216,9.474167964346798,-0.11444312252258193
grado,8.998528346031643,9.112994112412593,-0.11446576638095074
reconsiderar,9.760283534341799,9.874760429594266,-0.11447689525246751
despejar,9.79675701761948,9.911291114304062,-0.11453409668458114
charla,9.586783350951626,9.701323686681327,-0.11454033572970168
preciso,9.461167248445003,9.575720252620187,-0.11455300417518366
asistirar,9.424869736461837,9.539477887966978,-0.11460815150514136
sentir,8.821047895502588,8.93569766798912,-0.11464977248653163
mordaza,9.869680952121897,9.984334011685323,-0.11465305956342675
vida num,9.980568718639844,10.095245712531272,-0.11467699389142716
vox andalucia,9.695567028441927,9.810383956301479,-0.11481692785955211
acusar,7.510335531393151,7.625205289122474,-0.11486975772932251
pequeno,9.146953581807164,9.261945980993927,-0.11499239918676274
podrio,8.055500175673009,8.17060936159309,-0.11510918592008146
comisión parlamentario,9.899655991018824,10.01481029290674,-0.11515430188791598
ano elección,9.941171580308653,10.056417856798822,-0.1152462764901685
blanqueo capital,9.325810661557579,9.441187842970232,-0.11537718141265252
parlamentario,7.295921704608753,7.411311184900649,-0.11538948029189644
lobby,9.440011880075598,9.555423539854527,-0.11541165977892831
barrera,9.831940917186397,9.947437048337626,-0.11549613115122881
vigencia,9.640544782688444,9.756090045859322,-0.11554526317087799
agresor,9.528853523810367,9.64440717186612,-0.1155536480557533
coacción,9.597236687198288,9.712794370562634,-0.11555768336434546
tacha,9.721985299959519,9.837598586776645,-0.11561328681712624
subcomision,9.710631941914073,9.82627208798465,-0.11564014607057693
independentismo,8.709397743454526,8.825050886988429,-0.11565314353390299
tejido,9.846025658408989,9.961718856021468,-0.11569319761247954
gobierno considerar,9.49726531729136,9.613041019200088,-0.11577570190872777
toma,8.984542530613536,9.100327403083442,-0.11578487246990576
coordinar,9.430961816251504,9.54674822939328,-0.11578641314177673
plastico,9.884160452279058,9.999966990370831,-0.11580653809177299
aludir,9.659559347350603,9.775391189464548,-0.11583184211394482
comunidad num,9.781106806615574,9.896966870950918,-0.1158600643353438
respuesta,8.062482272320564,8.178365335989538,-0.11588306366897427
mierco,9.903993252451224,10.019905664890961,-0.11591241243973727
regulador,9.83887024603948,9.954811449017905,-0.11594120297842458
record,9.501056306413567,9.61701292586986,-0.1159566194562931
pedir presidente,9.605705901083374,9.721680616773412,-0.11597471569003837
variante,9.961092018424408,10.077066776388039,-0.11597475796363099
excepcional,9.492607781744141,9.608662001086604,-0.11605421934246252
memorial,9.772340875104845,9.888454504856641,-0.11611362975179595
minuto,8.501118839271069,8.61738686233125,-0.11626802306018114
valero,9.67531181382341,9.791657536990858,-0.11634572316744851
obviar,9.598701509285087,9.715062723328423,-0.11636121404333544
convivencia,9.192084268130271,9.308487044893125,-0.11640277676285393
arco,9.58812827040882,9.704547098043136,-0.1164188276343161
estrategico,9.104498413364897,9.220932247230182,-0.11643383386528505
sanitaria,10.013681188755976,10.130145929647039,-0.11646474089106285
isidro,9.78598022825673,9.902598249711742,-0.11661802145501277
ejecutivo catalan,9.731581104617606,9.84821742086657,-0.11663631624896453
partido comunista,9.81877101366664,9.935414861104757,-0.11664384743811773
aplazar,9.397632670980826,9.514374288070403,-0.11674161708957698
relevancia,9.316356920536178,9.433099365258629,-0.11674244472245121
bandera espana,9.825644728074716,9.94238791212453,-0.11674318404981499
puesta libertad,9.919327097577268,10.036142986986158,-0.11681588940889043
empresa municipal,9.797195673994606,9.914025081356533,-0.11682940736192649
completo,9.104200115086892,9.221038395768273,-0.11683828068138169
seguido,9.321829794182493,9.438686218613729,-0.11685642443123534
estrasburgo,9.528268616234723,9.64513259554582,-0.1168639793110966
constitucional,7.952118199429677,8.069013058859934,-0.11689485943025701
escrito acusacion,9.838261806515716,9.95520505224273,-0.11694324572701476
soberania,9.680872020354503,9.797849129019806,-0.11697710866530286
tramo,9.734699695194237,9.85176147914864,-0.11706178395440325
ofrecimiento,9.849275829130768,9.966383891774196,-0.11710806264342821
secuestrar,9.8424198719774,9.959546719749552,-0.11712684777215188
concreto,8.727484487951626,8.84461477056454,-0.11713028261291392
regional num,9.970419348136087,10.087677167281457,-0.11725781914537059
sesenta,9.998948571364995,10.116274122155346,-0.11732555079035123
pasar,7.643872942244489,7.761235743332559,-0.11736280108807051
camara alto,9.128459379014854,9.245946919564226,-0.11748754054937116
expreso,9.771921230312097,9.88941751940931,-0.11749628909721288
desembarco,9.96875234771952,10.086273979864815,-0.1175216321452961
caro,10.057601250241467,10.175195094138088,-0.11759384389662131
crisis coronavirus,9.713837107435252,9.831485970492103,-0.11764886305685174
suplicatorio,9.936561015400175,10.054211806748881,-0.11765079134870682
examante,9.845567547481203,9.963222980437308,-0.1176554329561057
andalucia num,9.774269575715754,9.891961382661918,-0.11769180694616388
abascal,8.103789108564074,8.221564329286947,-0.11777522072287283
discriminatorio,9.881695126968301,9.999566949654287,-0.11787182268598606
orr,9.97779233754751,10.09572656511684,-0.1179342275693287
odio,8.725060940328573,8.842998696014002,-0.11793775568542841
diario,8.612683812854726,8.730622434529772,-0.1179386216750462
incidente,9.141508787085787,9.25954850193109,-0.11803971484530251
alta,9.640139961962124,9.758216683881512,-0.11807672191938856
categoria,9.768669724071898,9.886874172090263,-0.11820444801836416
pena prision,9.72727687788758,9.845582785774411,-0.11830590788683182
quedar visto,9.861386794522133,9.979731770430261,-0.11834497590812809
asunto interno,9.548433593703367,9.666803065638417,-0.11836947193505054
mes octubre,9.785074736407633,9.903472460374743,-0.11839772396711012
transicion ecologica,9.699989146855959,9.818645094969053,-0.11865594811309421
ecologica,9.699989146855959,9.818645094969053,-0.11865594811309421
comicio autonomico,9.805751997760705,9.9245065546192,-0.11875455685849445
profesora,9.653787711282117,9.772614507213754,-0.11882679593163736
original,9.762591200997726,9.88142520805253,-0.1188340070548044
decimo,9.852839967494804,9.971791224163434,-0.11895125666863038
isabel,7.932231264148427,8.051221642497865,-0.11899037834943726
encuentro,7.940496369592801,8.05950235048299,-0.1190059808901891
violencia machista,9.087576071379493,9.206773171268162,-0.11919709988866956
viejo,9.413317948129688,9.532538526128524,-0.11922057799883667
falange,9.676900079051043,9.796314805079618,-0.11941472602857495
sed,9.690588200090085,9.810025689773951,-0.11943748968386636
notorio,9.984973296211356,10.104490467373921,-0.1195171711625651
negativo,9.22451303175327,9.344045866282444,-0.11953283452917418
precaucion,9.982427128159793,10.102118679042237,-0.11969155088244321
cunado,9.70942794432838,9.829171916206914,-0.11974397187853292
proximos ano,9.443025226764458,9.562784242204325,-0.11975901543986645
encuentro celebrar,9.851240398435694,9.9710315331789,-0.11979113474320613
medicamento,9.74298626661886,9.863044569675777,-0.12005830305691667
sobrevivir,9.83203410737566,9.952126525182866,-0.12009241780720536
autonomia,8.575772536924102,8.695871636850654,-0.1200990999265521
ruta,9.021126528782773,9.14132489720686,-0.12019836842408793
ultra,8.687688607318101,8.807901438644116,-0.12021283132601468
comparecencia,8.376994471104947,8.497208386293327,-0.12021391518837987
portal,9.549164921388043,9.669408437573177,-0.12024351618513407
acta,8.771708095609547,8.89198260210832,-0.12027450649877203
congresista,9.984725939816153,10.105008258815667,-0.12028231899951436
elección ano,9.954907841308994,10.075327673532048,-0.12041983222305319
asociado,9.609376839803602,9.729800719556138,-0.12042387975253632
selectivo,9.948217742794832,10.06864182633539,-0.12042408354055922
salon,9.817006425339788,9.937497511711696,-0.1204910863719082
conforme,9.62197245329448,9.742544720288835,-0.12057226699435475
lezo,9.776627429691453,9.897289216991872,-0.12066178730041877
golpear,9.779595127152362,9.900296158467604,-0.12070103131524235
transito,9.82123292157298,9.942127288303926,-0.12089436673094589
vicepresidencia derechos,9.928547650466193,10.049479911236881,-0.12093226077068842
prorrogar,9.233936719566989,9.354942292406491,-0.1210055728395023
comportar,9.859689456314847,9.980729645887381,-0.12104018957253437
sumir,9.466387199483048,9.587449355417048,-0.12106215593400016
cualificado,9.87052498691826,9.991595644408816,-0.12107065749055579
alto numero,9.899721813165806,10.0208474711111,-0.12112565794529395
algun,8.95934258652263,9.080473595656583,-0.12113100913395236
notable,9.909329182182319,10.030487259810055,-0.12115807762773656
tezano,9.795249063825844,9.916435092626823,-0.12118602880097917
administrar,9.876316054465537,9.99752516532661,-0.12120911086107355
mapa,9.5674161394821,9.688650868863931,-0.12123472938183077
juez audiencia,9.483943459109277,9.605214930661502,-0.12127147155222495
aceptable,9.877894692400965,9.99924896638343,-0.12135427398246534
examen,9.602953509453807,9.724342613738079,-0.12138910428427252
liquidez,9.975993523650875,10.09744434723514,-0.12145082358426507
depositar,9.619133803812597,9.740585817440627,-0.12145201362802993
maximo,8.348875953923953,8.47037413123078,-0.12149817730682777
obligación,9.706176542060945,9.827723782851242,-0.12154724079029755
modificacion ley,9.752035920279313,9.873610486747864,-0.12157456646855103
disciplinario,9.545262784325727,9.66684046587938,-0.1215776815536529
corredor,9.92359915291755,10.04528709010307,-0.12168793718551996
catolico,9.355907194163112,9.477686355780456,-0.12177916161734359
taller,10.049966711113226,10.171786058685289,-0.12181934757206214
epidemiologico,9.955551658075008,10.077482777098648,-0.12193111902364073
cobro num,9.958856264148595,10.080789175305517,-0.12193291115692162
millón ano,9.859941494357125,9.981950798089018,-0.12200930373189323
chileno,9.90899414153907,10.031074629846339,-0.12208048830726881
bebes,10.032280195203878,10.154370977174693,-0.12209078197081524
recordar,7.855400320708974,7.97755387626789,-0.12215355555891527
crear,8.497386171585777,8.6195822846571,-0.12219611307132361
euros mensual,9.844560926364656,9.966795095952033,-0.12223416958737765
querella,8.618755529082216,8.740991102121564,-0.1222355730393474
secundar,9.869543006069811,9.99181753455399,-0.12227452848417819
comisión ilegal,9.904502952438868,10.026815982268667,-0.12231302982979919
constatar,9.200662248896386,9.323161782799476,-0.1224995339030901
instancias,9.950192298291064,10.072891939715976,-0.12269964142491219
ciudadana,9.789650405209605,9.912350319948517,-0.12269991473891295
transporte,8.561791509121718,8.684517766996855,-0.12272625787513647
barajas,9.901382156956606,10.02416745273236,-0.12278529577575448
cantabrio,9.671293858170419,9.794240570954825,-0.12294671278440639
calor,9.782624213441636,9.905581822655117,-0.12295760921348098
sentencia juicio,9.813785823126336,9.936916982563332,-0.12313115943699593
incitacion,9.89686625769722,10.020062059409609,-0.12319580171238975
posibilidad,8.103705567453106,8.226937592080045,-0.1232320246269385
disponible,9.54578659604088,9.669104948461015,-0.12331835242013511
alcohol,10.034854537417278,10.158185548055839,-0.12333101063856056
enrique ruiz,9.853622522429541,9.976966922876004,-0.123344400446463
cargo electo,9.938644278179652,10.061999943500242,-0.12335566532058984
ocultar,9.053227724257306,9.176601393832598,-0.12337366957529206
aereo,9.71959311025802,9.843001912639998,-0.12340880238197904
museo,9.783243233180956,9.906672841148055,-0.12342960796709868
contexto,9.075956219652907,9.199388295830998,-0.12343207617809071
lanzar,8.448477372161387,8.572089142112276,-0.12361176995088918
vetar,9.253110217891484,9.376754507159058,-0.12364428926757398
delito homicidio,9.984174808292517,10.107870121639667,-0.12369531334715056
convocatoria electoral,9.608915841273447,9.732628060166443,-0.12371221889299555
incremento num,9.904833222403555,10.02860607986323,-0.12377285745967548
lider independentista,9.272366204438486,9.396176343064685,-0.12381013862619916
empresariado,9.906366217981907,10.030258324207278,-0.12389210622537128
urdangarin,9.713605337067026,9.837567984549302,-0.12396264748227637
emmanuel macron,9.916233213385937,10.040197259462873,-0.1239640460769369
estructural,9.464310970607713,9.588277215938946,-0.1239662453312338
dinero negro,9.851497368435295,9.975546749870626,-0.12404938143533073
num despu,9.816341086787057,9.940393334020154,-0.12405224723309694
silva,9.990639968051623,10.114700761502904,-0.12406079345128163
cuota,9.365314148864831,9.489487473049099,-0.12417332418426774
comision,7.424963933531941,7.549150521307502,-0.12418658777556146
universidades,9.777257641479592,9.901469052801039,-0.12421141132144697
dela,9.906839020288682,10.031102743359478,-0.12426372307079525
centro dela,9.906839020288682,10.031102743359478,-0.12426372307079525
rebeldia,9.968801416238627,10.093067997018544,-0.12426658077991704
miembro,7.818563235079228,7.942947258394616,-0.12438402331538789
lavapies,9.916695507753605,10.041086353561175,-0.12439084580756976
inscribir,9.800142600783735,9.924569134620782,-0.12442653383704716
leon,8.200233603633777,8.324721323943072,-0.12448772030929511
consell per,9.848033999011001,9.972603905771122,-0.12456990676012047
aprobar martes,9.475301618800398,9.600063136474338,-0.1247615176739405
espinar,9.82872108939388,9.953600444393606,-0.12487935499972558
torturar,9.950841750363805,10.075768720887512,-0.12492697052370616
aragon,8.933656591836275,9.058599871110038,-0.12494327927376325
estadio,9.699547180847139,9.824516834755222,-0.12496965390808334
frente polisario,9.744658414107516,9.869706466581379,-0.12504805247386308
sufragar,9.8255487738756,9.950767721004654,-0.12521894712905457
desembolso,9.912287644711816,10.037643519272304,-0.1253558745604888
personal,8.122257606009676,8.247651487529373,-0.1253938815196971
acto num,9.62740255158222,9.752858408273703,-0.12545585669148274
investigacion num,10.008997091074349,10.134463935197367,-0.125466844123018
aprobar consejo,9.768264011768848,9.893749023242664,-0.12548501147381685
ausencia,8.966220169824473,9.091853914377474,-0.12563374455300114
senala,8.41474874342948,8.54041751891777,-0.12566877548829147
flexible,10.015701704025748,10.141419375169505,-0.12571767114375731
gobierno gallego,9.838512420808454,9.964231883347232,-0.1257194625387772
asegurar,6.695503793689101,6.821265134379407,-0.12576134069030598
fuente policial,9.971185856607999,10.096998140601528,-0.12581228399352895
afirmar entrevista,9.729046609874423,9.855221640264839,-0.12617503039041544
crecer,9.027751621418343,9.153998734867324,-0.1262471134489811
liberar,9.776792508049992,9.903045932081252,-0.12625342403126005
ley organico,9.49839464729326,9.624693939151381,-0.12629929185812117
rechazar cualquiera,9.84757999574456,9.974201347389336,-0.12662135164477561
toni,9.10199567472283,9.228624269784296,-0.12662859506146695
tribunal europeo,9.463548699789921,9.590177575957128,-0.12662887616720653
adolescente,9.785487499347605,9.912200264534212,-0.1267127651866069
camara autonomico,9.519721017578881,9.646438934158406,-0.12671791657952447
presentado,8.160071747010583,8.28703255869874,-0.1269608116881571
ortega,9.137760882199178,9.264894192655431,-0.1271333104562533
bruselas,9.677168416932046,9.804350923279477,-0.127182506347431
alimentacion,9.685089697217945,9.81232009043821,-0.1272303932202643
superficie,9.980146236134452,10.107490495334886,-0.12734425920043435
cambio nombre,9.809580495401173,9.937026210578649,-0.12744571517747616
num sesion,9.856382830962604,9.983848749597616,-0.12746591863501244
embajada,9.54475211922381,9.672251373359236,-0.12749925413542584
melisa,9.868092776218834,9.995696140777486,-0.1276033645586523
seguridad nacional,9.738649478675216,9.866269038896835,-0.12761956022161947
condena num,9.796860724585144,9.92455721694316,-0.12769649235801595
sabio,9.600359270278473,9.728334904306871,-0.12797563402839884
policial num,9.919086753328687,10.04712875301355,-0.12804199968486252
vivienda num,9.909266392222612,10.037313070942634,-0.12804667872002184
antecedente,9.918458169811155,10.0465123943412,-0.1280542245300449
num nino,9.876193465700323,10.004306776462945,-0.12811331076262178
artur,9.85287175082224,9.98100582729038,-0.12813407646813957
crespo,9.847442965277954,9.975646862266139,-0.12820389698818424
medina,9.84731794502881,9.975533394801175,-0.12821544977236599
ministra transicion,9.549039244972368,9.677297978346123,-0.12825873337375526
saltar,9.280151230741504,9.408443787452837,-0.1282925567113331
participar,8.023249473250745,8.151552735389409,-0.1283032621386635
victima eta,9.922378708114614,10.050688410235477,-0.12830970212086257
donana,9.79746398072692,9.925826382561908,-0.1283624018349876
ruiz escudero,9.848371292193033,9.976966922876004,-0.12859563068297142
administracion publicar,9.912424487552364,10.041153258112779,-0.12872877056041432
transicion ecologico,9.500207131635827,9.628991694693783,-0.12878456305795538
num llegar,9.900539963998302,10.029415159358239,-0.12887519535993697
presunto,7.945789836837486,8.07471827119254,-0.1289284343550534
prestamo,9.621676689118415,9.750731171899051,-0.1290544827806368
conocimiento,9.187436089510907,9.316530851016125,-0.12909476150521826
aparato,9.529606491366065,9.658776102920095,-0.12916961155402973
prorroga,8.827356176892124,8.956592124565326,-0.12923594767320168
playa,9.668877511759261,9.798117644222398,-0.1292401324631367
tecnica,9.638545531008843,9.767872111227524,-0.12932658021868093
disculpa,9.468059241457901,9.597445367082273,-0.12938612562437157
mental,9.629269951695518,9.758679262353283,-0.12940931065776518
cabecilla,9.491220393368875,9.620763404430207,-0.12954301106133137
emmanuel,9.911888401729511,10.041434034062934,-0.1295456323334232
yemen,9.89724491031385,10.026801375817758,-0.1295564655039083
legislatura,7.864777255715001,7.994341665820665,-0.12956441010566344
pagina,9.132119027524947,9.261731621081639,-0.12961259355669164
pamplona,9.621753998422895,9.751378204665631,-0.1296242062427364
presión,9.182687222232277,9.312374947352414,-0.12968772512013693
llegar,7.351848801114649,7.4815624763476505,-0.1297136752330017
distribuir,9.904235835743592,10.034271130866685,-0.13003529512309342
num provincia,9.976362091420654,10.106506166441104,-0.1301440750204499
tv,9.45976694443339,9.589920862474816,-0.13015391804142595
acatar,9.603297793047586,9.73351691208878,-0.1302191190411932
traspaso,9.683832904718303,9.814057624503025,-0.1302247197847226
reunión,8.663564488187877,8.793850744391193,-0.13028625620331624
ningun delito,9.955550539079743,10.08598329414703,-0.1304327550672877
ceremonia,9.650932520029151,9.78141872948782,-0.1304862094586685
jefe policia,9.985144127304991,10.115677202566369,-0.13053307526137736
unidad,8.095558884789952,8.226143013302055,-0.130584128512103
existencia,9.03416256685224,9.16475943797407,-0.1305968711218295
suelo,9.13592168640849,9.266534703651946,-0.13061301724345498
coalicion izquierda,9.61245314546441,9.743095563798803,-0.13064241833439283
episodio,9.345712076747816,9.476382522257706,-0.1306704455098906
mossos desquadra,9.50908270343425,9.639754584152751,-0.13067188071850033
productivo,9.78580157268601,9.916573555192917,-0.13077198250690714
ambiental,9.521327606703785,9.652123449004424,-0.130795842300639
colapso,9.791062654176871,9.921911886047742,-0.1308492318708705
mozo,9.913150303830916,10.044051496270203,-0.13090119243928733
oficialmente,9.402972581016257,9.53393294667761,-0.13096036566135183
excepcionalidad,9.900581602205074,10.031689700676456,-0.1311080984713815
profesor,9.107951944875065,9.239061007977057,-0.13110906310199155
especifico,9.425953725870645,9.557109207586043,-0.13115548171539793
ano nueve,9.957517414930402,10.088741681709395,-0.13122426677899313
clave,8.324677107062874,8.45595538850317,-0.13127828144029685
ley tran,9.812889747384391,9.94423086873271,-0.13134112134831888
sacerdote,9.797285916852548,9.92867357138897,-0.13138765453642165
movil,9.055722314461473,9.18711771618245,-0.13139540172097774
extra,9.689883843859741,9.821328436260186,-0.13144459240044526
descubrio,10.043036491839125,10.174507236363096,-0.13147074452397156
instituto nacional,9.962732097807354,10.094224284724145,-0.1314921869167911
vista oral,9.557149739694617,9.688642935031876,-0.13149319533725823
mallorquín,9.897585534585751,10.029155755362206,-0.13157022077645486
cordobo,9.932907194101087,10.064489713820361,-0.1315825197192737
grau,9.886549844658937,10.018139324302647,-0.1315894796437096
proliferacion,10.009147338083363,10.140852651523778,-0.13170531344041514
pena ano,9.827466367189322,9.959461365922275,-0.13199499873295295
envia carta,9.82995074260507,9.96205216905373,-0.13210142644865996
caso noos,9.96790873335071,10.100167492037096,-0.1322587586863868
noos,9.96790873335071,10.100167492037096,-0.1322587586863868
loreg,9.902794165876038,10.035125260259695,-0.1323310943836571
periodo electoral,9.889247400384338,10.02160878936037,-0.13236138897603134
proteger,8.7766590162851,8.909044399807563,-0.13238538352246287
presupuestario,8.623039599711467,8.755479939170355,-0.13244033945888845
operacion,8.387128112516676,8.519580809831146,-0.13245269731446996
movilizacion,8.800653107197794,8.93312461959505,-0.13247151239725596
multinacional,9.924786856941473,10.057317223843512,-0.13253036690203857
alejar,9.201936442295327,9.33446914560424,-0.13253270330891276
autobus,9.880736545647244,10.013318422356992,-0.13258187670974841
palma,8.971337131222857,9.104046795439555,-0.13270966421669783
rebaja,9.041495556244804,9.174305471435915,-0.1328099151911104
rodriguez asegurar,9.965536283217425,10.098464544294824,-0.1329282610773994
población,10.071468437796797,10.204476556559289,-0.13300811876249163
num delito,9.825919460622675,9.95893444020472,-0.133014979582045
abu dabi,9.79905872185627,9.93209564645843,-0.13303692460216077
dabi,9.79905872185627,9.93209564645843,-0.13303692460216077
informar fuente,9.938855763850261,10.071920412468687,-0.1330646486184257
gobierno senalar,9.765180722837167,9.898255766979345,-0.13307504414217775
injusto,9.975386957743002,10.10854447540485,-0.13315751766184825
crecer num,10.00920632882229,10.142371754081616,-0.1331654252593264
sala civil,9.957381257737701,10.09062020600904,-0.1332389482713392
incluido,8.817127688428204,8.950422652464399,-0.13329496403619423
fiesta,9.034708958062673,9.168037939977077,-0.13332898191440457
juicio oral,9.706930890064463,9.840398387406102,-0.13346749734163943
agravante,9.948427998869306,10.081917005196546,-0.13348900632724003
impulsor,9.695940745300183,9.829439703272262,-0.13349895797207978
golpe,8.905812167964422,9.039397890156721,-0.13358572219229892
interpretar,9.568004112151987,9.701667592961506,-0.13366348080951873
organizacion mundial,9.940465670070862,10.074211830345314,-0.13374616027445185
campana,7.492961939115401,7.626728244129028,-0.1337663050136273
paris,9.99141440510872,10.125264058779797,-0.13384965367107604
activismo,9.967795979260384,10.101685669887015,-0.13388969062663136
sentar,8.760429545609469,8.894415442891074,-0.1339858972816046
doctor,9.464518330536098,9.598659529588732,-0.13414119905263355
himno,9.816938184095257,9.951097072145313,-0.13415888805005594
suspension cautelar,9.90654788884999,10.04073676334454,-0.13418887449454964
carles mulet,9.82369604459584,9.958029008493385,-0.13433296389754545
toma posesion,9.693987728547807,9.828382630095858,-0.13439490154805078
ley psoe,9.950013516676657,10.084424147831237,-0.13441063115458007
castano,9.449992847069966,9.584470626162762,-0.134477779092796
uci,10.00609969834611,10.14059242737464,-0.13449272902852982
paso previo,9.808582675223064,9.943080394777743,-0.1344977195546786
buque bahri,9.931385611083982,10.06588916771828,-0.13450355663429825
sucesion,9.86732256704024,10.001838590524471,-0.13451602348423108
envolver,9.952510110659446,10.087133729646782,-0.13462361898733555
navarra,8.947070372990568,9.081765829021105,-0.13469545603053668
caballero,9.53566851612484,9.670368718396533,-0.13470020227169321
identidad,9.23546292206823,9.370217462900225,-0.13475454083199523
incumplir,9.050635475013642,9.185489470088978,-0.13485399507533558
pedir num,9.559522198092608,9.694432706849474,-0.1349105087568656
tv num,9.704207024409047,9.839157153734279,-0.13495012932523132
num hombre,9.967850747068384,10.10286574510117,-0.13501499803278527
comunidad,6.918218421918706,7.053269950243806,-0.13505152832509992
multitud,9.831552997259998,9.96666233484328,-0.13510933758328214
persona concentrar,9.823867037768398,9.959039385771852,-0.13517234800345435
destaco,9.85555835401069,9.990857705821613,-0.13529935181092334
enlace,9.86373447084999,9.999125208946325,-0.13539073809633528
visible,9.470409563340498,9.605828575824695,-0.1354190124841974
jurisprudencia,9.767676706725894,9.903095842811155,-0.13541913608526102
presidenta camara,9.448866204976627,9.584310751836162,-0.1354445468595351
aviso,9.447389585912445,9.582976321392351,-0.1355867354799063
industria,8.992553099496018,9.128340268919846,-0.1357871694238284
devolución,9.949832310789862,10.08563341626615,-0.135801105476288
llego,8.657412778528878,8.793227519502148,-0.13581474097327018
tenerife,9.574393145032502,9.710382436785643,-0.13598929175314112
carme forcadell,9.874821938304303,10.010821629843246,-0.13599969153894342
podriar,8.322588789001383,8.458591227586975,-0.13600243858559224
reforma ley,8.966725817265914,9.102759857405898,-0.1360340401399842
ceoe,9.36223839567798,9.498587339809287,-0.13634894413130638
mando,8.973725005228326,9.110108559496357,-0.13638355426803095
bizkaia,9.523045715626303,9.659470803297529,-0.13642508767122585
perfil,8.773186221485346,8.90980007099235,-0.13661384950700395
grupo izquierda,9.906215865512983,10.042864948660498,-0.136649083147514
sotomayor,9.94096858142876,10.07767682032837,-0.1367082388996117
ciencia innovacion,9.91074493346735,10.04752239418251,-0.13677746071515884
danza,9.945388898119965,10.08234468998671,-0.136955791866745
reiterado,9.609688746679158,9.746772569295164,-0.13708382261600605
ano despu,9.535262148317859,9.672384553986484,-0.13712240566862555
prision num,9.799670407008406,9.936827095838733,-0.13715668883032706
juicio proz,9.499877250295535,9.63705846422474,-0.13718121392920501
arab,9.609955326383604,9.747168707117847,-0.13721338073424327
trama corrupto,9.663417821601268,9.800654318310725,-0.13723649670945726
toque,9.459926263600948,9.597282926592854,-0.1373566629919054
aire,8.921604247918333,9.05910410805103,-0.13749986013269755
sorair,9.891125697040911,10.028680497007443,-0.13755479996653186
ultima semana,9.420386831637344,9.557960125324481,-0.13757329368713656
universitario,9.242128993609908,9.379726852814512,-0.13759785920460388
país origen,9.949401400912565,10.087088111474689,-0.13768671056212334
elección europeo,9.775306785027226,9.913066215512634,-0.13775943048540817
gal,9.749218587727754,9.887124980676237,-0.1379063929484836
murio,9.64895806797985,9.78691756687991,-0.1379594989000612
conducta,9.302730939217565,9.440786498182119,-0.13805555896455424
despu num,9.653813648321501,9.791914241131904,-0.1381005928104031
recopilar,9.859365210376758,9.997609308571514,-0.1382440981947557
costa,8.87860470616042,9.016949850868507,-0.13834514470808656
palacio,9.077738462232796,9.216097898873008,-0.13835943664021144
oleada,9.921915742598758,10.060307124721996,-0.13839138212323832
acompanado,9.1587529012439,9.297187592119368,-0.13843469087546723
realizarar,9.950801051174036,10.089265625794852,-0.13846457462081574
saliente,9.672939743962672,9.811496560768257,-0.1385568168055844
criticar,7.58778692805526,7.726441911468678,-0.1386549834134181
continuo,9.01473212987342,9.153558580920842,-0.13882645104742153
emergencia sanitario,9.460441515166652,9.599287631061399,-0.13884611589474716
ultimar,9.83332450630824,9.972189006432219,-0.13886450012397766
tomar medida,9.296536928864862,9.435507212924287,-0.13897028405942535
bbva,9.630237627520392,9.769223289898813,-0.13898566237842047
hospital,8.72732346272695,8.866323105885051,-0.1389996431581011
num medida,9.452247623886517,9.591265178110305,-0.1390175542237877
probar,9.599568376819217,9.738601940394975,-0.13903356357575802
decado,9.500314827535645,9.639367622918975,-0.13905279538333026
escuela,9.082734061203473,9.221909175305251,-0.13917511410177852
num unidad,10.073390128934347,10.212579748616008,-0.13918961968166066
jornada referendum,9.885079610705597,10.024310738392447,-0.1392311276868501
desarrollado,9.923275537765909,10.062549657717652,-0.1392741199517431
conformidad,9.931582280805596,10.070886756479812,-0.13930447567421567
jaen,9.582446024506194,9.721792419776902,-0.13934639527070836
criterio fiscalia,9.844280580959069,9.98368275459817,-0.1394021736391018
opinion,8.822052092774232,8.9616443414098,-0.13959224863556763
cervantes,9.948103026347349,10.087749571691628,-0.139646545344279
plenario,9.506479381259158,9.64616965670253,-0.1396902754433711
granadino,9.83333814234795,9.97326881991597,-0.1399306775680209
transitorio,9.999834443039521,10.139794944209894,-0.13996050117037306
encabezado,9.266504654132918,9.406483900689837,-0.13997924655691918
partidista,9.30633121784853,9.446367910209597,-0.14003669236106653
num kilometro,9.840702031477297,9.980765936081024,-0.14006390460372664
jueves congreso,9.825003854750694,9.965163374118585,-0.1401595193678915
justificar,8.449015802846704,8.589277276256892,-0.14026147341018813
anunciar num,9.960206611753055,10.10064958319361,-0.14044297144055484
real,7.944990212350519,8.085535304814073,-0.14054509246355362
asunto,8.062347965574615,8.202977755842284,-0.14062979026766875
formular,9.559910323374314,9.700652829082921,-0.1407425057086069
mercantil,9.611842634608653,9.752593801638179,-0.14075116702952606
aumento,8.815694173778375,8.956479487413807,-0.14078531363543156
acudio,9.240740898993858,9.381545126901658,-0.14080422790780034
pelea bar,9.921256180531605,10.062137023386889,-0.14088084285528346
marco dialogo,9.834710012688973,9.975694273192476,-0.14098426050350277
depender,8.829187473094983,8.970171855604006,-0.14098438250902312
circuito,9.901558507789725,10.042570250270503,-0.14101174248077797
reportar,9.849633139470127,9.990670621575214,-0.14103748210508726
adjudicataria,9.958535977014952,10.099725376365466,-0.14118939935051422
transmision,9.696999420005374,9.838217274997865,-0.1412178549924903
bello art,9.986379907194443,10.12781978374721,-0.14143987655276646
campamento,9.865224434101702,10.00668356962816,-0.14145913552645872
excargo,9.898953184624741,10.040430054785661,-0.14147687016092014
astrazeneca,10.046773942394022,10.188285575950186,-0.14151163355616347
movimiento,8.218546611480868,8.360128066564755,-0.14158145508388742
causa corrupcion,9.94740100652505,10.08904176182461,-0.14164075529956044
armh,9.758406618641315,9.90006754611398,-0.14166092747266568
teniente,9.128056515507096,9.269768583493018,-0.14171206798592273
villarejo,8.131628835884037,8.273381713579894,-0.14175287769585765
elección domingo,9.797039889509392,9.938899231797128,-0.1418593422877361
raquel,9.620911619722172,9.76278782163237,-0.14187620191019867
idea,8.532044033761585,8.673923350769998,-0.1418793170084136
representante ministerio,9.925371416423415,10.067373544434666,-0.14200212801125112
manuel garcia,9.361169911987474,9.503306037618746,-0.14213612563127143
autorizo,9.887299868531834,10.02943722094411,-0.1421373524122771
actual num,9.891392243216949,10.033535308171793,-0.14214306495484408
decada,8.95146939449809,9.093662468687496,-0.14219307418940552
suspendido,9.590998477188725,9.733196421378558,-0.14219794418983334
energetica,9.875425344395891,10.017816561876746,-0.1423912174808546
difusion,9.404988239225101,9.547681329638147,-0.14269309041304545
beneficiar,8.923601255626723,9.06632696122418,-0.14272570559745645
resiliencia,9.900419422537885,10.043155777074011,-0.142736354536126
fuerza,7.540760643763693,7.683503809050697,-0.14274316528700393
comandancia,9.951898417197157,10.094680838036007,-0.1427824208388504
aislamiento,9.859873845546788,10.002702461666866,-0.14282861612007736
practica,8.876112365380491,9.018941553644586,-0.14282918826409485
mil,8.460366776974086,8.603366862008254,-0.14300008503416883
modificar,8.675266622165944,8.818346555376012,-0.14307993321006762
ideologia,9.247043766268758,9.390215544467923,-0.14317177819916438
reforzar,8.763231794972189,8.906451742286654,-0.1432199473144653
pandemia covid,9.82341664828283,9.966674748626364,-0.1432581003435338
num policia,9.833229207236984,9.976532620372558,-0.14330341313557327
inter cultural,9.85427415872233,9.99758334130043,-0.14330918257810055
archivo,8.843008515401069,8.986326427437971,-0.14331791203690258
brusela,8.9337934223507,9.077140113759597,-0.14334669140889744
fallecio,9.90494372952153,10.048296816053249,-0.14335308653171808
pasar noche,9.988989514309358,10.132367443566304,-0.14337792925694615
acerca,9.525212384586577,9.66859087565268,-0.1433784910661018
intensidad,9.952082109117603,10.095527604239306,-0.14344549512170346
cometio,9.888946363769769,10.032535535509428,-0.14358917173965935
centro menor,9.801479183668665,9.94509379342122,-0.14361460975255547
angelar,9.897567525132333,10.041187908444483,-0.14362038331215032
tendencia,9.356024714353463,9.49965664844314,-0.14363193408967767
cero,9.412976528601718,9.556705799252658,-0.14372927065094032
agosto num,9.585021216751802,9.72880963003358,-0.1437884132817775
vacación,9.70113577245892,9.844974670136644,-0.14383889767772295
medida afectar,9.958956604824486,10.102845053498298,-0.14388844867381145
escrutinio,9.732630199424129,9.876633610426175,-0.14400341100204628
brasileno,9.795321979379127,9.939334767580734,-0.14401278820160712
calificacion,9.894852672565184,10.038891057610908,-0.14403838504572342
aconsejar,9.756734620987894,9.900791926865267,-0.1440573058773733
politico independentista,9.816294344888686,9.960420431381744,-0.14412608649305803
cadaver,9.52999990395985,9.674268503605877,-0.14426859964602734
desestimar recurso,9.620932119908767,9.765219026359746,-0.1442869064509793
positivo,8.901037160890347,9.045330659753938,-0.14429349886359155
terminar,8.561075266684623,8.705434150308767,-0.14435888362414317
celebrar reunion,9.785749766625644,9.930132529978792,-0.14438276335314804
ministerio hacienda,9.492026282077264,9.636551874825264,-0.1445255927479998
mayoritario,9.155713316129498,9.300291464075999,-0.14457814794650048
entrevista,7.80324942955869,7.947870324394388,-0.14462089483569773
probado,9.693769634953602,9.838451011722341,-0.14468137676873916
reducir,8.54252611301357,8.687393471951586,-0.14486735893801495
comunicado,8.626263336455319,8.771211682454007,-0.14494834599868867
cupula proz,9.725505391861747,9.870478271151546,-0.1449728792897993
incompatible,9.477875575839404,9.622872608041742,-0.14499703220233862
internacional num,9.985505305019192,10.13056732027204,-0.14506201525284723
iniciativo legislativa,9.940512611095626,10.08561067840696,-0.14509806731133423
ayudar,8.864260654647705,9.009361721268927,-0.14510106662122269
vigente,9.033752791817916,9.178888728058444,-0.14513593624052845
digital,8.864948474299258,9.010100898803632,-0.14515242450437427
rebelion sedicion,9.846206819978756,9.991365873026242,-0.145159053047486
activo num,9.868120823138497,10.013283978532682,-0.14516315539418478
donar,9.637859353146535,9.783040819326374,-0.14518146617983874
washington,9.64120360266353,9.786548537101268,-0.14534493443773755
prohibir,9.043863150224325,9.189371344318838,-0.14550819409451243
afectar,8.358719939370157,8.504260236578371,-0.14554029720821404
cometer,9.034590891846634,9.180186915495701,-0.14559602364906787
nieve,9.797697330562757,9.943294396376784,-0.14559706581402665
cuenca,9.901452433585417,10.04709001735066,-0.14563758376524305
recuperacion,8.674554684059517,8.82021767928472,-0.14566299522520332
adjudicado,9.856148971192743,10.001870632529677,-0.14572166133693365
instruccion causa,9.931044658229325,10.076947195254995,-0.1459025370256697
actual presidente,9.399230304389034,9.545176428624732,-0.14594612423569764
soraya saenz,9.442907235711882,9.588973005951251,-0.14606577023936929
gobierno pedir,9.434596771942118,9.580696903599941,-0.14610013165782298
fuente gobierno,9.790867960615255,9.937014087796655,-0.14614612718139952
subida salarial,9.928574985031828,10.074941217922197,-0.14636623289036876
denuncia num,10.00547773188718,10.151930191353653,-0.14645245946647378
mayoria cualificado,9.951402573443385,10.097906103774662,-0.14650353033127672
labor,8.866474092050018,9.01302972504848,-0.14655563299846186
letrado,8.739697875475814,8.886280896359972,-0.1465830208841581
consumir,9.914342978709433,10.06096608301466,-0.14662310430522751
despu sentencia,9.882082139883128,10.028811418571621,-0.14672927868849328
quince,9.574687633414985,9.721470526694844,-0.14678289327985894
judicatura,9.786172904850687,9.933167480175623,-0.14699457532493554
salud mental,9.83880218242715,9.985844961608285,-0.14704277918113462
num salario,9.910722558322863,10.057854578959434,-0.14713202063657072
comisión obrero,9.942405058736695,10.089556706452692,-0.1471516477159973
libertadores,10.065366336067243,10.212579748616008,-0.14721341254876563
copa libertadores,10.065366336067243,10.212579748616008,-0.14721341254876563
eficaz,9.535894041267635,9.683109843035925,-0.14721580176829008
confirmacion,9.739212445805991,9.886814803897625,-0.1476023580916337
num agosto,9.381295811308823,9.528909971801493,-0.14761416049267062
operativo,8.975992358307106,9.123626607775133,-0.14763424946802672
comisionista,9.633529190310991,9.781163833465573,-0.14763464315458208
rubalcar,9.828926489411877,9.976671997657679,-0.14774550824580146
amenaza,8.579233783123096,8.72705451359778,-0.14782073047468458
sala tribunal,9.944526883248601,10.092361386695183,-0.14783450344658178
sentarar,9.803075000652052,9.95093372971888,-0.14785872906682762
factura,9.094367181251124,9.242310392587024,-0.1479432113358996
anteproyecto,9.257552459331244,9.40561280810864,-0.1480603487773955
pasar fase,9.912409247699802,10.060739117390893,-0.14832986969109108
moratoria,9.756686325444003,9.90510110138889,-0.14841477594488772
reserva,9.692667473955243,9.841198649942648,-0.1485311759874044
acreditado,9.608624747654098,9.757196987893957,-0.1485722402398597
dedicado,9.148506258911224,9.29723436389144,-0.14872810498021494
desescalado,9.728615174351816,9.877367362594056,-0.14875218824223957
llamado,8.717066871164254,8.86588420417999,-0.1488173330157352
contundencia,9.81795847435646,9.966807208747827,-0.14884873439136648
apruer,9.824631412544992,9.973583867123299,-0.14895245457830697
semana num,9.715819534797376,9.86493793392441,-0.14911839912703329
desquadra,9.492052649903389,9.641200413782922,-0.1491477638795331
huelva,9.417726453507482,9.566883896941428,-0.1491574434339462
aprobar reforma,9.8553654120499,10.004548634422923,-0.14918322237302206
facto,9.844230970460524,9.99353025283331,-0.14929928237278567
enterrado,9.488616177052442,9.638119148215178,-0.14950297116273603
num hogar,9.93478873327102,10.08444984715988,-0.14966111388885928
consultora,9.614015486943218,9.763683684268132,-0.14966819732491388
trato,9.130345053127055,9.280164976516033,-0.14981992338897854
grupo num,9.925278009207284,10.075304079636531,-0.15002607042924687
cliente,9.272648816467552,9.422701390548573,-0.15005257408102146
inviable,9.83877123109799,9.988830653505879,-0.15005942240788883
dependencia policial,9.931130648174705,10.081277861078364,-0.15014721290365962
juicio cupula,9.827335568208792,9.977497079015139,-0.1501615108063472
usurpacion,9.83425891820197,9.98447850924868,-0.15021959104671012
palencia,9.811014339461424,9.961237674662163,-0.15022333520073872
sudamericano,10.062277624556593,10.212579748616008,-0.15030212405941512
pulmonar,10.042576225964412,10.193085562377554,-0.15050933641314224
tierra,9.136101944383189,9.286615295284816,-0.15051335090162787
recuerdo,9.524474857408052,9.675008654164863,-0.150533796756811
aragonés,9.84089192690728,9.991585179292297,-0.1506932523850164
reunion,7.590935716340485,7.741747368743228,-0.1508116524027434
america latino,9.839427858644607,9.990257075831515,-0.15082921718690834
extranjeria,9.879069763055044,10.029914515816088,-0.15084475276104392
ap,9.860874315943605,10.011928427442886,-0.15105411149928116
esperado,9.598834280440892,9.749902653627789,-0.15106837318689692
acabar vida,9.952245067467869,10.103351236436286,-0.15110616896841655
sero,8.003507434692285,8.154680744629518,-0.1511733099372332
tropa,9.47134300217222,9.622521743207491,-0.1511787410352703
invertir,9.548299403343576,9.699535281520909,-0.1512358781773333
transicion ecologicar,9.642879698507745,9.794204626671767,-0.15132492816402277
turco,9.942800338174083,10.094152553523543,-0.1513522153494602
sostener,8.130685781326079,8.282073822461253,-0.15138804113517423
propagacion,9.886114994523325,10.037597429960162,-0.15148243543683648
beneficio,8.920168351993045,9.071701067132143,-0.15153271513909772
acto,7.370611558973254,7.5221637463518185,-0.1515521873785648
anuncio,8.249403421330147,8.400985548435628,-0.15158212710548113
parlamento autonomico,9.392790452206002,9.544472258644847,-0.15168180643884455
instalar,9.485589607374248,9.63727150238468,-0.15168189501043194
num efectivo,9.961513839151374,10.113485122618103,-0.15197128346672883
busqueda,9.452476799525042,9.604573713524799,-0.1520969139997561
resolverar,9.869805992822442,10.021955874675713,-0.15214988185327094
trias,9.804486872970267,9.956723629907149,-0.15223675693688143
secretaria pp,9.702700752544674,9.85506179503003,-0.15236104248535653
concedido,9.591170017951477,9.74356772077415,-0.1523977028226735
albergar,9.645276219509103,9.797699519265217,-0.1524232997561139
rambla,10.00620704592125,10.158706628167142,-0.15249958224589122
equipo,8.073609505233135,8.22612194947515,-0.15251244424201538
alejamiento,9.781556176879041,9.934076090084694,-0.15251991320565317
guardar,9.153753163081992,9.306309501488402,-0.15255633840640925
contrato,8.033934650945328,8.186520608908003,-0.1525859579626747
persona discapacidad,9.780500073806843,9.933097065521594,-0.15259699171475027
habio,9.008761556422415,9.161387652295817,-0.15262609587340137
isabel celaa,9.569536755192223,9.722247431751923,-0.15271067655969972
realizacion,9.677711214813597,9.830581393469792,-0.15287017865619568
concesión,9.826430618394186,9.979321382766269,-0.15289076437208315
formula,8.800266110653787,8.9533793168214,-0.15311320616761215
sumar num,9.268659091563965,9.42181836647254,-0.15315927490857462
dulce,10.011006139761092,10.16419804645401,-0.1531919066929177
repasar,9.13482573964413,9.288171911373839,-0.15334617172970866
orden detencion,9.897529667191241,10.050886332470517,-0.15335666527927572
bravo,9.934723907699656,10.088092026628843,-0.1533681189291869
lenin,10.000974124472398,10.15440728105374,-0.15343315658134138
encontrar num,9.959934445753166,10.113464846338012,-0.15353040058484524
burbuja,9.862462168096215,10.016075224889947,-0.15361305679373238
recalca,9.551846961058637,9.705494073891463,-0.15364711283282695
tendro,9.083443177088656,9.237095657295352,-0.15365248020669675
puesta,9.362086067616493,9.515763296164694,-0.15367722854820087
tomar,7.817735417844046,7.971431740515216,-0.15369632267116984
atencion primario,9.99980679199705,10.153524834833549,-0.15371804283649837
cerrar,7.935234527186365,8.089108068222101,-0.15387354103573614
infanta,9.73889835793106,9.892828289425246,-0.15392993149418643
xx,9.992482052448908,10.146424493761993,-0.15394244131308454
siglo xx,9.992482052448908,10.146424493761993,-0.15394244131308454
directivo,9.184165485778607,9.338143015278948,-0.1539775295003416
obtener representacion,9.944069593614621,10.098088414473171,-0.1540188208585498
puesto,8.046974599850223,8.201013904503482,-0.1540393046532582
mixto,9.354769989921557,9.508833094233394,-0.15406310431183634
galicia,8.32237543059796,8.476475845640383,-0.15410041504242322
colombia,9.435544416544683,9.589654396905878,-0.15410998036119494
apartado,9.578360402505718,9.732556065418045,-0.15419566291232734
exvicepresidento,9.725732462548882,9.880113318129872,-0.15438085558099068
lobato,9.784045525143517,9.938454866593542,-0.15440934145002494
num dolar,9.940531662376745,10.094952101028532,-0.1544204386517869
baja,8.397935923583072,8.552366937226413,-0.15443101364334133
quinto,9.217244078190257,9.371710319872351,-0.1544662416820941
absurdo,9.902023859466627,10.056557254433043,-0.15453339496641583
millon,9.147295580569699,9.3018595667199,-0.15456398615020106
soberanismo,9.791405360126996,9.9461208427531,-0.1547154826261039
sectorial,9.551147704825784,9.705995858054306,-0.15484815322852263
urgencia,9.035716453180905,9.190713936596579,-0.15499748341567354
activo,8.714673600554445,8.86990645983602,-0.15523285928157549
alcaldesa,8.23314827046939,8.38838284854715,-0.15523457807775998
mesa electoral,9.893280429801028,10.04870894230947,-0.15542851250844336
rubir,9.70443489359819,9.859889775355336,-0.15545488175714617
mutuamente,9.846703343565753,10.00216278317751,-0.15545943961175723
num habitante,9.405399098002079,9.560913982169916,-0.15551488416783776
dueno,9.38480171850137,9.540330159748283,-0.15552844124691312
premio,9.076079317177816,9.231609860087618,-0.15553054290980128
tomar posesion,9.514136384386257,9.669702012311316,-0.1555656279250588
previo aviso,9.925416714221726,10.08102047621463,-0.1556037619929036
sanidad,7.85935542907248,8.01502871491022,-0.1556732858377412
observador,9.879437048364693,10.035385049004697,-0.15594800064000403
muerto,9.132733714614547,9.28899583826178,-0.1562621236472328
historia,8.259154543342254,8.415419269545172,-0.15626472620291842
estival,9.949510176592586,10.105857146127718,-0.15634696953513227
margen,8.882034153295578,9.038675298191174,-0.15664114489559644
directora,9.373772665952998,9.530414767246766,-0.15664210129376777
turno,9.571745458057228,9.728516008124062,-0.1567705500668346
pacheco,9.786880183692816,9.943696016424385,-0.15681583273156896
indefinido,9.700659816249411,9.857525188070662,-0.15686537182125093
atender,8.958401698390862,9.115275278734241,-0.15687358034337961
num punto,9.184000893723727,9.340908863980596,-0.15690797025686898
autogobierno,9.726223350598255,9.883241842574712,-0.1570184919764568
prisión,9.83703178212208,9.994067973747365,-0.15703619162528426
asegurar gobierno,9.681748953485188,9.838790878524675,-0.15704192503948633
proyecto presupuestario,9.554845462331707,9.711947487812159,-0.1571020254804516
instructora,9.833375024124816,9.990561257404345,-0.1571862332795284
lamentar,8.518041629179558,8.675476737361823,-0.15743510818226447
govern,8.210684120195923,8.368121576310163,-0.15743745611423954
electricidad,9.478110501984412,9.635567264655242,-0.15745676267082942
institucional,8.433398081066704,8.590912240265226,-0.15751415919852185
neutralidad,9.438008905428932,9.595581702214949,-0.15757279678601677
formalmente,9.471516127324037,9.629139957216577,-0.15762382989253965
monumento,9.493126375402984,9.650856575763566,-0.15773020036058227
monedero,9.788466924201954,9.946240963214919,-0.15777403901296516
seguir apostar,9.789800364570787,9.947636332051268,-0.15783596748048012
siglo,9.311598977319763,9.469442629227009,-0.15784365190724614
caso villarejo,9.520263246998299,9.678139662219733,-0.15787641522143403
encubrimiento,9.825107910607644,9.983094955511188,-0.15798704490354432
intimidad,9.763623736434441,9.921642550008624,-0.15801881357418246
programa num,9.876839134512869,10.03488469349869,-0.15804555898582073
detectar,9.233351988677134,9.391419691257738,-0.15806770258060432
proposicion ley,8.57005739726995,8.72812649552764,-0.15806909825768933
experiencia,9.134559700843846,9.29268396308075,-0.15812426223690323
covite,9.834384413086061,9.99255228838057,-0.15816787529450949
ejercer,8.719510142347671,8.877752108486732,-0.1582419661390606
ejercer derecho,9.768163594851343,9.926458048529014,-0.15829445367767114
espanol num,9.911080663551788,10.069397579868808,-0.15831691631701972
federacion,9.19370836805278,9.352027422168309,-0.1583190541155286
navarro,9.406090021039054,9.564445909043084,-0.15835588800402967
cuestion,8.461816177040182,8.62019310266717,-0.15837692562698713
querella fiscalia,9.914311159813563,10.072747167389966,-0.15843600757640353
residencial,9.871869405665407,10.030324484629269,-0.15845507896386124
per republica,9.741121724036313,9.899733738352406,-0.15861201431609295
peticion,7.979305511184837,8.137937664822154,-0.15863215363731697
imparcial,9.866003743295828,10.024678315972048,-0.15867457267622065
murciano,9.821509898541029,9.980285353404344,-0.15877545486331535
enviar,8.651529507131773,8.810472491216457,-0.15894298408468366
legislacion,9.097078362494885,9.25607231557878,-0.15899395308389508
cine,9.59856977510072,9.757609767889388,-0.1590399927886672
indispensable,9.941791270319753,10.100937592472087,-0.15914632215233482
europeo num,9.60070537980805,9.75988345837173,-0.1591780785636807
competente,9.749908817069366,9.909116896761212,-0.15920807969184558
salman bin,9.757001356951422,9.916427483065746,-0.15942612611432416
vigilancia penitenciario,9.823813674419727,9.98325380624461,-0.15944013182488348
designar,9.228749099503908,9.388233770805916,-0.1594846713020086
enfermo,9.777125975591199,9.936654616184054,-0.1595286405928551
habrio,9.076234329359135,9.235832551807526,-0.15959822244839117
acercar,9.246698838532273,9.406304384288434,-0.15960554575616115
cuartel,9.505681981194355,9.665447691106296,-0.15976570991194095
subrayar,8.573451889761186,8.733264010830325,-0.15981212106913922
doctrina,9.687912040915991,9.847795504521697,-0.1598834636057056
anteriormente,9.764353591423502,9.924307042986541,-0.1599534515630392
capacidad,8.887585932940212,9.047601153273666,-0.16001522033345417
inmunidad,9.145969445115316,9.306000707591563,-0.160031262476247
contratacion,9.12006324423814,9.280100416555484,-0.1600371723173435
proceso escucha,9.586111243607066,9.746163082434705,-0.16005183882763951
adriana lastro,9.831417146676174,9.991475147957548,-0.16005800128137437
democratico,8.231037690703316,8.391180395064714,-0.1601427043613981
daniel,9.436129370485737,9.596317796796637,-0.16018842631089925
precariedad laboral,9.765667081744134,9.925921781534512,-0.16025469979037865
gregorio,9.678345678431395,9.838623831668288,-0.16027815323689332
obtener,8.08425495651039,8.244837437607114,-0.16058248109672313
retorno,9.717941967207018,9.878556593047058,-0.16061462584004005
habiar,7.829666248259605,7.990286548013224,-0.16062029975361902
posicionamiento,9.62547095325879,9.786219768248644,-0.16074881498985505
autodeterminacion,9.02148068488737,9.18226896531972,-0.1607882804323495
seguirar,8.534487017831502,8.695355048415989,-0.16086803058448673
empate,9.645459063440283,9.806472342244476,-0.1610132788041927
idioma,9.842860738835766,10.003885462633868,-0.16102472379810173
pacifico,9.590136075705399,9.751164475637147,-0.1610283999317481
encargado,8.80088804083709,8.96198519141369,-0.1610971505765999
callejero,9.745631500828964,9.906939109125823,-0.16130760829685897
decisión,8.541686154128417,8.703102062548723,-0.16141590842030595
fraude fiscal,9.927386771082048,10.088870634131151,-0.1614838630491029
acercamiento,9.192293815092713,9.353907008619904,-0.1616131935271916
vicepresidenta tercero,9.61177475401872,9.773436954962088,-0.16166220094336836
castellon,9.00457029877783,9.166349112797981,-0.16177881402015082
condenar ano,9.761987927162574,9.923792539293043,-0.16180461213046904
recordo,9.919602657677878,10.081432180182256,-0.16182952250437843
alojar,9.927035381284666,10.088988486976357,-0.16195310569169052
proponer,7.935414594341095,8.097402560217583,-0.161987965876488
mantener conversación,9.790574214203485,9.952777604801708,-0.16220339059822386
consellera,9.333047129575638,9.495355043434381,-0.16230791385874355
falso,8.537396930428923,8.69983252036773,-0.16243558993880747
unificar,9.779225563780287,9.941678519733422,-0.16245295595313536
rapida,9.99787679784953,10.160491089588078,-0.16261429173854758
comandante,9.875636980017553,10.038341367400422,-0.16270438738286863
proposicion,8.405063253483558,8.56779148447145,-0.16272823098789146
libertad sexual,9.849744610076717,10.012490286784702,-0.1627456767079849
rescate,9.61041886461606,9.773211639660252,-0.16279277504419198
laboral,8.031936927429074,8.19486753439675,-0.16293060696767547
despu,7.3718780666674615,7.534912180230559,-0.16303411356309727
ganadero,9.892617178527201,10.055666812830454,-0.1630496343032526
aprobado gobierno,9.668872246625144,9.831933960721226,-0.1630617140960826
desempleado,9.919758369151305,10.082830071572097,-0.16307170242079216
preparar,8.545783890843786,8.708918567891217,-0.1631346770474309
material sanitario,9.702238236073832,9.86553482484185,-0.16329658876801822
calumnia,9.553409976896704,9.716954092250752,-0.163544115354048
aprobar decreto,9.761903766374832,9.925467262894841,-0.163563496520009
convocar comicio,9.887645562048773,10.05124286384025,-0.16359730179147647
artista,9.557743577241261,9.721370192298442,-0.163626615057181
pedir,6.862008845664359,7.025761030059913,-0.1637521843955536
reclamacion,9.710212957353852,9.873974927563173,-0.16376197020932182
ocupar,8.513706156746254,8.677712733231681,-0.16400657648542705
concentrar,9.325783740552538,9.489829377456218,-0.1640456369036798
persona encontrar,9.979930669160579,10.144423800731781,-0.16449313157120216
cumplir ley,9.68408309223746,9.848818807151208,-0.16473571491374805
regimen salman,9.82144317235494,9.986227234929496,-0.16478406257455624
justicia catalunya,9.642818780229264,9.807751983983794,-0.16493320375452925
cayetán,9.869002886802477,10.034001930811494,-0.16499904400901677
común,9.036682983203931,9.201722346339851,-0.16503936313591971
compra,9.011364735471908,9.176406876334164,-0.16504214086225666
ataque,8.305658617402981,8.47073740819742,-0.1650787907944391
vizcaín,9.863524779673707,10.028912396420413,-0.1653876167467061
vacia,9.576715822216872,9.742196573695702,-0.1654807514788299
polo,9.735134104716227,9.90069588093721,-0.1655617762209829
registrar,8.244703588503278,8.410342764700662,-0.16563917619738433
homicidio,9.616064540724807,9.781710790591067,-0.16564624986625986
voluntad politico,9.79802887683745,9.96368976468121,-0.1656608878437602
alvarez conde,9.78059413882628,9.94627537877139,-0.1656812399451102
corporación local,9.948528471517426,10.114303296371414,-0.16577482485398853
extraditar,9.910286320640184,10.07613965084674,-0.16585333020655568
derecho sufragio,9.956017211558377,10.122143481292214,-0.16612626973383726
itinerario,9.91545070186803,10.081670500775571,-0.1662197989075409
jec,9.286558736707923,9.452799206320716,-0.16624046961279326
tramite,8.679129058390924,8.845432871840742,-0.1663038134498187
britanica,9.912192907696207,10.078501892529374,-0.16630898483316692
adelantar,8.81099892851051,8.977443542964071,-0.1664446144535603
otegi,9.506856794907451,9.673341738032544,-0.1664849431250932
sentencia tribunal,9.263422371074338,9.430098794626248,-0.1666764235519107
junta andalucia,8.661151903480217,8.827831839190747,-0.16667993571052975
pontevedra,9.69919317117102,9.865898854501442,-0.1667056833304219
revuelta,9.923403631699303,10.090153393179552,-0.1667497614802489
maillo,9.652380035754598,9.819153085619863,-0.16677304986526487
discriminacion,9.401712094668179,9.568660202151909,-0.16694810748373
tsjm,9.613377214355403,9.780361308144249,-0.16698409378884627
benemerita,9.751506007164167,9.918556501328831,-0.16705049416466444
salman,9.750605805359644,9.917689038255896,-0.1670832328962515
vulneracion,9.345495741210724,9.512702705848895,-0.16720696463817042
chocar,9.902241035342833,10.06963173951369,-0.16739070417085777
llegado,9.846353582636613,10.013751950044147,-0.1673983674075341
campana vacunacion,10.000468607853863,10.167873164118054,-0.16740455626419148
revolucion,9.912800361633314,10.080286359817112,-0.16748599818379795
elección num,8.309110680296742,8.477019049049927,-0.16790836875318504
descanso,9.919515086691673,10.087514473002997,-0.16799938631132427
audiencia barcelona,9.911005822746192,10.079128713990922,-0.1681228912447299
franz,9.195304792964688,9.363476829641826,-0.16817203667713798
aerolinea,10.00917770605761,10.177378935374703,-0.16820122931709314
inocencia,9.471282768226896,9.639501528035128,-0.16821875980823187
coordinadora,9.216716835786666,9.384986589972232,-0.168269754185566
mes despu,9.321953076671829,9.490266235411461,-0.16831315873963248
reunido,9.782794765690593,9.95121432807456,-0.16841956238396705
responsabilidad,8.09631038663149,8.264788676718757,-0.16847829008726656
susana,9.716604147026782,9.88514068061427,-0.16853653358748844
financiero,8.909236695874279,9.07784695062531,-0.1686102547510302
entrada vigor,9.743631703288782,9.91227130409487,-0.1686396008060882
referir,8.805580053875687,8.974356584188007,-0.16877653031231965
desahucio,9.180880545056286,9.349674071000257,-0.16879352594397012
regadio,9.87948218773599,10.048307204488536,-0.16882501675254602
considerado,9.49151512648551,9.660394303272819,-0.1688791767873088
solicitud,8.83981663158696,9.008761540854776,-0.16894490926781636
cobertura,9.614898388874147,9.783884292619971,-0.16898590374582412
alejado,9.483248864190259,9.652247083414517,-0.1689982192242585
contrario,8.518928844284554,8.688028886906704,-0.16910004262214962
entrada,8.615043926895487,8.78424911776833,-0.1692051908728427
prenda,9.876174653978017,10.045395512305587,-0.16922085832757006
biologico,9.839381618282752,10.00860826288955,-0.16922664460679826
mujer hombre,9.692491234899759,9.861723920391544,-0.16923268549178516
constancia,9.752744835886576,9.921996371949723,-0.1692515360631468
civil num,9.818442029605617,9.987793404277456,-0.16935137467183914
elevar num,9.836442932298306,10.005868807623058,-0.16942587532475173
presentacion,8.887264044779535,9.056798984269577,-0.16953493949004184
imputacion,9.361846373256855,9.531440210053487,-0.16959383679663276
presidente catalan,9.73865435480962,9.908257675058953,-0.16960332024933322
actuar,8.583265174869808,8.752913168568059,-0.16964799369825023
tribunal considerar,9.72435969211204,9.894009508383597,-0.16964981627155673
situar num,9.595244345317518,9.764903072949616,-0.16965872763209866
magna,9.790164535966147,9.959925922679073,-0.16976138671292595
carta magna,9.790164535966147,9.959925922679073,-0.16976138671292595
movilización,9.188163725375702,9.358323933819182,-0.17016020844348034
comparecer comision,9.82324329889902,9.993492301911655,-0.1702490030126338
garciacastellon,9.598556130715844,9.768846145233935,-0.17029001451809123
quiebra,9.891784843500792,10.062080593084527,-0.17029574958373495
incurrir,9.52090463955686,9.69129382618148,-0.17038918662461988
mayo num,9.231303975346423,9.40177183492174,-0.17046785957531796
levantar,8.832329545592282,9.002828886508656,-0.17049934091637375
hombre num,9.876517480120729,10.047097775991169,-0.17058029587044032
ferroviario,9.761176993663288,9.931892953882636,-0.17071596021934887
normativo,9.532876755696396,9.703662193095273,-0.17078543739887664
comunicar,8.735346075422953,8.90619178410008,-0.17084570867712756
frecuente,9.811592397892104,9.9825613157535,-0.170968917861396
manuel garciacastellon,9.942787977063999,10.113821183779326,-0.17103320671532707
ciudadano catalunya,9.90258976429924,10.073627622702379,-0.1710378584031389
mantener,7.267124555563967,7.438205200774326,-0.17108064521035882
consejeria,8.798799681518181,8.969989332701374,-0.17118965118319274
rechazo,8.358328752444965,8.52953066490728,-0.17120191246231542
camara,7.447365344977869,7.618742215148569,-0.17137687017070036
fallecimiento,9.330379083524107,9.502098639304421,-0.17171955578031373
mes julio,9.553863715299316,9.725670883235344,-0.17180716793602713
consorcio,9.970745137303904,10.142593569958617,-0.17184843265471272
ambito,8.567355907724469,8.739231437728723,-0.17187553000425382
aglutinar,9.672871421440593,9.844829924321832,-0.17195850288123893
resolver conflicto,9.689529522694333,9.861582089763681,-0.17205256706934868
destinar num,9.702827724772137,9.874990601346985,-0.1721628765748484
medida,6.9571916763754995,7.129404039543048,-0.1722123631675485
principal problema,9.873959459051548,10.046547930961221,-0.1725884719096733
precedente,9.201579279645431,9.374172946479717,-0.17259366683428645
decreto gobierno,9.97848060983148,10.151116675812087,-0.17263606598060655
memoria historico,8.613264877351588,8.785950315148721,-0.1726854377971332
superviviente,9.882436963265137,10.055130817624708,-0.1726938543595704
vulneracion derecho,9.590035284442404,9.762752888769128,-0.17271760432672423
constituir,8.977313363240365,9.150039810799178,-0.17272644755881394
principios,9.447479153964677,9.620310278490608,-0.1728311245259313
agricultura,9.343293952363702,9.516439874713033,-0.17314592234933102
apertura,9.010360295035497,9.183606735830173,-0.1732464407946761
campeon,9.985112973203337,10.158371372866219,-0.17325839966288115
localidad,8.565228755200932,8.738538893187469,-0.17331013798653672
arzobispo,9.977896362098868,10.151217121251461,-0.1733207591525936
modalidad,9.982610565438012,10.155947287670115,-0.1733367222321025
maternidad,9.53612544155758,9.709786820900339,-0.17366137934275905
genero,8.376990098137817,8.550685884268914,-0.1736957861310966
adoptar medida,9.53961277981925,9.713310241624372,-0.1736974618051228
marcelo,9.981307722732542,10.155166682276954,-0.17385895954441288
vivido,9.801954054975209,9.975849764125028,-0.17389570914981967
camara catalán,9.593792517674416,9.767734558785033,-0.1739420411106174
inteligente,9.823518586174243,9.997480103934999,-0.1739615177607554
brexit,9.654293904178214,9.828367883715316,-0.17407397953710202
tocar,9.022558251976346,9.196700508743405,-0.17414225676705897
podran,9.58135327242614,9.755581681647923,-0.17422840922178295
centro investigación,9.369330997194883,9.543577959590628,-0.17424696239574544
avión,9.783440014375467,9.957922368914515,-0.17448235453904815
falangista,9.816087937720527,9.990765403523524,-0.17467746580299703
diligencia,8.871711692389965,9.046425356855131,-0.17471366446516612
firmante,9.73101470633943,9.90594965474499,-0.17493494840556068
infracción,9.890990134990728,10.065927336083442,-0.17493720109271393
territorio,8.208624168759878,8.383621741367058,-0.17499757260718063
nacional catalán,9.909890559655137,10.084968453486674,-0.1750778938315367
ampliacion,9.147455885994935,9.322541477865139,-0.17508559187020367
estatal,8.369133722465492,8.544280253455065,-0.1751465309895739
coche,9.293524630562452,9.46873207726313,-0.17520744670067856
beb,9.792399227801704,9.967607416664755,-0.175208188863051
fuego,9.355967570294958,9.531532336211681,-0.17556476591672343
edificio publico,9.847281252024697,10.022856133229089,-0.17557488120439224
dotar,9.736910650018235,9.912516513158241,-0.1756058631400066
paralizado,9.471788170111772,9.647495727105278,-0.1757075569935065
declarar testigo,9.752444173994643,9.92816549634438,-0.17572132234973736
tribunal supremir,9.733390136525971,9.909203052598588,-0.1758129160726174
supremir,9.733390136525971,9.909203052598588,-0.1758129160726174
restar,9.462168341066949,9.63805713506376,-0.17588879399681012
continuan,9.259056055761576,9.434944850064813,-0.175888794303237
transportar,9.928282933882722,10.104216161179592,-0.1759332272968699
soraya,9.414162772175821,9.590188227632277,-0.17602545545645576
recurrir,8.661625678575115,8.837673199297619,-0.17604752072250385
junta gobierno,9.77087772382468,9.947000848679725,-0.1761231248550441
adriana,9.76433900505769,9.940495838107044,-0.1761568330493528
temporalidad,9.612803862046604,9.788974451594935,-0.17617058954833098
usuario,9.427078409660071,9.603267024994018,-0.17618861533394714
corresponder,8.90680381914095,9.08302208327826,-0.1762182641373098
fallo,9.117648521962035,9.293908791042071,-0.17626026908003567
cien,9.574761945150726,9.751076890505521,-0.17631494535479497
ministro inclusion,9.739615574722349,9.916024550369087,-0.17640897564673885
marco,8.254319416075544,8.430737381650363,-0.17641796557481904
economico social,9.55306547037761,9.729505769142847,-0.17644029876523604
govern generalitat,9.76873819135976,9.945264342212992,-0.1765261508532312
derecho persona,9.942426111782236,10.119067889647093,-0.17664177786485702
existir num,10.01942264352768,10.19623961786645,-0.1768169743387702
ignacio,8.43736430351613,8.61425874547888,-0.17689444196274984
contaminacion,9.57753134358402,9.754441766873201,-0.17691042328918094
jugador,9.682013233385677,9.858981041024723,-0.17696780763904663
cumbre,9.003328773552768,9.180321932985459,-0.17699315943269056
analisis,9.001464490539393,9.178464935849613,-0.1770004453102203
actual,7.771842840985144,7.948849091421972,-0.17700625043682816
solidaridad,9.26977687999963,9.446806442390795,-0.17702956239116396
mesa camara,9.14702626419653,9.324058280767554,-0.1770320165710242
sala contenciosoadministrativo,9.863220900145928,10.040260731044837,-0.1770398308989094
impago,9.85020797822097,10.027279276187395,-0.17707129796642462
suponer num,9.913977247969154,10.09105152671625,-0.1770742787470958
abrir,7.866021575557503,8.043144513132754,-0.177122937575251
delito rebelion,9.648314464250735,9.825447819398255,-0.17713335514751982
arrestar,9.79376701783771,9.970962299795897,-0.1771952819581859
registrado,8.96689739130869,9.144099714402714,-0.17720232309402384
aprobar medida,9.85929517618667,10.036566236872366,-0.17727106068569576
tendra,8.588304246444865,8.765575452474534,-0.17727120602966906
fijo,9.512353422233852,9.689670606030052,-0.17731718379619998
sexo,9.475599229238021,9.652982274142982,-0.17738304490496049
vinculante,9.84764982916873,10.025295330560407,-0.17764550139167667
cuerpo policial,9.78286265965133,9.960511775411481,-0.17764911576015052
escuchar,9.004739521229713,9.18249608044553,-0.17775655921581723
independentista,7.693256152076531,7.871114794743993,-0.17785864266746199
fusilar,9.708029880584457,9.885942726092667,-0.17791284550821018
juzgado numero,9.92150955117367,10.09968188397591,-0.1781723328022391
tributario,9.18440899843795,9.36260997792161,-0.17820097948365898
enjuiciar,9.77125633385697,9.949480973852966,-0.17822463999599591
saenz,9.199264237884563,9.377490523914172,-0.17822628602960933
negociador,9.436069239681906,9.614359559436046,-0.17829031975414011
autonomico,7.6732399479344116,7.8517571215151385,-0.17851717358072694
educacion formacion,9.922066704500164,10.100907903689789,-0.17884119918962504
desalojo,9.667102955948268,9.845948480564292,-0.17884552461602432
provocar,8.504245451317887,8.683145979117535,-0.17890052779964805
juez tribunal,9.741168745208984,9.920118224376816,-0.17894947916783188
linea,8.37744542593675,8.556433354019275,-0.17898792808252395
sexualmente,9.965832847548707,10.144902450913582,-0.17906960336487465
generalizado,9.543568458321932,9.722688359359223,-0.17911990103729103
cabo,8.484979909154806,8.664166482375366,-0.17918657322056042
convergencia,9.830471434398225,10.009772203401095,-0.17930076900286984
mandatario,9.108234380338269,9.287601443930452,-0.17936706359218313
averiguar,9.779687752540989,9.95906117978651,-0.17937342724552074
personalidad,9.539443125404365,9.71890177216045,-0.17945864675608547
causa proz,9.905100426702816,10.084632115438238,-0.17953168873542147
lleida,9.45434546843432,9.634097549421211,-0.17975208098689066
adecuar,9.850998711875148,10.0307625304552,-0.17976381858005297
matanza,9.896853651572634,10.07685675058024,-0.1800030990076067
mejora,9.19676540869666,9.376790243482967,-0.18002483478630715
poeta,9.702018198532507,9.882233913841242,-0.18021571530873537
ander gil,9.885982408106578,10.066303592936336,-0.1803211848297579
ander,9.885982408106578,10.066303592936336,-0.1803211848297579
infantil,9.521696829066544,9.7020566890842,-0.18035986001765636
explicar,7.624218198859158,7.804696266569949,-0.18047806771079067
diputado vox,9.839810200994897,10.020295349077152,-0.1804851480822549
droga,9.68146702710771,9.861985249621288,-0.1805182225135784
desplegar,9.474712182188002,9.655266107451121,-0.1805539252631192
condal,9.687544298578779,9.868175262681444,-0.1806309641026651
ciudad condal,9.687544298578779,9.868175262681444,-0.1806309641026651
superar num,9.472761083994802,9.65349751149358,-0.18073642749877727
marcha,8.18527176309428,8.36628574507822,-0.18101398198394136
resuelto,9.90693986312444,10.08812418134579,-0.18118431822134973
legal,8.457064084270757,8.63826288663549,-0.18119880236473307
sentar banquillo,9.472758481042304,9.653980843415859,-0.18122236237355516
recogido,9.423889423066926,9.605144865368706,-0.18125544230177937
indebido,9.718464891136481,9.899894436083256,-0.18142954494677532
principio,8.538179081699987,8.719698251949703,-0.1815191702497163
resto partido,9.537274488614521,9.718814041093902,-0.18153955247938036
optar,8.855258152887027,9.036869617095414,-0.18161146420838747
semana,7.241613065596503,7.423364717919534,-0.18175165232303048
esfera,9.912788269717469,10.094592077681732,-0.181803807964263
inmediato,8.864656319277536,9.046552164067633,-0.18189584479009646
cultura,8.715808618096084,8.897743624795217,-0.18193500669913298
num espanol,9.724237151324044,9.90632589356787,-0.18208874224382576
mascarilla,9.17832318213738,9.36047117432409,-0.18214799218671018
consejo judicial,8.943755045164476,9.12595545888021,-0.1822004137157336
injuria corona,9.923077668234225,10.105364718541203,-0.18228705030697867
manifiesto,8.91003802668748,9.092367536632834,-0.1823295099453528
ana,8.705769862506887,8.888177197634597,-0.18240733512771
trafico,8.929245856862474,9.111720987374861,-0.18247513051238684
psoe apoyar,9.900709353404258,10.083309226229984,-0.1825998728257261
sufragio,9.601698689852649,9.784457383331926,-0.1827586934792773
adn,9.6098330099917,9.792633815530063,-0.18280080553836342
comit,9.719970758345319,9.90280916868037,-0.18283841033505155
quincena,9.854564179230213,10.037558722126697,-0.1829945428964841
fallar,9.700321141181899,9.883319651602067,-0.1829985104201679
gas,9.147717538844818,9.330756329415992,-0.18303879057117456
posiblemente,9.8826874967581,10.065877814415849,-0.18319031765774874
escanos psoe,10.005189209466565,10.188599035574736,-0.18340982610817136
consejero,8.163272039213469,8.34668942097771,-0.18341738176424016
llegar num,9.40800245604057,9.591631394579457,-0.1836289385388863
bomba,9.681968343234422,9.865615936787293,-0.1836475935528714
atencion primaria,9.63896008874828,9.82261926515346,-0.18365917640517893
elevar,9.027933068863282,9.211664795032265,-0.1837317261689826
modelo,8.38635769992278,8.570098176191546,-0.18374047626876688
clasificar,9.908068739916803,10.091868256587464,-0.18379951667066052
bloque,8.395264122794508,8.579206630076419,-0.18394250728191075
redondo,9.526255361048298,9.710206011020858,-0.1839506499725605
acogida,9.634666013758833,9.81868708808014,-0.184021074321306
num fallecido,9.903719551667713,10.087821435252806,-0.18410188358509316
mero,9.53223155026604,9.716347957680568,-0.18411640741452828
repunte,9.889195679067397,10.07344237387506,-0.18424669480766376
comercial,9.21461714338115,9.398897871985616,-0.18428072860446676
sala penal,8.871614806562016,9.055967402959729,-0.18435259639771218
progreso,9.606016646637961,9.790479101668407,-0.18446245503044523
zoido,9.484644966237827,9.66917213809965,-0.18452717186182355
producirar,9.666433134101593,9.851013017017307,-0.18457988291571326
ilegalidad,9.74613933907435,9.930981493927423,-0.18484215485307232
subrair,9.589727280768933,9.774571624408305,-0.1848443436393712
ministerio transicion,9.812818681208737,9.997709604587364,-0.18489092337862623
califico,9.882221622805394,10.067147838604054,-0.18492621579865975
consejo administracion,9.489395609704083,9.67433619318606,-0.18494058348197662
informar,8.293952917896172,8.47900565705594,-0.18505273915976694
morir,8.991195975968097,9.176287687700004,-0.18509171173190708
tributo,9.647636095874587,9.832776377944956,-0.18514028207036937
alerta,9.2213695883529,9.406598120368486,-0.18522853201558576
num alcalde,9.897570743899069,10.082822707048352,-0.18525196314928394
incentivar,9.849226821597261,10.03453421660622,-0.18530739500895876
informe policial,9.802714122894125,9.988061615209613,-0.18534749231548808
coordinado,9.93179684814728,10.117247782294124,-0.18545093414684288
lledoners,9.830976719147932,10.016494929694497,-0.18551821054656514
poblacion,8.619738025297,8.805309026143368,-0.1855710008463678
junta portavoz,9.361293271046165,9.546870456607365,-0.1855771855612005
amparar,9.528409564143697,9.714017538527076,-0.1856079743833785
habilitar,9.608318912750274,9.794142934934705,-0.1858240221844305
pequena,9.571794017702858,9.757644549496675,-0.1858505317938164
uruguay,9.742394593116181,9.928345005877262,-0.18595041276108049
extraordinario,8.534093985386779,8.720147286312763,-0.18605330092598393
rural,9.535924890143452,9.721984924651133,-0.1860600345076815
alojamiento,9.854892237407157,10.040956337325298,-0.18606409991814132
credito,9.316681861005499,9.50307045484686,-0.18638859384136097
debiar,9.39755655847288,9.584078617114162,-0.18652205864128213
canal sur,9.804343726668488,9.991017058014734,-0.18667333134624542
nivel,8.360723895830352,8.54748978878754,-0.18676589295718848
alcanzar num,9.449099879329035,9.636473405331547,-0.18737352600251178
ley,6.811900971000909,6.9992807389715,-0.18737976797059108
actualidad,8.94602726998935,9.133513937569866,-0.18748666758051513
ecologicar,9.603623506796351,9.791282752735984,-0.18765924593963312
remitir,9.046576438294895,9.23433097054741,-0.18775453225251404
prudencia,9.803012145418064,9.990879567491586,-0.1878674220735217
asesino,9.795088652998142,9.982956922476973,-0.18786826947883029
denunciante,9.537885572987292,9.725754639834172,-0.1878690668468792
deficit,9.318441540427333,9.506333304607663,-0.18789176418033016
romeva,9.844965638029583,10.032877855633739,-0.18791221760415588
elegirar,9.601764360519512,9.789718512228081,-0.18795415170856877
abdulaziz,9.72964121292523,9.917689038255896,-0.18804782533066522
bin abdulaziz,9.72964121292523,9.917689038255896,-0.18804782533066522
manada,9.778788633686956,9.966856887085129,-0.188068253398173
obligatorio,9.443865291888367,9.631980549611079,-0.18811525772271231
legislativo,8.851873723628051,9.0400009163348,-0.18812719270674805
num semana,9.839653688457567,10.027897442437222,-0.18824375397965554
capital catalán,9.519147783761985,9.707466087040698,-0.18831830327871302
reinsercion,9.870842326172648,10.059184684234438,-0.18834235806179045
ocupar puesto,9.696992129914651,9.885361356169756,-0.1883692262551051
consecutivo,9.605048290272679,9.793528484823089,-0.18848019455040976
acompanar,9.28241522427242,9.470970789633629,-0.18855556536120943
desconfianza,9.4821190705792,9.670787160766773,-0.1886680901875728
manifesto,9.627817022076776,9.816517007307715,-0.18869998523093834
inversion num,9.775858034922276,9.964684894341877,-0.18882685941960098
derecho voto,9.882824828946795,10.071674466723458,-0.18884963777666286
suiza,9.360139456503807,9.549088051018273,-0.188948594514466
explico,9.386709481055052,9.575708815198753,-0.18899933414370196
inicio num,9.864220171709611,10.053365629400252,-0.18914545769064084
tutela,9.70323505699589,9.892433454926081,-0.18919839793019122
marca,8.940846443063771,9.130050383093813,-0.18920394003004226
libertad provisional,9.760809175477952,9.950016490037083,-0.18920731455913042
fronterizo,9.857217958689992,10.04652637740909,-0.18930841871909898
dificultad,9.216263886721235,9.4056038111827,-0.18933992446146597
tribunal constitucional,8.66011832383593,8.849563747954322,-0.18944542411839294
macrocausa,9.647048386013552,9.83661977201781,-0.1895713860042587
restrictivo,9.8927658063092,10.082362655604555,-0.1895968492953557
protegido,9.619190975727996,9.808844612184172,-0.1896536364561765
celebracion num,9.955685440202497,10.145351250983317,-0.18966581078082
punto,7.893070932502816,8.082746071291767,-0.18967513878895126
sierra,9.633042003276335,9.822774160248594,-0.18973215697225854
denunciado,9.280908268425225,9.470649084481288,-0.1897408160560623
turista,9.720353375649877,9.910111071836312,-0.1897576961864349
responsabilidad penal,9.850590272274868,10.040473934152214,-0.18988366187734584
residuo,9.952815526234557,10.142707813827203,-0.1898922875926452
tercio,9.404114051389351,9.594152929082709,-0.19003887769335748
encuestado,9.42439635645275,9.614554608461406,-0.190158252008656
pce,9.334237510917271,9.524412230824005,-0.19017471990673407
periodista,8.216040395993428,8.406318068935862,-0.19027767294243425
paliza,9.862160643964392,10.052452458330231,-0.19029181436583897
fuente ejecutivo,9.589594224825776,9.78002947937558,-0.19043525454980426
investigación sociologica,9.35432975857857,9.5448555233912,-0.19052576481263017
sociologica,9.35432975857857,9.5448555233912,-0.19052576481263017
roca,9.936460269539438,10.127079614194379,-0.1906193446549409
eurocamara,9.375000827694741,9.565789076679955,-0.19078824898521418
comprometer,8.672068015279224,8.8629374012236,-0.1908693859443762
taxi,9.630825388859613,9.821751264447007,-0.1909258755873946
violencia genero,8.80150643592273,8.992468530473255,-0.1909620945505246
funcionario,8.822536481501137,9.013561860557203,-0.1910253790560663
meritxell,9.09533928779943,9.28644411788724,-0.1911048300878111
festivo,9.68726835287571,9.878584454538647,-0.19131610166293633
relatar,9.566130047143748,9.757465605937066,-0.19133555879331787
isabel serra,9.75527086683715,9.946771392201534,-0.19150052536438267
prensa,8.27406784476281,8.465650369767273,-0.19158252500446338
represion franquista,9.665290167591735,9.856988929498435,-0.1916987619067001
num muerto,9.87656995259646,10.068287169944561,-0.191717217348101
escenario,8.446216642268231,8.63812275826328,-0.19190611599504948
candidatura elección,9.787693047350594,9.979620580497896,-0.19192753314730204
resto,7.787032251881533,7.978967727383374,-0.19193547550184054
comunidad autonomo,9.382581376892654,9.574543281304562,-0.19196190441190808
celebrar,7.580353960027137,7.772356366357288,-0.1920024063301513
fundamento,9.87086761965981,10.062873733691326,-0.1920061140315159
forma,7.709948975353706,7.901997926879611,-0.19204895152590495
ausente,9.864720914613455,10.056859287838083,-0.192138373224628
habana,9.918901879112394,10.11113045438812,-0.1922285752757258
refugio,9.715186679552614,9.907431866703524,-0.19224518715090966
botin,9.834546389839147,10.027128118874753,-0.19258172903560578
ano mes,9.544366852375823,9.736950492335646,-0.19258363995982286
inclusion,9.231476340783349,9.42411011738273,-0.19263377659938108
hipotecario,9.844454308784123,10.037101382993093,-0.19264707420897054
comision europeo,9.042664273261778,9.235365135391781,-0.19270086213000326
repartido,9.870020916008414,10.062759542239005,-0.19273862623059124
policia catalán,9.836211788891086,10.029067426951231,-0.19285563806014494
vulnero,9.911222980989926,10.10418691677204,-0.1929639357821138
centro salud,9.767811223697025,9.960814560079376,-0.19300333638235045
ingresar prision,9.780678488606213,9.973750648323053,-0.19307215971683966
cualquiera,8.10293712218046,8.296035313300028,-0.19309819111956728
fianza num,9.851809079977398,10.044932146794187,-0.19312306681678848
agua,8.849178976446286,9.042428365044303,-0.19324938859801755
num encuestado,9.574933521019826,9.768228066156079,-0.19329454513625244
sentencia proz,9.43608213539551,9.629423305409818,-0.19334117001430684
xunta,8.622586601367406,8.816013771464426,-0.1934271700970207
inteligencia,9.013575492047323,9.207111660255089,-0.19353616820776587
pluralidad,9.800816423754858,9.994360603123015,-0.19354417936815693
exponer,9.157809934675068,9.351409942619883,-0.19360000794481458
urgente,8.855965926664913,9.04970740719209,-0.19374148052717644
pertenecer,9.193671935383334,9.3874273906695,-0.19375545528616556
martes consejo,9.637060867279224,9.830976417704605,-0.19391555042538045
reclamación,9.64365143766403,9.837642872184382,-0.1939914345203526
pro,9.757069920685025,9.95108915062689,-0.1940192299418655
autonomos,9.37247654747342,9.566646736749385,-0.1941701892759653
prision provisional,9.58820903804667,9.782459955141254,-0.19425091709458364
ingresado,9.715356433971051,9.909625226144854,-0.1942687921738031
pacto psoe,9.910372695981804,10.104695212259537,-0.19432251627773311
ocurrio,9.43734941189293,9.631780702937544,-0.19443129104461399
elaborar,8.930167412316795,9.124730746945515,-0.1945633346287199
delito desobediencia,9.685725807910547,9.880337146594481,-0.19461133868393432
aplicacion articulo,9.690436347141178,9.885107623611148,-0.19467127646997007
arma,8.771009329967864,8.965774164007366,-0.19476483403950162
ayuntamiento barcelona,9.54125308385093,9.736057453253224,-0.19480436940229318
operar,9.663833770601022,9.858697271926976,-0.19486350132595476
ocupar cargo,9.641022363798136,9.83594367670799,-0.19492131290985348
efectuar,9.782927604831203,9.977849189039297,-0.19492158420809425
oscar,9.568105299574992,9.763051536403749,-0.19494623682875734
zaragoza,9.053563933034686,9.248544996310356,-0.19498106327566944
junio num,9.15320916328048,9.348235692855528,-0.19502652957504907
anciano,9.755406970620106,9.950461924670856,-0.19505495405075024
celebración,9.941026172215125,10.13648579509728,-0.19545962288215613
sabado num,9.718804316333749,9.914365946781688,-0.19556163044793884
num valencia,9.91111209186114,10.10674426826865,-0.19563217640751063
practicamente,9.112563482273039,9.30830860334281,-0.1957451210697716
documento,7.941651393271195,8.137442409065246,-0.19579101579405034
ceuta,9.270645489679625,9.466442634046661,-0.19579714436703632
viajar,9.090693689068235,9.2864912117788,-0.19579752271056527
funcionamiento,9.39172849777846,9.58760455111105,-0.19587605333259006
suprimir,9.476351207523468,9.672382816950364,-0.19603160942689613
conflicto,8.201747640552789,8.397860754146244,-0.19611311359345507
formal,9.523354760988356,9.719501303054479,-0.19614654206612236
semana santo,9.595483857618207,9.791674146512534,-0.19619028889432677
implantacion,9.66057778337932,9.856830094408098,-0.19625231102877727
confirmar,7.938207796462711,8.134488238549014,-0.19628044208630335
contencion,9.857193938776676,10.053833428305541,-0.19663948952886479
patada,9.797903397261853,9.994582297497853,-0.19667890023599988
dirigiar,9.834027232033637,10.030734226908365,-0.19670699487472731
sindical,9.160885581677512,9.357671212018664,-0.19678563034115193
cubrir,9.426498164167562,9.623290972880623,-0.19679280871306126
condenar delito,9.873825645404379,10.07064796119538,-0.1968223157910014
titular,8.498460898262532,8.695418328217473,-0.19695742995494037
malaga,9.250256608967799,9.447300079050393,-0.19704347008259404
espana,6.968398274704219,7.1654596429208235,-0.19706136821660447
forma urgente,9.846076329626305,10.043211642498736,-0.19713531287243136
malversacion caudal,9.759320178823925,9.956499825710692,-0.1971796468867666
caudal publico,9.759320178823925,9.956499825710692,-0.1971796468867666
destitucion,9.535075092641858,9.732255274062872,-0.19718018142101457
urr,9.86690536116584,10.064088861715243,-0.1971835005494036
querella interpuesto,9.85063823351331,10.047860054803827,-0.19722182129051724
riad,9.948903571977963,10.146255092359814,-0.19735152038185078
instancia,9.36534689083575,9.562918276926865,-0.19757138609111458
solicitado,9.061379927822435,9.258952927542742,-0.1975729997203075
delegada gobierno,9.488936592113355,9.686561771334006,-0.19762517922065115
armamentistico,9.804011900087703,10.00164086137121,-0.19762896128350604
felicidad,10.014909485214758,10.212579748616008,-0.1976702634012497
asilo,9.728417489036849,9.92611282734341,-0.19769533830656094
torno num,9.605453690273364,9.80315605724235,-0.19770236696898635
ejecutivo aprobar,9.693049001514497,9.890787753705677,-0.19773875219117976
hija,9.132017580405368,9.32982878975632,-0.1978112093509523
noventa,9.981554956094895,10.179524119981021,-0.1979691638861265
grupo,6.931999015246664,7.130093398619457,-0.19809438337279328
juan manuel,9.774627209831888,9.972750580339977,-0.19812337050808893
espera,8.81459038221534,9.013252793619284,-0.19866241140394436
elemento,9.071369650568204,9.270115512288296,-0.19874586172009145
distancia,9.180920981204274,9.37967790987477,-0.19875692867049644
hector gomez,9.903247326981436,10.102019780114468,-0.1987724531330315
positivo covid,9.992915645693856,10.191689128504478,-0.19877348281062268
congreso senado,9.449670927645464,9.648520690589729,-0.19884976294426515
volveran,9.56557532569363,9.764672778553109,-0.19909745285947977
gobernador,9.752015034320868,9.951149988330512,-0.19913495400964365
franja,9.920894754136157,10.120069423437235,-0.19917466930107786
empezo,9.550366979537712,9.7497282931354,-0.19936131359768794
ocio,9.746622036584814,9.946014996114469,-0.1993929595296553
salida,8.277636364961298,8.477099652986272,-0.19946328802497426
aeropuerto,9.39495025010777,9.594440581072472,-0.1994903309647018
declarar num,9.552313255807569,9.751809845529113,-0.19949658972154438
comunicacion pp,9.875876231637,10.075427264324773,-0.19955103268777385
narrar,9.696378831759656,9.896028528883281,-0.19964969712362546
calendario,9.100741319623044,9.30041420615725,-0.19967288653420567
cupula,8.643077304605136,8.842882573025488,-0.19980526842035218
querido,9.942220469658801,10.142124770522914,-0.19990430086411237
alcalde capital,9.69231784071956,9.892251641431983,-0.19993380071242228
aparecer,8.693833987832257,8.893998601340858,-0.20016461350860126
subvencion,9.582310684136568,9.78248454116431,-0.20017385702774249
bala,9.743630972961164,9.943844860186674,-0.2002138872255106
corto plazo,9.865651083223586,10.065883910938759,-0.2002328277151726
popular asegurar,9.754446534105965,9.954816527774112,-0.20036999366814712
poblado,9.571999341813413,9.772449051686202,-0.20044970987278887
parlamentario pp,9.868787931336756,10.069340135119708,-0.20055220378295147
constituyente,9.83851893953204,10.03912562719344,-0.20060668766140033
aportación,9.445469681689364,9.646125427625073,-0.200655745935709
organizacion,7.817116505837152,8.017887482893697,-0.20077097705654445
representante politico,9.826164929069058,10.026951863246941,-0.20078693417788251
millon euros,9.539091829498892,9.739898521832197,-0.2008066923333054
rota,9.682762648816047,9.883771930521636,-0.20100928170558952
publico,6.874068457519869,7.075115124095135,-0.20104666657526593
verificar,9.97087135471352,10.172065012052714,-0.2011936573391946
util,9.321696156793209,9.522909668009532,-0.20121351121632358
justificacion,9.874060077593384,10.075298686557069,-0.20123860896368484
prestigioso,9.773356362245408,9.9747026836503,-0.20134632140489117
pedir ciudadano,9.74750859624206,9.948855567414949,-0.2013469711728888
mesa,7.4962868174054735,7.69772703090937,-0.20144021350389618
normalidad,9.29554262354808,9.497300113073326,-0.20175748952524586
universidad,8.372369880607764,8.574334166173166,-0.2019642855654027
serar,8.478804483536043,8.680774130803309,-0.20196964726726563
francisco javier,9.84528401278443,10.047389972302899,-0.20210595951846777
sanidad comunidad,9.886850102402624,10.089079255168732,-0.2022291527661082
lazo,9.28101183645451,9.483249424843391,-0.20223758838888095
edicion,9.495897971276886,9.69814494864103,-0.202246977364144
pp buscar,9.86783651113568,10.070189809947962,-0.20235329881228203
monarquia,8.466033638854636,8.668461681748962,-0.2024280428943257
endurecer,9.699109982335317,9.901624313480553,-0.20251433114523643
ratificacion,9.814252783215201,10.016799702968099,-0.20254691975289774
dialogo,7.884943241823654,8.08779036457268,-0.2028471227490254
ley congreso,9.868094936566017,10.071013274559224,-0.20291833799320713
atencion,8.58184032354867,8.784800203407006,-0.2029598798583354
andalucia asegurar,9.840499889565006,10.043509073119601,-0.2030091835545953
juridica,9.297083391853125,9.500098248364985,-0.20301485651186013
enero num,9.233207954690428,9.43656327546949,-0.20335532077906215
bin,9.530973250309344,9.734376479382794,-0.20340322907344976
censo,9.227716700010962,9.431264186568406,-0.2035474865574436
francisco franco,9.277768605959508,9.48146564083648,-0.20369703487697244
diferencia,8.34662564702481,8.550373533927123,-0.20374788690231327
consejero sanidad,9.637583762563466,9.841359518214551,-0.20377575565108508
exiliado,9.606413284951344,9.810243255195452,-0.20382997024410798
publicacion,8.975637579336013,9.179648044173579,-0.20401046483756602
hombre mujer,9.563405619722612,9.76749084966875,-0.20408522994613776
pandemia,7.975459503475936,8.179724037046048,-0.20426453357011187
consigna,9.627586176398866,9.831884687716848,-0.20429851131798138
num adema,9.898342597190563,10.10271057629362,-0.20436797910305593
presentar querella,9.759250072869603,9.963647177744205,-0.2043971048746016
cadena,8.914173605247498,9.118628894011648,-0.20445528876414976
campeonato,9.988672297770796,10.193314878290748,-0.20464258051995188
parcial,9.47348809367099,9.678160574567544,-0.2046724808965532
torneo,9.93879588796843,10.143653312482892,-0.20485742451446143
investigar,7.797941748024058,8.003013049107857,-0.205071301083799
huido,9.731481733258809,9.93656066957716,-0.20507893631835117
europa,8.233687743793366,8.438832702035619,-0.20514495824225243
dirigente vox,9.753335280266619,9.958901064226291,-0.2055657839596723
rectificacion,9.466247059102624,9.671815543678102,-0.20556848457547794
clasificacion,9.928627884829853,10.134198086770901,-0.20557020194104858
frente num,9.120084960442625,9.325795017069494,-0.20571005662686837
sobreseimiento,9.661621782222017,9.867394002803696,-0.20577222058167877
detallo,9.946644593846836,10.152513392518053,-0.20586879867121688
manual,9.91049798446151,10.1164122612109,-0.20591427674938956
viabilidad,9.767097654420388,9.97301743098163,-0.20591977656124172
vox madrid,9.878036722028222,10.084097105424995,-0.2060603833967729
permanencia,9.687964338296412,9.894094526707175,-0.20613018841076247
reduccion,9.135265655751763,9.341409025138995,-0.20614336938723277
mercancia,9.955735099296325,10.16188680884106,-0.20615170954473605
nombre,8.015345549338884,8.221534573337424,-0.20618902399854022
celebrado,8.864633392393792,9.070836103950167,-0.20620271155637582
corear,9.928384780783118,10.134598620965903,-0.20621384018278555
intelectual,9.694104737222755,9.900550324481449,-0.20644558725869366
ascender num,9.633887029876327,9.840463334084584,-0.2065763042082569
secuela,9.90078798176032,10.107391046085421,-0.20660306432510112
vida,8.096593525360976,8.303261263339104,-0.20666773797812787
planteado,9.088472940204912,9.29527234960199,-0.2067994093970782
beb robado,9.92737699450935,10.134195049137825,-0.20681805462847436
actor,9.109308067737427,9.316599622541267,-0.20729155480383987
grabar,9.298283961655207,9.505582954590606,-0.20729899293539944
pablir,9.375142770507457,9.582508073965974,-0.20736530345851634
num celebrar,9.898168569671839,10.105950641380984,-0.2077820717091452
juez instructor,9.766118281991707,9.97397649001299,-0.20785820802128363
parque,9.1129317672334,9.320939778362574,-0.20800801112917355
golpista,9.28350279939063,9.491684262291054,-0.2081814629004235
admitir,8.197395397730771,8.405703470214528,-0.2083080724837565
precio,8.295771405739877,8.504331275559702,-0.20855986981982433
organizado,8.890055847262001,9.09866461862965,-0.20860877136764877
alarma,8.227236863520817,8.436107255186982,-0.2088703916661654
inversor,9.769258547186626,9.978219541976157,-0.2089609947895319
popular num,9.881790805147663,10.090813170266314,-0.2090223651186509
ultracatolico,9.882347432930588,10.091739977024412,-0.20939254409382357
sometido,9.834274330166576,10.043895861326243,-0.20962153115966764
politica penitenciario,9.829960904508747,10.039618753217525,-0.2096578487087779
juzgado penal,9.89793949005285,10.107786520425124,-0.20984703037227348
superavit,9.751052886947978,9.961168653072201,-0.21011576612422367
salio,9.449239718439228,9.659373559822987,-0.21013384138375812
raul romeva,9.888110770756036,10.098349853722747,-0.21023908296671046
delegada,9.396920437401922,9.607285891568242,-0.21036545416632002
pico,9.764316239700507,9.974835234786799,-0.21051899508629113
gestionado,9.867378385538215,10.07793025348866,-0.21055186795044456
disfrutar,9.499794806970964,9.710373084054439,-0.21057827708347432
alimentario,9.912066574739013,10.122824352077007,-0.21075777733799406
espacio publico,9.634985109428735,9.8458859436064,-0.21090083417766436
acusado delito,9.700411041272694,9.911453197803187,-0.21104215653049252
jornada laboral,9.933281460811706,10.144378229988344,-0.21109676917663833
inquilino,9.663311929069637,9.874549378048377,-0.2112374489787392
cotización,9.823907523763578,10.035171164175653,-0.21126364041207424
lider partido,8.867664492497877,9.079000925679976,-0.21133643318209927
obligado,9.04976076617609,9.261189841652607,-0.21142907547651646
recibio,8.769115822802437,8.980555738012587,-0.21143991521014982
tratar evitar,9.8928116050553,10.104259989377262,-0.21144838432196167
identificacion,9.654356005996252,9.86595080921818,-0.21159480322192792
notificar,9.668382291154934,9.880011587511225,-0.2116292963562909
citar,8.646937201835875,8.858806405928059,-0.21186920409218324
provocado,9.254897206926099,9.46676901285206,-0.211871805925961
baja emisión,9.880990771962097,10.09300257766564,-0.2120118057035434
cerrado,8.998882450246064,9.210960649464537,-0.21207819921847282
estudio,8.321378182672843,8.533490751754428,-0.21211256908158482
paso,7.997306933816557,8.209689487155892,-0.2123825533393342
carrera,8.734787105379807,8.947210712174353,-0.21242360679454642
conocido,8.726410347501808,8.938900142263043,-0.2124897947612343
pronunciamiento,9.659561275636136,9.872082688709266,-0.2125214130731301
social migración,9.79059985786563,10.00332734077119,-0.2127274829055601
tercero,8.362451559797075,8.575189577632132,-0.21273801783505775
cristobal,9.663087213036505,9.875878246507302,-0.21279103347079698
boicotear,9.86226990472903,10.075148514722297,-0.21287860999326647
liga,9.590882994770729,9.803993789964778,-0.21311079519404963
responder,8.091490366442974,8.304607230552763,-0.21311686410978936
nazi,9.229518236569984,9.442648024564555,-0.21312978799457127
costar,9.268028413773278,9.481207015328943,-0.21317860155566493
bombardeo,9.88787860514667,10.101238213796266,-0.21335960864959702
unido,7.901934567693009,8.115361147991605,-0.21342658029859596
acción,8.68643992520136,8.899960826302802,-0.2135209011014414
recinto,9.649924486848514,9.863488265598003,-0.21356377874948862
cordoba,9.451708780833846,9.665352041482,-0.21364326064815486
homenaje,8.908430103241018,9.122150417559983,-0.2137203143189641
ochenta,9.918019158052882,10.131769363684876,-0.2137502056319942
procedimiento judicial,9.747685861306536,9.961656890622983,-0.21397102931644696
afín,9.356811903202349,9.570925604483588,-0.21411370128123863
lunes,7.634311687281951,7.848579781971934,-0.21426809468998353
inmobiliaria,9.701982665307563,9.916333266804676,-0.21435060149711305
luis,7.832978817175562,8.04736496907577,-0.21438615190020904
cis,8.86681566993976,9.081202926555465,-0.214387256615705
abril num,9.351527523328638,9.565946980961682,-0.21441945763304382
aniversario,8.843079046801734,9.057753456891048,-0.2146744100893141
orgullo,9.406708967775874,9.621415604945312,-0.2147066371694386
musico,9.687620150436558,9.902373414110087,-0.2147532636735292
similar,8.827003032465496,9.041816133702387,-0.21481310123689035
unicamente,9.160039401363866,9.374854720747916,-0.21481531938404963
criterio,8.662842145750075,8.877682572545538,-0.21484042679546356
rato,9.590429337336216,9.805303575746642,-0.21487423841042563
incrementar,9.267248456736766,9.482150330498124,-0.21490187376135772
devenir,9.808062131870912,10.023014841382667,-0.2149527095117545
reducir num,9.802123111755606,10.017191268069805,-0.2150681563141994
merecer,9.269499370035973,9.484634047984871,-0.21513467794889785
huir,9.623715224829162,9.838946677945678,-0.21523145311651604
polisario,9.616644123794703,9.831900128953265,-0.2152560051585617
pp afirmar,9.6434189588838,9.858885596918332,-0.21546663803453292
girona,9.370515638054167,9.586047260337596,-0.2155316222834287
cayetán alvarez,9.930391689495217,10.145974219832194,-0.21558253033697738
envia,9.447888310813084,9.66352856996469,-0.21564025915160556
autonomico pp,9.751655475666295,9.96737694601895,-0.21572147035265488
servicio inteligencia,9.644821755841939,9.860797127535674,-0.2159753716937356
abrio,9.352334578399747,9.568464707512742,-0.21613012911299556
ministro viernes,9.937923983433008,10.154169730490464,-0.21624574705745658
clase,9.043966540245691,9.26024593282764,-0.21627939258194928
publicado,8.528551855957222,8.744959825293579,-0.2164079693363572
pasivo,9.794805803744017,10.0112229347463,-0.21641713100228266
fotografia,9.442928857073134,9.65958020137503,-0.21665134430189603
canton,9.995795460980338,10.212579748616008,-0.21678428763567048
problema,7.972123298358882,8.189132330740023,-0.21700903238114044
informe num,9.886086932789249,10.103116761816604,-0.21702982902735535
compensar,9.761690937601985,9.978759048159628,-0.2170681105576424
destinar,8.991338557906154,9.208635171632954,-0.2172966137268002
cineasta,9.895643757226496,10.112955104831972,-0.21731134760547555
falsedad,9.064763576047428,9.282162962904941,-0.21739938685751348
delito injuria,9.798391726482205,10.015837706595706,-0.21744598011350114
traslado,9.00179217150307,9.219273582730594,-0.2174814112275243
europeo derechos,9.468158017430365,9.685697793568508,-0.21753977613814257
porcentaje,9.341048214152964,9.55870080273899,-0.21765258858602543
recomendacion,9.71874401944138,9.936445363321038,-0.2177013438796589
reparar,9.889148253528512,10.106912085584248,-0.21776383205573602
banquillo acusado,9.781303166225765,9.999100023260539,-0.2177968570347737
dirigente politico,9.67595849785397,9.893800461860383,-0.2178419640064142
formulado,9.437132754478922,9.65512305023835,-0.21799029575942797
presuntamente,9.059441004290626,9.277617569363576,-0.2181765650729499
errejon,8.627269514738458,8.845468760945577,-0.21819924620711895
contenido,8.653765993178713,8.872244139864806,-0.21847814668609367
sigla,9.357350522094494,9.575876777754036,-0.2185262556595422
menor edad,9.880554462453699,10.099115345587384,-0.21856088313368538
mar,9.179523400896974,9.398269833788342,-0.21874643289136841
finales,9.238373370950448,9.457212390848467,-0.21883901989801835
rapidez,9.895493876362297,10.114514085879918,-0.21902020951762147
estudiar,8.379167558716548,8.598389073756282,-0.21922151503973453
num migrant,9.93121562485643,10.150448534138205,-0.21923290928177508
peticion fiscalia,9.658858459274423,9.87814542030412,-0.21928696102969703
ministro,6.994083432001571,7.213581286674172,-0.21949785467260075
fiscal,7.538222382977154,7.7577765134616765,-0.21955413048452233
actuacion,8.516686732751502,8.736251763146985,-0.2195650303954828
pagado,9.667727992975568,9.887440823333614,-0.21971283035804667
perdida,9.85090330761468,10.070637919381854,-0.21973461176717457
emisión,9.271171350559989,9.490955400543761,-0.21978404998377243
regular,8.815599494950249,9.035407321165186,-0.21980782621493766
cifra num,9.900561169983272,10.120393851087123,-0.2198326811038509
hero,9.953160463842334,10.173064205947572,-0.2199037421052381
preso proz,9.54422243535981,9.7641445547289,-0.21992211936908923
demostrar,8.582306650669171,8.80224167985402,-0.21993502918484964
resistencia,9.35411329966032,9.574049084595753,-0.21993578493543353
carrera judicial,9.76068644207774,9.98078707667791,-0.22010063460017015
efe,9.597717204316861,9.818014648216886,-0.2202974439000247
frontera,8.848274220567696,9.068995529542462,-0.22072130897476683
tratado,9.483834372728326,9.704590883580519,-0.22075651085219228
cese,8.951235785858032,9.172106573107795,-0.22087078724976372
bal,9.566658266211945,9.78762688271032,-0.22096861649837507
provincial madrid,9.437012653900682,9.657986908459122,-0.2209742545584401
victima num,9.935762660256593,10.15679582697485,-0.22103316671825723
estatuto,8.901147336899028,9.122238420034478,-0.22109108313545
definir,8.990331978399299,9.211451529965982,-0.22111955156668373
revalorizacion,9.72622882674538,9.947507569643381,-0.22127874289800076
pagina web,9.665833901048648,9.887113780902721,-0.22127987985407316
editorial,9.774986839822793,9.996289558677733,-0.22130271885493968
art,9.853984887114613,10.075361722577183,-0.2213768354625696
comunico,9.906986033965175,10.12867690281764,-0.22169086885246436
sirio,9.89686680629284,10.118655857924606,-0.22178905163176665
conseller,9.032746084808872,9.25465450502252,-0.22190842021364787
implicar,8.777723414394831,8.999745030615887,-0.2220216162210562
elegido,8.945934814836724,9.168004681758708,-0.22206986692198427
devolucion,9.417449831449359,9.639584371457895,-0.22213454000853616
entrar,8.04507373277954,8.267269362389841,-0.22219562961030093
vacuna,8.82361042394374,9.045906632740294,-0.2222962087965552
agravado,9.831389649599908,10.054069012341168,-0.22267936274126043
empresa espanola,9.79423696347765,10.017346199806997,-0.2231092363293481
fiel,9.562146048104763,9.78525862569686,-0.22311257759209724
queja,9.35756349224346,9.58072570884725,-0.2231622166037912
celebrarar,9.585840610619977,9.809085129251008,-0.22324451863103079
historiador,9.390226534722341,9.613632835579745,-0.22340630085740365
establecer,8.326725811395356,8.550138538208431,-0.22341272681307522
tc,8.808798556652897,9.03222320200057,-0.2234246453476718
olvido,9.591025686456518,9.814867005685842,-0.22384131922932404
aprobada,9.321880049561937,9.545765610578124,-0.2238855610161874
testigo,8.53223822569432,8.75613134538295,-0.2238931196886309
organizacion partido,9.75777924003056,9.981705176705347,-0.223925936674787
serie,8.721010984932098,8.945094165652673,-0.22408318072057476
asistencial,9.921765842604355,10.145931289310836,-0.22416544670648086
armado,9.03902627977054,9.263539222527218,-0.224512942756677
recurso tribunal,9.785099061172268,10.009689305168108,-0.2245902439958396
valla,9.614630841362922,9.839461173259485,-0.22483033189656254
anecdota,9.844800319160777,10.06979346752926,-0.22499314836848328
cdc,9.785903677982997,10.011013216961127,-0.22510953897812946
jefatura,9.502859821934344,9.727991472137461,-0.22513165020311732
denominado,9.057244543358248,9.282407103412044,-0.2251625600537963
vision,9.60741631156345,9.83259714555052,-0.22518083398707134
septiembre num,9.441797241509502,9.667109320151019,-0.22531207864151703
memoria democratico,9.093845822079045,9.319368353452662,-0.22552253137361689
red social,8.49546733446131,8.721059280985209,-0.2255919465238989
corto,9.347934730264415,9.57359863672202,-0.22566390645760492
propietario,9.219092396312794,9.444772986058503,-0.22568058974570882
cgpj,8.438241064840561,8.664070469032309,-0.22582940419174768
num alto,9.83431182405085,10.060295912996065,-0.22598408894521427
espanola,8.033909895398725,8.259958804849282,-0.22604890945055622
orientacion,9.868210068998799,10.094363762748959,-0.2261536937501596
social num,9.854998778806559,10.081168344163604,-0.22616956535704524
palau generalitat,9.815233793994214,10.041417560968174,-0.2261837669739606
velar,9.653777230949322,9.880204257037768,-0.22642702608844623
indemnización,9.658164730181449,9.884687640721818,-0.22652291054036944
monte,9.562372856460035,9.789042112713565,-0.22666925625352974
madrid central,9.616520365672288,9.8431917600237,-0.2266713943514116
dictadura franquista,9.331070391809824,9.558216866796755,-0.22714647498693097
recorrer,9.480186778888926,9.70743272396364,-0.22724594507471352
anulacion,9.810496284437148,10.037940631091397,-0.22744434665424862
sintoma,9.513966258381563,9.741621371879404,-0.22765511349784084
santa,9.441860181614661,9.669561227265069,-0.2277010456504076
acordado,9.108242869731011,9.336032550021804,-0.22778968029079216
francisco,8.024663932525645,8.252455534860104,-0.2277916023344595
magistrado considerar,9.770731434983738,9.998585045833897,-0.22785361085015943
casar,9.754733599482469,9.982604241868628,-0.22787064238615962
cobrar num,9.704315510731238,9.932310544044856,-0.22799503331361848
listo,9.455450719731695,9.683620968622854,-0.22817024889115878
pp defender,9.818705786343916,10.046930804041326,-0.22822501769740988
independencia,8.588833577623497,8.817215768967706,-0.22838219134420967
circular,9.345869923487669,9.574255197220351,-0.22838527373268214
mocion presentado,9.865391310477388,10.093807570153338,-0.22841625967594936
constar,9.123104424187805,9.351548969672969,-0.22844454548516424
necesario,7.901366769189723,8.129849888446865,-0.2284831192571417
participacion,8.2900154511487,8.51861189500175,-0.22859644385305167
local num,9.913266931013357,10.142033598293134,-0.22876666727977657
conferencia,8.586082334608609,8.814912764175665,-0.22883042956705602
terrible,9.749936354404854,9.978912210723827,-0.22897585631897321
farmaco,9.917755068083737,10.146852093411752,-0.22909702532801468
nuclear,9.671081130145497,9.900203398028125,-0.22912226788262835
comision congreso,9.722817673751813,9.951980735523021,-0.22916306177120838
instalado,9.718365732177613,9.947569215425876,-0.22920348324826278
nego,9.392051898161712,9.621435134415114,-0.22938323625340118
fiscalia anticorrupcion,9.108796128359172,9.338230666535553,-0.22943453817638115
generalitat valenciano,9.597286519639674,9.82700430367468,-0.22971778403500664
sedicion,8.972362114134405,9.202127551509097,-0.22976543737469157
cohesion,9.711449980381335,9.941444626211304,-0.22999464582996865
separado,9.188857768756984,9.418870685488072,-0.2300129167310878
deuda,9.048143942450888,9.27818248969771,-0.2300385472468207
rastro,9.691017770803965,9.921303639499536,-0.23028586869557088
circulacion,9.840323560749962,10.070682493832456,-0.23035893308249378
victima violencia,9.576445348272827,9.806855005448995,-0.23040965717616757
dibujo,9.96260627304912,10.193037359764478,-0.23043108671535784
guadalajara,9.835507671823434,10.066098717577106,-0.2305910457536715
nacionalidad,9.632148926014942,9.862802399831663,-0.2306534738167212
impartir,9.810352366235325,10.04113657361252,-0.23078420737719618
criminal,8.89628165991066,9.127226029711059,-0.23094436980039923
policia autonomico,9.767756089739693,9.998750615865475,-0.23099452612578197
especialista,9.651489230931393,9.882493156999239,-0.2310039260678458
urbanismo,9.596105234853308,9.827341379706258,-0.23123614485295008
integrar,9.1347772370224,9.366085011909279,-0.23130777488687926
octavo,9.789624272880259,10.020990026319119,-0.23136575343886
abonar,9.448840215973204,9.68025398681228,-0.231413770839076
cargo pp,9.861220272134215,10.092749193901248,-0.23152892176703332
ofrecer,8.27304841173364,8.50468531507993,-0.23163690334629017
vial,9.980888615207418,10.212579748616008,-0.2316911334085905
avalar,8.817049102022345,9.04882499600723,-0.23177589398488507
campuzano,9.879315751071566,10.11118400147152,-0.23186825039995362
remitio,9.774127254977737,10.006031297690406,-0.23190404271266907
critica pp,9.908740024152001,10.140698943727442,-0.23195891957544035
recurso pp,9.907241911909653,10.13920685885213,-0.23196494694247782
franquismo,8.57085535063184,8.802977491729497,-0.2321221410976566
sindicato patronal,9.674374757711336,9.906656962438804,-0.2322822047274684
mayo,7.88908970198533,8.12140299247214,-0.23231329048681015
goma,9.857303718482632,10.08964945033639,-0.2323457318537585
tomado,9.22641710752747,9.458999209866704,-0.2325821023392347
omnium cultural,9.523589631902597,9.756339937009935,-0.23275030510733785
terminal,9.783515717560736,10.016268711391687,-0.23275299383095138
violar,9.51038292967839,9.743226005780082,-0.23284307610169286
convencido,9.076601656986044,9.309450629795135,-0.23284897280909078
familia,7.826795019590408,8.059748499109054,-0.23295347951864542
extranjero,8.782723211309293,9.015740025690645,-0.2330168143813527
joe bidir,9.76385912596028,9.996879898840342,-0.23302077288006195
international,9.765265583332761,9.998628258278854,-0.2333626749460933
ciudadano pp,9.711553728616435,9.944962181984883,-0.2334084533684475
alto,7.580985982372636,7.814477401660915,-0.23349141928827954
parar,9.33248351598308,9.566008211240089,-0.23352469525700847
via,8.203537347804426,8.437071475207155,-0.23353412740272894
atocha,9.89047620070806,10.124032872659967,-0.23355667195190755
sistematico,9.75432100509332,9.98793618319714,-0.23361517810382004
anc,9.166028644459002,9.399671969582997,-0.23364332512399422
aguardar,9.813151553884664,10.04692289953877,-0.2337713456541053
exposicion,9.559922274387377,9.793772422930395,-0.23385014854301822
causa abierto,9.688256304400053,9.922291401170128,-0.23403509677007506
anteproyecto ley,9.40125782484744,9.63550581730962,-0.23424799246217987
num nombre,9.952643628996908,10.186981608021018,-0.2343379790241098
comprobar,9.214404873600984,9.448971591502742,-0.23456671790175854
determín,9.916688158909999,10.15133076775622,-0.23464260884622057
conflicto politico,9.413321294447346,9.648071713762173,-0.23475041931482643
falta,7.878900735151748,8.113792078031993,-0.23489134288024527
mediados,9.537036631666242,9.772173416792032,-0.23513678512579084
tipo,8.126472114706372,8.361617708935782,-0.23514559422940984
dirigido,8.512355143911037,8.747550327567783,-0.23519518365674585
bidir,9.627139376591417,9.862362200193584,-0.2352228236021663
jubilado,8.833110935491016,9.068474263252652,-0.23536332776163604
insuficiente,9.234144797311577,9.469511536762152,-0.2353667394505745
euros num,9.20564847234166,9.44101926211301,-0.23537078977135018
electronico,9.614030045139838,9.849423601233047,-0.235393556093209
rescatado,9.960964633273946,10.196375830058386,-0.23541119678444034
requerimiento,9.470497440466454,9.706034952934601,-0.23553751246814691
canto,9.608516509235152,9.8441307320979,-0.2356142228627487
sabado,8.140144593240688,8.376029668445387,-0.23588507520469904
subida smi,9.650644776453538,9.886556037792326,-0.2359112613387886
hora,7.430939572184539,7.666874806252828,-0.23593523406828876
invierno,9.743603275144348,9.979593248507973,-0.23598997336362437
memorialista,9.419088782925746,9.655087829241518,-0.23599904631577218
juzgado contenciosoadministrativo,9.850613735370153,10.086695034072642,-0.23608129870248895
grupo persona,9.916595889759265,10.153271424011592,-0.23667553425232768
previsto,8.214488716860338,8.451246415382181,-0.2367576985218438
limitacion,9.511108843457457,9.747905660620157,-0.23679681716270018
madrid num,9.190292195387112,9.427203857898096,-0.23691166251098394
religion,9.788178308118589,10.025096447957221,-0.2369181398386324
figurar,8.917349953810199,9.154341813805969,-0.23699185999577033
deber,7.452100814550874,7.689218535397246,-0.2371177208463724
acuerda,9.801995079850096,10.039243164495963,-0.23724808464586644
colocar,8.935203152730349,9.172569840358053,-0.23736668762770385
comicio,8.1082925254285,8.345660302587408,-0.23736777715890867
dano,8.80949756017043,9.047033091912091,-0.23753553174166164
dotacion,9.622021116941902,9.859742078958435,-0.23772096201653348
psoe partido,9.85744648310903,10.095287380785239,-0.2378408976762092
encargo,9.445429169821015,9.683273791198326,-0.23784462137731133
base,8.2427530018259,8.480761976046116,-0.23800897422021627
privado,8.34952496562994,8.587573714971818,-0.23804874934187836
decidir,7.826270979070017,8.064648239044955,-0.23837725997493742
fusilado,9.502795774546898,9.741405390925532,-0.23860961637863376
maxima,9.676865350817971,9.915554186100822,-0.23868883528285068
militar num,9.667411598487984,9.90640121648605,-0.23898961799806528
vox pp,9.49829804631804,9.737495332632104,-0.23919728631406478
num metro,9.824530617159327,10.063846031321608,-0.23931541416228086
juan lobato,9.777806227457265,10.017139375994011,-0.2393331485367458
viajero,9.897594713260506,10.136966847607612,-0.23937213434710536
jo luis,8.320210495411771,8.559991044540896,-0.23978054912912405
ertzaintza,9.763526445795025,10.003508495904585,-0.23998205010956042
alcanzar,8.202010866815995,8.442074559064283,-0.24006369224828816
antoni,9.64182272293937,9.881891117486289,-0.24006839454691864
fundamental,8.632040917224634,8.872187791266661,-0.2401468740420274
suministro,9.436629715028683,9.6770770585133,-0.24044734348461638
calle,8.359577729717383,8.600096371881433,-0.24051864216404972
vox considerar,9.899796872915138,10.140316365868244,-0.2405194929531067
integrante,9.07398584124537,9.314597522729313,-0.24061168148394252
sumario,9.209078425704254,9.449794680603986,-0.24071625489973236
union europea,8.992391968730088,9.233172367808693,-0.2407803990786057
elevado,9.511681073922507,9.752518583152362,-0.24083750922985558
pp considerar,9.603732104649863,9.844710783912177,-0.2409786792623141
luz,8.368979674163787,8.610065570712107,-0.24108589654832002
amparo,9.180589604452527,9.421705861338218,-0.24111625688569127
decision tomar,9.680460895282973,9.921595631573071,-0.24113473629009796
bernardo,9.97138819335632,10.212579748616008,-0.24119155525968772
gobierno isabel,9.526712519893511,9.767925078572397,-0.24121255867888536
institucion,8.52670518443708,8.768086710369122,-0.24138152593204154
argentino,9.299881636369925,9.541286836903609,-0.2414052005336842
maria luisa,9.865632063380462,10.107041062858167,-0.24140899947770578
visto sentencia,9.710178682005035,9.951606008015336,-0.24142732601030126
fosa común,9.690822282589064,9.932266046900578,-0.24144376431151393
asiatico,9.799174898557297,10.040692728330106,-0.24151782977280867
motivacion,9.851466978763037,10.09301703597951,-0.2415500572164735
cup bng,9.921350878231182,10.162942352409765,-0.2415914741785823
psoe afirmar,9.881174585490768,10.122769717000049,-0.24159513150928014
minuto minuto,9.64710811250338,9.888786897167604,-0.24167878466422366
celebracion,8.679980400271942,8.921804796053326,-0.24182439578138393
terreno,9.286109794247267,9.528002093687283,-0.2418922994400159
euros ano,9.495387336282096,9.737444324275595,-0.2420569879934984
asegurar entrevista,9.62428239459463,9.866358201617201,-0.24207580702257125
economia social,9.684518259222104,9.926775509422926,-0.24225725020082223
detallado,9.666136076074856,9.908584099884397,-0.24244802380954056
marea,9.319237379333154,9.56179496561054,-0.24255758627738544
camarar,9.35715244660825,9.600179773837597,-0.24302732722934728
cotizacion,9.831737811878273,10.075115906286314,-0.24337809440804037
dicto,9.753205375359535,9.996665494388063,-0.24346011902852815
avenida,9.86770108547537,10.111170187572606,-0.2434691020972366
num miembro,9.48442087825452,9.727890418240499,-0.24346953998597876
publicar,7.6844659512499325,7.927949408421803,-0.24348345717187048
municipal,7.627986352889711,7.87164955565165,-0.24366320276193854
desatascar,9.855767477509747,10.09952070520118,-0.24375322769143182
elaborado,9.15272993645438,9.396613660739531,-0.24388372428515126
latino,9.69862105394997,9.942548740601413,-0.2439276866514426
virtud,9.666235660831603,9.91019281474813,-0.2439571539165275
miquel,9.392180355378189,9.636153070020661,-0.2439727146424726
pagar multa,9.831134120374264,10.075141436054054,-0.24400731567978973
iniciar,8.406264283156684,8.65044566280024,-0.2441813796435568
magistrada,8.87787815595193,9.122211393228227,-0.2443332372762974
num dosis,9.843480306863212,10.088006317582794,-0.24452601071958213
apelacion,9.43177488963362,9.676332947757253,-0.24455805812363174
descendiente,9.599667112945463,9.844274861758894,-0.24460774881343106
desescalada,9.515485744466599,9.760195956820164,-0.24471021235356538
alemar,9.557732106455772,9.802482868466077,-0.24475076201030532
incluirar,9.600243371998967,9.845117443538731,-0.2448740715397637
escanos vox,9.943538297534504,10.188599035574736,-0.2450607380402321
fós comun,9.848180926707249,10.093309270371716,-0.2451283436644669
telematico,9.213224584807177,9.458460560895274,-0.24523597608809666
omnium,9.327328566180014,9.572637087529312,-0.2453085213492976
bla,9.622048075592609,9.867371624978974,-0.2453235493863648
mes num,9.658399951070725,9.90423507455483,-0.2458351234841043
ayuda num,9.838829650802822,10.0848259781201,-0.24599632731727894
interpuesto,9.306430522181914,9.552496732836033,-0.24606621065411893
puig,9.274099485673204,9.520304091855097,-0.24620460618189277
representacion,8.669346512993677,8.915591053966375,-0.24624454097269854
num inicio,9.942851397351843,10.189137995264078,-0.24628659791223484
imputar delito,9.80097603391644,10.04738307808466,-0.24640704416822068
ginebra,9.766012198738887,10.012441432249615,-0.2464292335107281
institución penitenciario,9.743166404890541,9.989654798918817,-0.24648839402827605
gestion pandemia,9.67850162281041,9.925001129585102,-0.24649950677469157
abierto,8.115317748867335,8.362103397139261,-0.24678564827192595
ley secreto,9.683276445577235,9.930216219268067,-0.24693977369083164
magistrado audiencia,9.541245713537023,9.788364177554811,-0.24711846401778814
teniente coronel,9.770464211540343,10.017622003997195,-0.24715779245685177
fe,9.59417410114375,9.8414052544756,-0.24723115333184964
obstaculo,9.517523282216318,9.764773400491517,-0.24725011827519872
vinculo,9.357439737310791,9.604901841344748,-0.24746210403395708
aprobar,7.491296389881537,7.7389117002446675,-0.24761531036313045
anticorrupcion,8.68134256964723,8.929009422195374,-0.2476668525481447
acumular,9.191172383963888,9.439204190003426,-0.24803180603953834
rioja,9.460423839820253,9.708594349861082,-0.24817051004082913
habitante,9.155877365111838,9.40410126525881,-0.2482239001469715
temporalmente,9.834893238219493,10.083430676359594,-0.24853743814010087
abu,9.594729542042426,9.843366395369438,-0.24863685332701202
mulet,9.582538272331949,9.831182159447048,-0.2486438871150991
prescripcion,9.754875912638166,10.003549129007064,-0.24867321636889805
jueves,7.565153912731812,7.8142005343355345,-0.24904662160372215
contable,9.688452454746402,9.937785488198518,-0.24933303345211577
denuncio,9.037985976681528,9.28731996873465,-0.24933399205312234
determinado,9.020569262585528,9.270007713037197,-0.24943845045166846
subsidio,9.742779170933616,9.992230638807584,-0.24945146787396766
plazo mes,9.645834440155507,9.895307026555756,-0.24947258640024828
enfermedad,9.040782196965854,9.290288789614877,-0.24950659264902342
canal,8.958882947775232,9.20873471214832,-0.24985176437308887
bar,9.159381426147203,9.409286451426645,-0.24990502527944258
semestre,9.792389067093799,10.042363723486115,-0.24997465639231642
arabia saudi,9.522861891291136,9.77287225336177,-0.25001036207063443
ii,9.215637302774443,9.46575371013401,-0.25011640735956675
especial,8.827951211430202,9.07811128370014,-0.25016007226993864
sesión,9.11767529478532,9.367839449066405,-0.2501641542810855
asamblea nacional,9.89140234834342,10.141689697194705,-0.2502873488512858
definitivo,8.699364705220939,8.949652169011664,-0.2502874637907251
proximos,8.55534428070013,8.80570798472221,-0.25036370402207986
pilar,8.728402600227652,8.978855446453636,-0.2504528462259845
acusar delito,9.698055792441128,9.948604590112469,-0.25054879767134075
estudiante,9.203745546710799,9.454487029640397,-0.2507414829295982
termino,8.912801027232941,9.163685715686176,-0.25088468845323497
contagiado,9.667136720529802,9.918023950499267,-0.25088722996946444
publicidad,9.585903639764213,9.837159710000636,-0.2512560702364226
feijoo,7.9581077049419315,8.209374008529783,-0.25126630358785196
debio,9.60300531823179,9.854313776490459,-0.2513084582586682
interior fernando,9.884370353158051,10.135757433477488,-0.2513870803194376
modificacion,8.8162613543112,9.067760234602344,-0.25149888029114464
clinico,9.750650680600769,10.002313117626294,-0.2516624370255247
num diciembre,8.57796470663382,8.82965022371667,-0.2516855170828496
absolver,9.53529836266134,9.787070997964753,-0.25177263530341243
envio,9.190327691693376,9.442178085642897,-0.25185039394952113
permitir,7.967636460626,8.21961953967238,-0.2519830790463793
tren,9.498446641864989,9.750535730379541,-0.2520890885145519
ejecutivo isabel,9.846820592990928,10.099031561522485,-0.252210968531557
corinna,9.822437455193754,10.074665550013338,-0.25222809481958386
considerar,7.047794766751314,7.300031429944816,-0.2522366631935027
joaquim forn,9.771852089222978,10.024162845184891,-0.2523107559619131
advertir,7.80844411399103,8.060788488801506,-0.2523443748104768
adema num,9.757727180982876,10.010089612278499,-0.25236243129562297
belico,9.647061674479772,9.899811147247373,-0.25274947276760074
catalán,7.657393958627106,7.910311009833965,-0.25291705120685926
eventual,9.34406140750546,9.59716259119285,-0.25310118368738976
carmen calvo,9.281184576951327,9.534327733749933,-0.2531431567986058
derivado,9.429336383277436,9.682543085543038,-0.2532067022656026
afrontar,8.577589167841051,8.830917735658852,-0.25332856781780144
instruccion num,9.396006671769165,9.649392760620575,-0.25338608885141056
jordi pujol,9.853720524728734,10.107226552032078,-0.2535060273033434
num enero,8.725816217867116,8.979490056564577,-0.25367383869746085
creado,9.115543137615965,9.369270133891705,-0.2537269962757396
liderar pp,9.879383021136382,10.13311881583625,-0.2537357946998675
exconseller,8.985714139368131,9.239565609442677,-0.25385147007454556
prestar declaracion,9.853055357268023,10.106963413173084,-0.25390805590506105
completar,9.452055870821175,9.70612497998137,-0.254069109160195
alberto luceno,9.90124047182087,10.155332203281258,-0.2540917314603881
eliminacion,9.36976061844735,9.624140242307373,-0.25437962386002333
proponer noticia,9.698385358379703,9.95284454465151,-0.2544591862718075
treintena,9.647512224204846,9.901998074427976,-0.25448585022313
departamento,8.700304289243416,8.955161852810775,-0.25485756356735934
utilizar,8.249044335301768,8.503906974302208,-0.2548626390004394
visibilizar,9.791545429467247,10.046414091374093,-0.2548686619068459
padre,8.412118225313385,8.667271450532857,-0.2551532252194715
proporcionar,9.490140217364587,9.745500715877911,-0.25536049851332443
soldado,9.430000363126918,9.685418019702382,-0.2554176565754638
comportamiento,9.326699520470196,9.582133465430246,-0.2554339449600498
arrancar,8.875260728996171,9.130722455372979,-0.255461726376808
policia judicial,9.671862976132703,9.927400541242186,-0.2555375651094831
octubre num,9.023118905678293,9.27877418643492,-0.2556552807566259
vicepresidenta,7.552995487241999,7.808724086774555,-0.25572859953255644
confederacion,9.756855929644221,10.012632364200375,-0.25577643455615373
medida gracia,9.722919534562424,9.978799766372935,-0.25588023181051156
ministerio interior,8.896215972361766,9.152181775769762,-0.2559658034079959
der,9.900540391115426,10.156605892370624,-0.25606550125519867
iturgaiz,9.888161308899196,10.144259278964537,-0.2560979700653405
rechazar,7.573277505809598,7.829396532745915,-0.25611902693631716
piloto,9.824392656440683,10.080690101358224,-0.25629744491754103
derivar,9.533277901671855,9.789635766422382,-0.2563578647505267
europeo,7.497855079705146,7.754279069414374,-0.2564239897092282
tribunal garantia,9.695154928960807,9.951681599835503,-0.2565266708746954
accidente,9.32238030108772,9.578988458214505,-0.2566081571267844
mostol,9.817923827737355,10.074616040688124,-0.25669221295076916
caudal,9.659742255926815,9.916493914212133,-0.2567516582853173
designacion,9.268478986949988,9.525387435736354,-0.25690844878636554
familiar victima,9.79984392216933,10.05680577601031,-0.2569618538409788
curso,8.797552134280426,9.054579468007876,-0.25702733372745
retraso,9.17608862678548,9.433210048981504,-0.25712142219602363
delito prevaricacion,9.352582441830636,9.609761584174874,-0.25717914234423844
observar,9.671456274182725,9.928733035950824,-0.25727676176809844
propiedad,8.955560497178093,9.213125384920946,-0.2575648877428538
obstante,8.962053936475032,9.219671303943121,-0.2576173674680895
francés,9.370343992378926,9.628026470358042,-0.2576824779791167
particular,8.898725262401877,9.15643221486433,-0.2577069524624527
num sero,9.839133177207424,10.097210611258435,-0.25807743405101036
num mayo,8.27621679660699,8.534383482570053,-0.25816668596306336
semanal,9.524477561101623,9.78309371908412,-0.2586161579824964
san,8.726374066347512,8.985244397709105,-0.2588703313615923
manuel franco,9.771618311176532,10.030669685461838,-0.2590513742853062
num mes,8.905737433583397,9.164835408374028,-0.259097974790631
desproporcionado,9.737610468354895,9.996895731133803,-0.2592852627789082
acordo,9.550883801661401,9.81022381688148,-0.2593400152200793
ramon,9.083458272918811,9.342807897095526,-0.25934962417671414
comienzo,9.522387337257896,9.781903498907962,-0.2595161616500654
mes carcel,9.726454776878555,9.98637498209301,-0.25992020521445447
usd num,9.952624453504619,10.212579748616008,-0.25995529511138926
delito cohecho,9.559974407514078,9.820044367710056,-0.2600699601959775
banquillo,9.136243563605166,9.396333037670702,-0.26008947406553595
susceptible,9.881213756736033,10.14144505657366,-0.2602312998376277
negocio,8.67047521983048,8.930776437961306,-0.2603012181308255
plantilla,9.499338437800052,9.759983263195238,-0.2606448253951861
ubicacion,9.805709110367362,10.066415202793426,-0.260706092426064
cristiano,9.588851254981932,9.849593857448284,-0.26074260246635106
manifestación,9.021696817379633,9.282500104979102,-0.2608032875994688
especificar,9.486997017806232,9.747975003528955,-0.26097798572272346
web,9.110026889313831,9.37106960288535,-0.26104271357151987
garantizado,9.412997072565823,9.674136884495175,-0.2611398119293522
luis escrivo,9.737293378702793,9.998448397494476,-0.26115501879168335
sentimiento,9.44053406538711,9.701727771654344,-0.2611937062672336
ubicado,9.496789258961007,9.75803805442811,-0.2612487954671021
ciudadano andalucia,9.891526428082061,10.153058814329254,-0.2615323862471932
organo,7.965721380501945,8.227324081153524,-0.2616027006515793
cuantia,9.610440830671543,9.87205782475895,-0.261616994087408
vacunacion,9.229712622474635,9.491490093632269,-0.26177747115763417
condenado,8.482175994624045,8.74401006286411,-0.2618340682400646
someter,8.998121257974619,9.260111748178344,-0.26199049020372556
regulacion,8.863089917949416,9.125110971019168,-0.262021053069752
extradicion,9.45616561833424,9.718218936134301,-0.2620533178000617
ratificar,8.78988976842896,9.05200546529633,-0.2621156968673706
defensa,7.556526206479217,7.818662300452294,-0.26213609397307724
titular juzgado,9.487894802310851,9.750171933085301,-0.26227713077445003
sicilia,9.756311509340836,10.018589750867175,-0.2622782415263387
tribunal rechazar,9.556643056509127,9.818929764266118,-0.26228670775699037
votación,9.233706364861863,9.496014576590609,-0.26230821172874563
ministro luz,9.839503364640896,10.101825091053247,-0.26232172641235074
coalicion pp,9.80538896128215,10.067942885725452,-0.26255392444330283
permitirar,9.225479818944999,9.48804882785432,-0.26256900890932044
capitar,9.733504042216069,9.996096895558628,-0.262592853342559
apreciar,9.356988786915112,9.619718815311495,-0.2627300283963834
eliminar,8.82324932454377,9.086029540030166,-0.2627802154863961
situacion,7.629778047836574,7.8926518411650814,-0.2628737933285077
provincial,8.514982818367132,8.77786605603972,-0.2628832376725878
numero pp,9.640824417108883,9.903797812650607,-0.2629733955417244
normativa,8.702095619351008,8.965085503736965,-0.2629898843859575
comunitario,9.328522967072212,9.591518360687797,-0.26299539361558466
producir,8.013554521643627,8.276569070451583,-0.2630145488079556
direccion pp,9.533239085340465,9.796395386198961,-0.26315630085849584
condeno,9.54069879441855,9.804060676555002,-0.2633618821364525
delito odio,9.23180462625252,9.495176339446132,-0.26337171319361197
realacer,9.514996073481377,9.778412130581664,-0.2634160571002866
unificado,9.687896284375851,9.951716934579938,-0.26382065020408696
posesion,9.144113467472556,9.407969352118885,-0.26385588464632903
reapertura,9.721287445258334,9.985213399533835,-0.2639259542755017
instruir,9.582837115363668,9.846854410859713,-0.26401729549604447
sancionar,9.47707160781269,9.741156438910641,-0.2640848310979518
presencial,9.66709257581559,9.931205907721141,-0.264113331905552
ione belarra,9.82515639162133,10.089477848088798,-0.2643214564674672
efecto,8.612849674593374,8.877207263348021,-0.2643575887546472
decisivo,9.226885344519532,9.491405691169225,-0.26452034664969304
solicitar,7.934556462129379,8.199142390473899,-0.26458592834451977
ascender,9.364606152227108,9.629323407611777,-0.26471725538466906
co,9.802531349146728,10.067398115072443,-0.26486676592571534
caida,9.034652430170988,9.299523777025257,-0.26487134685426916
pp partido,9.658678733312264,9.92357622081047,-0.26489748749820485
denunciar,7.638304481216286,7.90328776741462,-0.26498328619833345
agredir,9.542908947651876,9.807970251277473,-0.2650613036255969
estir,8.196380546374472,8.461504197577083,-0.26512365120261094
describir,9.581864331137732,9.847017407616944,-0.26515307647921205
esclarecer,9.239638220543226,9.504936327261762,-0.2652981067185358
europea,8.820639834544469,9.085942058790126,-0.26530222424565686
obra,8.503298620256531,8.76870663443191,-0.26540801417537807
victima terrorismo,9.488777471344235,9.754248664439443,-0.26547119309520717
material militar,9.78851454666456,10.054160229589966,-0.26564568292540613
junta tratamiento,9.819807851344814,10.085657752902485,-0.2658499015576705
dictar,9.274674231106404,9.54068868011911,-0.2660144490127063
consumo,8.840068981899774,9.106210582245657,-0.2661416003458825
autorizacion,9.218708061641822,9.484851310593346,-0.26614324895152386
incluir,7.814466732679691,8.080618933579094,-0.2661522008994037
barajar,9.360204621819502,9.626764581187363,-0.2665599593678607
sociologo,9.769008277320912,10.035713466820766,-0.266705189499854
director,8.201288421265637,8.468017387570379,-0.26672896630474163
decision,7.3332097095125395,7.5999864816710865,-0.266776772158547
afp,9.945744104991675,10.212579748616008,-0.2668356436243329
delegacion gobierno,9.455704306861026,9.722587268101552,-0.26688296124052613
vox partido,9.783441009702578,10.050577711953693,-0.26713670225111485
ugt,8.929239736712006,9.196396238192625,-0.26715650148061876
abusivo,9.746930457387421,10.01427391017775,-0.26734345279032823
extender,9.195689193546778,9.463216306914871,-0.267527113368093
superior num,9.627469343271764,9.895292224528287,-0.26782288125652265
rocio,9.332458662910332,9.600351606853812,-0.2678929439434796
pasar num,9.307516581201357,9.575483826914994,-0.2679672457136366
descenso,9.797909506572628,10.065957795499921,-0.26804828892729304
algun tipo,9.717737500248878,9.985901107183203,-0.2681636069343245
enero,8.235203065351934,8.503436957425318,-0.26823389207338444
valladolid,9.372956126469075,9.641411721106182,-0.268455594637107
durar,9.203710041304477,9.472228742752106,-0.2685187014476291
convocar,8.150665579274648,8.419223597026134,-0.26855801775148613
crimen,8.874298043709947,9.142904827050389,-0.2686067833404415
costo,9.669432703034673,9.938298438614042,-0.26886573557936977
doble,9.29651303594186,9.565387223525532,-0.26887418758367154
ccoo ugt,9.546130467143836,9.815014502089456,-0.26888403494561963
fascista,9.330386114592196,9.599272890337836,-0.26888677574564035
imposibilidad,9.828079367787087,10.096969002517728,-0.2688896347306411
prision preventivo,9.382723550975827,9.651740678084387,-0.26901712710855996
metro,9.301830194761273,9.570927073135314,-0.2690968783740413
arabia,9.487951329659404,9.757104104346132,-0.26915277468672727
especie,9.429042922293368,9.698445090022553,-0.2694021677291847
mundial,9.033323271104567,9.30274768008392,-0.2694244089793525
torra,8.845668097221951,9.115115821651198,-0.2694477244292468
salario,8.769532195106477,9.039116814968741,-0.2695846198622647
concurrirar,9.805546795683021,10.075206206394082,-0.2696594107110606
paz,8.89962812105289,9.169610859242345,-0.26998273818945506
actualizar,9.547277664838411,9.81726327299487,-0.26998560815645867
martes,7.5139279657397795,7.784076169734509,-0.2701482039947294
situado,9.42364256087502,9.69396257066333,-0.2703200097883105
reyes,9.87389048956177,10.14427567107247,-0.2703851815107008
rivas,9.742396169528199,10.012808632338345,-0.2704124628101461
joe,9.728740694996956,9.999545889368402,-0.27080519437144623
tramitar,8.738058062700215,9.0089067543385,-0.2708486916382853
confinamiento,9.072047819602517,9.343109567232577,-0.2710617476300605
limite,9.235147766443095,9.50640847356113,-0.27126070711803507
soberanista,8.82595081773951,9.097305816946436,-0.27135499920692574
ourense,9.405259204619846,9.67665842143148,-0.27139921681163415
encarar,9.763715443960491,10.03528812371882,-0.27157267975832866
comisionado,9.811862449377832,10.083637589204008,-0.2717751398261754
licitacion,9.830235533647025,10.102141597841038,-0.2719060641940132
ciento,9.09404317086625,9.366069387314647,-0.2720262164483973
documental,8.996527095093187,9.268874294384055,-0.27234719929086815
incendio,9.327208479003176,9.599585504676135,-0.2723770256729594
asistencia,9.157741124902461,9.430173884224256,-0.272432759321795
sipri,9.883003609423254,10.15567601511893,-0.2726724056956762
permanecer,9.01386693220811,9.28686212020776,-0.2729951879996495
desestimar,9.164613848141087,9.43761541845166,-0.2730015703105728
limpieza,9.55460054441737,9.827786591074675,-0.2731860466573046
perdido,8.882802819468992,9.15615080418566,-0.27334798471666844
millón dolar,9.539967671939916,9.813355456175817,-0.2733877842359007
gonzaleztrevijano,9.860294178998256,10.1337308429617,-0.27343666396344446
gastar,9.427494378668912,9.700934880306447,-0.2734405016375341
sector privado,9.818180533935845,10.091752898067128,-0.27357236413128305
lehendakari,9.112370162951288,9.386083131775875,-0.2737129688245865
hombre,8.286187417345712,8.55992081569113,-0.2737333983454189
conservacion,9.741650936012396,10.01551863228373,-0.2738676962713331
bbc,9.938549875773747,10.212579748616008,-0.2740298728422612
higuera,9.87949762802864,10.153533304279026,-0.27403567625038683
administracion autonomico,9.870011350968914,10.144082034354126,-0.27407068338521157
basado,9.240621705054581,9.515116412613011,-0.2744947075584303
cdr,9.371032558800499,9.645568248730221,-0.27453568992972244
ocurrido,9.222643035525357,9.497196026857317,-0.2745529913319604
movilidad,8.88272501874695,9.15729443121173,-0.27456941246478017
constitucion,8.143021876916386,8.417637547020247,-0.2746156701038611
carolín,9.545903341066305,9.82074615348726,-0.274842812420955
servirar,9.731463437636057,10.006566097084553,-0.2751026594484962
recomendación,9.158756784150272,9.433903036729818,-0.27514625257954606
agosto,8.790967248435352,9.06632547259869,-0.27535822416333744
revelacion secreto,9.39812008412457,9.673618444174105,-0.27549836004953576
emergencia,8.599266440647828,8.874872927167168,-0.27560648651934017
abogado,8.085211746121441,8.360819146631355,-0.27560740050991406
tarea,9.292002769859588,9.567622554711331,-0.27561978485174343
sufrio,9.230621768129371,9.506300304119979,-0.27567853599060754
ordeno,9.367170081528112,9.642891822746906,-0.2757217412187938
cometer delito,9.711645536695578,9.98764343507343,-0.2759978983778524
exhumación,9.638954239050836,9.914966575210507,-0.27601233615967047
luisa,9.727249608185216,10.003411003866718,-0.2761613956815019
ximo,9.76737976897606,10.043593429078173,-0.2762136601021137
naciones unidas,9.394892477533281,9.671309317415844,-0.2764168398825628
parlament,8.10469934266932,8.381182567695568,-0.2764832250262472
imponer,8.370838187376973,8.647435814167507,-0.276597626790533
prevaricacion,8.701921280056881,8.978668398453975,-0.2767471183970933
escaso,9.125826412211202,9.402702748467885,-0.2768763362566826
indicio,8.757442460700434,9.034653816444653,-0.2772113557442193
usd,9.93527238482289,10.212579748616008,-0.2773073637931187
institución,8.282056620801985,8.55943482138863,-0.27737820058664475
agencia,8.904581696454736,9.182007777033313,-0.2774260805785769
conductor,9.611358520391809,9.888965040008808,-0.2776065196169988
fiscalia acusar,9.820907013092958,10.098602861215978,-0.2776958481230203
vista,8.701911755459742,8.979648458201035,-0.2777367027412936
terraza,9.823542070911753,10.10149751613514,-0.27795544522338744
red,8.091501655590042,8.369528294478684,-0.2780266388886421
distrito,9.228862188213931,9.506986059424916,-0.27812387121098503
cuestión,8.494072435910573,8.772198623810231,-0.2781261878996588
acceso,8.549212228360956,8.827448169493845,-0.2782359411328894
ponsati,9.578254124002301,9.85649752001727,-0.27824339601496817
anunciado,8.89909836218741,9.177345197364671,-0.2782468351772618
esencial,9.38291229133562,9.66130981548273,-0.2783975241471097
nueve ano,9.601095781679819,9.87954733596084,-0.27845155428102153
domingo num,9.502600848625931,9.781174038736184,-0.2785731901102526
espana num,9.31327580790576,9.592171588819713,-0.2788957809139543
movilizar,9.078577625449215,9.357479748793608,-0.2789021233443929
madre,8.953303695900868,9.232234270456686,-0.2789305745558188
seguir minuto,9.75621277970011,10.035168523150162,-0.2789557434500516
disponer,9.185706337369107,9.464903588182178,-0.27919725081307156
experto,8.37483816188577,8.654485826409633,-0.27964766452386414
muerte num,9.876567351043555,10.156466258581446,-0.27989890753789126
fractura,9.853886757352962,10.133796785304748,-0.2799100279517859
escrivo,9.514593891738748,9.794717516537517,-0.28012362479876884
tercer grado,9.38542480067919,9.665609530119893,-0.2801847294407036
paciente,9.285762483787915,9.566040163801102,-0.280277680013187
tsj,9.661036760262808,9.941384886532978,-0.2803481262701695
perseguir,9.244596872215553,9.52494698371959,-0.28035011150403655
legislativa,9.63715658438807,9.917523754351574,-0.28036716996350464
banda,9.210027630303543,9.49043130804456,-0.2804036777410168
num seguir,9.843231426096242,10.123825086725342,-0.2805936606290995
pcr,9.62200015748027,9.902621622257795,-0.2806214647775249
naciones,9.391656695970426,9.672385544661608,-0.280728848691183
transicion,8.465433830514696,8.746291406081113,-0.2808575755664169
encontrar,7.7927311047978085,8.07370604235329,-0.28097493755548175
evitar,7.692971303846648,7.973973847640726,-0.2810025437940773
num empresa,9.598282338036947,9.879424758236711,-0.2811424201997639
coincidir,8.404753556062396,8.686010982969224,-0.2812574269068282
ruso,9.217163406452439,9.498428579018043,-0.2812651725656039
pp anunciar,9.810390354378843,10.091686483450955,-0.2812961290721123
numero,7.550453635379921,7.831932426656141,-0.28147879127621955
manifestacion,8.502727730330989,8.784231195776254,-0.2815034654452653
tratar,7.536344112031661,7.817890011982975,-0.28154589995131385
imputar,8.934474328126738,9.216407945853623,-0.2819336177268852
devolver,9.052423447629026,9.33438751733677,-0.2819640697077439
trump,9.143572052375188,9.425738939995728,-0.28216688762054076
cuadro,9.478676345868516,9.761273596049742,-0.28259725018122595
demandante,9.84562169084899,10.128378606673271,-0.2827569158242813
relacionado,8.541612973780413,8.824528367415232,-0.2829153936348181
tandem,8.959628352828828,9.242655279876342,-0.28302692704751387
pago,8.505379637203072,8.788415149627982,-0.28303551242490954
comun,8.559750037942582,8.842802485080252,-0.2830524471376705
conmemorativo,9.806128870278403,10.089256954507663,-0.2831280842292596
delito lesión,9.806752463768596,10.08991944126509,-0.283166977496494
acoger,8.745156815375118,9.028332047125357,-0.2831752317502385
organización,8.53561773037771,8.818843439037781,-0.2832257086600709
cartel,9.178993129537341,9.462431714672238,-0.2834385851348973
teniar,8.6465763469332,8.93028163925186,-0.2837052923186594
politica publica,9.798057171704817,10.081820729390467,-0.2837635576856492
otan,9.413487875623249,9.697259388845172,-0.2837715132219234
contagio coronavirus,9.852712051598022,10.137180276612392,-0.2844682250143702
diputacion,8.79962956674903,9.084191221042486,-0.2845616542934568
asesinar,9.275584662277257,9.56017558020651,-0.2845909179292523
ultimos,8.119531621951797,8.40419246208974,-0.2846608401379438
proyecto,7.495054836613413,7.7798232667936755,-0.28476843018026265
catalar,8.578555493887352,8.863435253667536,-0.28487975978018376
unai,9.927699884862427,10.212579748616008,-0.28487986375358076
activista,8.74886412365636,9.033755490677931,-0.28489136702157225
examinar,9.702997785591204,9.988076893978539,-0.2850791083873343
contar,7.71629358891829,8.001729627516307,-0.28543603859801614
cobrar,8.73843229515173,9.023877785926826,-0.2854454907750963
papeleta,9.369281392821746,9.65478639583943,-0.28550500301768444
localizacion,9.848151065937682,10.133963148971652,-0.28581208303397077
escritor,9.540490348828929,9.826398384099944,-0.2859080352710155
familiar,8.435715015521446,8.721870858097102,-0.2861558425756563
gobierno vasco,9.36818710110959,9.654483176599681,-0.28629607549009073
junta,7.470632235257034,7.75717533254403,-0.28654309728699623
agresion sexual,9.695601050942802,9.982235544723695,-0.2866344937808929
alumno,9.260523488951524,9.547205599253752,-0.28668211030222857
mostrar convencido,9.529868907617539,9.816612436411111,-0.286743528793572
abogacia,8.934266892218623,9.221054002753366,-0.2867871105347426
soler,9.2407362046208,9.52759262086039,-0.2868564162395888
escrito,8.215206544735693,8.502182064865973,-0.28697552013028016
fisica,9.806696834958984,10.0937557601073,-0.2870589251483153
articulo,8.396000622216196,8.683133710932331,-0.28713308871613563
administración,9.26376554093317,9.551020630476556,-0.2872550895433861
podro,8.882901567000818,9.17024606791249,-0.2873445009116722
aforo,9.675564168410247,9.963005840197777,-0.2874416717875299
cita,8.669833904912789,8.9573431217765,-0.287509216863711
mujer num,9.596439102107817,9.884195165433248,-0.28775606332543013
protocolo,8.934210677724206,9.222586076155173,-0.2883753984309667
planta,9.545713570540993,9.834157074250529,-0.2884435037095354
roma,9.793604925082448,10.082232817093587,-0.2886278920111387
aplicacion ley,9.694354634662057,9.98300898470594,-0.28865435004388296
declaracion,8.174082946070902,8.462874707226002,-0.28879176115509964
dictadura,8.300881440918822,8.589945958957674,-0.28906451803885247
visita,8.545572131905283,8.834703455581783,-0.2891313236765001
co num,9.910585607056083,10.199846195052777,-0.28926058799669363
confirmado,9.440660953242713,9.73005821657184,-0.28939726332912663
rafael,8.855390159446307,9.14479961503578,-0.28940945558947284
luceno,9.803600661202493,10.093356724791047,-0.28975606358855366
recibir,7.835491823079887,8.12524895401675,-0.28975713093686206
migración,9.450239152896584,9.740111247910187,-0.2898720950136031
aumentar,8.54102715331014,8.830941005429786,-0.28991385211964626
convenio,9.094469010937251,9.384684009122946,-0.29021499818569474
adoptar,8.993058255533276,9.28328212345852,-0.2902238679252438
firma,8.863638500611074,9.15395799255166,-0.29031949194058626
carecer,9.368220706126186,9.658705147468153,-0.2904844413419667
impedir,8.307184743284884,8.598149542183359,-0.29096479889847515
version,9.101152279750336,9.392246318467796,-0.29109403871746053
brigada,9.292267126945593,9.583448883295185,-0.29118175634959265
argumento,8.711342982673035,9.002758281380073,-0.2914152987070384
martin villa,9.867889701709798,10.159400952465589,-0.2915112507557911
base dato,9.857966363082825,10.149576893247737,-0.29161053016491145
covid num,8.44846605051739,8.740170234003243,-0.29170418348585336
representante,8.016886578206174,8.308610381096754,-0.29172380289058
num barcelona,9.722345473958876,10.014461898118835,-0.29211642415995875
voto correo,9.7434950605113,10.035641394538368,-0.292146334027068
religioso,9.09542998764327,9.387740931446316,-0.2923109438030469
fundado,9.819340155363207,10.111714526883578,-0.2923743715203706
miercol,7.73611304953495,8.028628615297167,-0.2925155657622174
quedar,7.599166052779821,7.891752693521533,-0.29258664074171215
mohamed,9.674763979795825,9.967434231027442,-0.29267025123161616
ordenar,8.700450849581133,8.993167501064779,-0.2927166514836461
certificado,9.687332594944102,9.980197561583788,-0.2928649666396854
pretender,8.211072472818719,8.50412178734202,-0.2930493145233015
resultar,8.999507838578705,9.292576841188264,-0.2930690026095597
policia municipal,9.679444248553034,9.972848995173429,-0.2934047466203946
inicial,9.168148745026802,9.461580422105385,-0.2934316770785834
perimetral,9.859874833136377,10.15340067714798,-0.29352584401160264
pediar,9.492674798676275,9.78640133118635,-0.29372653251007463
incidencia acumulado,9.818083799032749,10.111814301487135,-0.2937305024543857
israel,9.758082008945738,10.052149395833313,-0.2940673868875745
delgado,8.894669609443191,9.188786997580333,-0.29411738813714194
evaluacion,9.54181617538161,9.835954001469684,-0.2941378260880736
noche,8.5798684660589,8.874118459529615,-0.2942499934707161
disparo,9.694357487380003,9.988659772082658,-0.2943022847026544
comarca,9.67388498837897,9.968196730864086,-0.2943117424851156
sentencia audiencia,9.834447590907129,10.128785393284746,-0.2943378023776173
interpretacion,9.639916975241384,9.934291057869267,-0.29437408262788267
num constitucion,9.661966017779026,9.956419550576834,-0.2944535327978084
sentencia firme,9.809965499292774,10.104549160831322,-0.29458366153854776
vehiculo,9.078339680798553,9.373056569086954,-0.29471688828840037
psoe rechazar,9.79278343256185,10.087765378798666,-0.29498194623681684
decena,8.931135835047844,9.226131251143089,-0.2949954160952455
banco,8.781091555706784,9.076322821339284,-0.29523126563250024
recuento,9.538975596015403,9.834279787077236,-0.2953041910618328
deberan,9.487798369923606,9.78320549786772,-0.29540712794411306
ciudadano pedir,9.791855421389926,10.087676819991062,-0.2958213986011362
antifascista,9.420364797742163,9.716552441161255,-0.296187643419092
vivir,8.41250573106726,8.708743094127412,-0.29623736306015225
inicialmente,9.34466852633145,9.640992933885034,-0.296324407553584
isla,9.019723524168173,9.316135391914422,-0.29641186774624906
informe elaborado,9.855104927832153,10.151536856170024,-0.2964319283378707
multipl,9.511725659345304,9.808220567044579,-0.2964949076992749
alvarez toledo,9.433769186442971,9.730467291683306,-0.2966981052403348
procesal,9.490504786001097,9.787298706885036,-0.29679392088393897
num procesado,9.735340296194469,10.032268435602102,-0.2969281394076333
violento,9.381798949249466,9.679246179301705,-0.2974472300522386
euroordir,9.624732456643889,9.922186507173727,-0.2974540505298382
empresario,8.235109822112339,8.532637880112746,-0.2975280580004078
carlos monedero,9.897611664393727,10.195170312162837,-0.2975586477691099
tendrar,8.477314921359055,8.775580261144858,-0.2982653397858037
febrero,8.412257504562598,8.710531057723463,-0.2982735531608647
agrego,9.739787942962797,10.038272435859982,-0.2984844928971846
prevalecer,9.806367097013688,10.105061910280893,-0.2986948132672058
grupo ultraderechista,9.787809938748786,10.086510298171428,-0.29870035942264117
retirar,8.177591242684827,8.476368487822416,-0.29877724513758963
social,7.036244589208005,7.3350335141950715,-0.29878892498706655
expresidenta comunidad,9.44157584796087,9.740379534808028,-0.2988036868471582
racista,9.486807791922367,9.785660593977438,-0.29885280205507136
rey noche,9.857860658285665,10.157078486690152,-0.29921782840448685
incompatibilidad,9.677167653877065,9.97640444965411,-0.29923679577704476
aula,9.455938716349047,9.755395834442737,-0.2994571180936898
confrontacion,9.215113446561814,9.514750353259355,-0.2996369066975415
agrupar,9.765999302861509,10.065767533607284,-0.29976823074577474
lamr,9.305381153129295,9.605379624530384,-0.29999847140108926
productor,9.628519434885625,9.928571928734879,-0.3000524938492539
patricia,9.536834172088364,9.837024983739123,-0.30019081165075967
expirar,9.818951987185608,10.119216473158085,-0.3002644859724768
alonso,9.233576057850124,9.533864757097003,-0.3002886992468792
fecha,8.193840403817328,8.494484949032337,-0.3006445452150093
gestionar,9.02516947758329,9.325816231999678,-0.30064675441638755
electoral pp,9.849684382895992,10.150499898841336,-0.3008155159453434
responsable,7.970713527956007,8.271552387633395,-0.30083885967738855
caso cursach,9.816776703971364,10.117660957605025,-0.30088425363366156
nacido,9.610476544253764,9.911388641016003,-0.3009120967622394
deporte,9.30093248362474,9.601883983391048,-0.30095149976630786
secreto oficial,9.45021559263697,9.751191690586015,-0.3009760979490448
genero num,9.911102244915917,10.212579748616008,-0.30147750370009163
fachada,9.670323366901327,9.97185035487797,-0.30152698797664357
recomendar,9.34903729078874,9.650631727974579,-0.3015944371858392
volver reclamar,9.81105815941475,10.11275557836031,-0.3016974189455599
robado,9.506198300212205,9.807913366577422,-0.30171506636521706
comenzo,9.319329565894147,9.621052916396692,-0.3017233505025452
sancion,9.265326823023107,9.567233563295337,-0.30190674027222997
consejo ministro,7.941832345011702,8.24403651415175,-0.30220416914004833
causa judicial,9.729516088501002,10.031767679119492,-0.3022515906184893
olivera,9.750615540472056,10.052899339490102,-0.3022837990180456
carta,8.051643345043455,8.354147959562017,-0.30250461451856125
patrimonio,8.666461041484098,8.968979732788375,-0.302518691304277
lema,9.08061655094518,9.383244422379047,-0.3026278714338666
gobierno felipe,9.877519316367039,10.180550956652738,-0.30303164028569896
consejo europeo,9.593841312476814,9.897561771325002,-0.3037204588481881
acusacion,8.57320444857255,8.876979075141627,-0.3037746265690764
competencia,8.459552361594865,8.763436587812215,-0.3038842262173507
pp creer,9.555684240404322,9.859712449324956,-0.3040282089206343
testimonio,8.912698366943959,9.216793164222844,-0.30409479727888566
determinar,8.977306263999205,9.281620446013275,-0.30431418201406935
pieza separado,9.56831243145255,9.872630332231713,-0.30431790077916254
comunidad autonoma,8.515766290522476,8.820241983823994,-0.3044756933015176
prohibicion,8.91292078865292,9.217560839706108,-0.3046400510531875
establecido,9.19255337642599,9.497322694951132,-0.30476931852514255
delictivo,9.37841047214126,9.683233256544934,-0.30482278440367416
reyes maroto,9.90754368466758,10.212579748616008,-0.3050360639484282
banco espana,9.791208697505184,10.096285373301978,-0.3050766757967942
euro,9.579073951487093,9.884343330611227,-0.3052693791241339
discapacidad,9.43354183238324,9.738927003124463,-0.3053851707412232
num febrero,8.779301533346395,9.084959560758467,-0.30565802741207193
concentración,9.596094145118432,9.901985244086452,-0.30589109896802036
gracia,9.231079961257507,9.537419824296522,-0.3063398630390157
doce,9.043205375042861,9.34955487669275,-0.3063495016498887
psoe insistir,9.837961044943759,10.144823765972218,-0.3068627210284589
contener,9.217494417998886,9.524394666303966,-0.3069002483050802
celula,9.60355139047311,9.910556732630956,-0.30700534215784714
marina,9.776210112956022,10.083337859019604,-0.30712774606358195
expareja,9.808090819258588,10.11524535419174,-0.3071545349331526
asesinato,8.94036428613818,9.247537727808892,-0.30717344167071126
derechos,8.12027753793447,8.427747080206968,-0.30746954227249823
violacion,9.386767792939239,9.694342038706992,-0.3075742457677535
gobernado pp,9.904414453211452,10.212579748616008,-0.3081652954045566
junta electoral,8.72915435351408,9.037429403438999,-0.3082750499249194
propuesta pp,9.665825887042574,9.974421510321577,-0.30859562327900214
diciembre,8.210631551695212,8.519542795996024,-0.3089112443008126
tercer,8.77254179098043,9.081510280789235,-0.3089684898088052
universal,9.545609820581637,9.854726920340592,-0.3091170997589554
lider psoe,8.874860616475887,9.183977992979445,-0.30911737650355775
vasco,8.035189349689254,8.344307760937312,-0.3091184112480576
contaminante,9.792530611352309,10.101664940721927,-0.30913432936961804
donald,9.513627736526551,9.82277994413146,-0.30915220760490847
ciudad,7.681035280706272,7.990225797612186,-0.3091905169059137
resolución,9.396801340827006,9.706050945978738,-0.3092496051517326
agente policia,9.49755776279384,9.806893637738083,-0.3093358749442441
domingo,7.982193307599913,8.29191338170832,-0.3097200741084061
recurrirar,9.27270156433763,9.582627213753875,-0.309925649416245
garantia,8.680072478314461,8.990363016699426,-0.31029053838496523
num madrid,9.019473807896428,9.329842013028154,-0.31036820513172536
union,8.446936193024293,8.757517697051805,-0.31058150402751217
tribunal supremo,8.125661399996623,8.436731730682968,-0.31107033068634493
pagar,8.166226477642812,8.477472626441745,-0.31124614879893286
ejercicio,8.907167383501637,9.218477226767604,-0.3113098432659669
comisario,8.070865007189056,8.382381245774413,-0.31151623858535693
leve,9.562562188434985,9.87445449963374,-0.31189231119875593
barco,9.417423280587622,9.7295878316881,-0.31216455110047825
trav,8.021419695520807,8.334051920249737,-0.3126322247289295
amparado,9.679426771624287,9.992062464609315,-0.3126356929850278
operación,9.126101939311278,9.438936707234506,-0.31283476792322773
autonoma,8.398433428057132,8.711421027398307,-0.3129875993411755
desplazamiento,9.353187993234947,9.66622237159428,-0.31303437835933323
impunidad,9.329937581869206,9.643009224677469,-0.3130716428082625
estatuto trabajador,9.788371216148777,10.101458702634913,-0.31308748648613616
grave,8.361628504460706,8.674722231488229,-0.3130937270275229
senal,9.527306853921482,9.840580815607552,-0.31327396168607
forn,9.638577175655595,9.951957697989084,-0.3133805223334889
institutar,9.899089544726845,10.212579748616008,-0.31349020388916315
codigo penal,8.729260900278652,9.043058279394831,-0.31379737911617944
nocturno,9.644016942701493,9.958305686799536,-0.3142887440980431
instructor,9.127031484028148,9.441533955657173,-0.3145024716290248
perar,9.748229509420826,10.062791962910554,-0.314562453489728
pastor,9.347353348124562,9.66204362742449,-0.31469027929992777
concluir,8.636857551955542,8.95158024327762,-0.3147226913220784
perjuicio,9.548880025860363,9.863922936434593,-0.3150429105742294
tramitacion parlamentario,9.668733300897658,9.983801756587773,-0.3150684556901151
sede pp,9.87706488073457,10.192397634308978,-0.31533275357440793
registrar num,9.640346169445747,9.955780816102264,-0.31543464665651655
rebajar,8.968200183830962,9.283754575071294,-0.31555439124033136
pedir ano,9.77368362912985,10.089331341458742,-0.3156477123288912
hijo,8.419758899045403,8.73548539075321,-0.31572649170780664
copa,9.580294909544076,9.896321223872983,-0.3160263143289068
funcion publica,9.717390674533053,10.033684482333326,-0.31629380780027283
texto,8.191100616940476,8.507543580202766,-0.3164429632622898
filtración,9.517656069802626,9.834153926858676,-0.31649785705604927
detención,9.65663526232628,9.973372270700448,-0.31673700837416874
cohecho,9.048083273899385,9.364887732538326,-0.31680445863894136
abandonado,9.819510348066858,10.136437957291497,-0.3169276092246385
negociación psoe,9.779273465730144,10.096346692527796,-0.3170732267976515
acumulado,9.572075588155204,9.889544965444154,-0.3174693772889494
research,9.880655034821043,10.198135163343572,-0.31748012852252927
ecologista accion,9.665525825371788,9.983022785116727,-0.31749695974493974
periodico,9.209809825532087,9.527315279779952,-0.3175054542478648
recoger,8.306831939341754,8.624433769605046,-0.3176018302632926
sorteo,9.865534146939147,10.183320694074881,-0.31778654713573395
presentado pp,9.828901462012176,10.146981986016792,-0.31808052400461584
publica,7.975849460189029,8.294306863028092,-0.318457402839063
explosivo,9.585099363448276,9.90367027232455,-0.3185709088762749
albert,8.397641317842455,8.71659250807963,-0.31895119023717555
brote,9.567806103952362,9.88708416178751,-0.31927805783514707
riesgo fuga,9.781304612014033,10.100732710134658,-0.3194280981206248
oral,9.181787096372872,9.50128951561907,-0.3195024192461986
activar,9.421934447485818,9.741499687585527,-0.31956524009970977
nino,8.605653889631666,8.92545505051702,-0.31980116088535304
subida,8.464170414185482,8.784106918694754,-0.3199365045092719
pablo llarén,9.608208624549112,9.92899570764953,-0.32078708310041826
capital,7.81172081990359,8.132684568420196,-0.3209637485166059
absuelto,9.846363511493447,10.167507578053515,-0.321144066560068
jurista,9.16355059821292,9.484875333118971,-0.3213247349060513
escala,9.623135367349043,9.944586127159981,-0.3214507598109382
inicio,8.418225563806327,8.739867371192354,-0.3216418073860261
reparacion,9.415861729680318,9.737741658243149,-0.3218799285628311
circunstancia,9.095363686442793,9.41734582836168,-0.3219821419188875
ejercito,8.94775757421511,9.270111725336116,-0.3223541511210062
teletrabajo,9.769441588187933,10.091844942045515,-0.3224033538575828
num victima,9.683247838516193,10.005668720398978,-0.3224208818827847
resto franco,9.890083353970391,10.212579748616008,-0.32249639464561675
mesa dialogo,8.79698411537287,9.119613082025234,-0.3226289666523634
compromis bng,9.889698544082986,10.212579748616008,-0.32288120453302227
ayuntamiento madrid,8.673318327687468,8.996235844805355,-0.32291751711788663
yihadista,9.774824925405868,10.0979110822606,-0.32308615685473185
nueve,8.608915552934421,8.932023527256064,-0.3231079743216423
negativa,9.00515789942701,9.328469480555956,-0.3233115811289462
abrir diligencia,9.605392493657192,9.928720598807343,-0.32332810515015176
deseo,9.406439548931182,9.729839723545938,-0.3234001746147559
codigo,8.53952083729104,8.863044979128553,-0.3235241418375132
asalto,9.448141421324245,9.771796844563415,-0.3236554232391704
represion,8.865239643957308,9.18890726304005,-0.3236676190827428
patrimonio nacional,9.722772560343035,10.04659554938453,-0.32382298904149565
villaregir,9.75967619180501,10.083515035320573,-0.32383884351556347
ciudadano apoyar,9.763527227118546,10.087417439947007,-0.3238902128284611
festival,9.772128958839614,10.096424972905387,-0.3242960140657729
protesta,8.262088940869004,8.586543389207563,-0.3244544483385585
luis olivera,9.88811065513354,10.212579748616008,-0.32446909348246855
irregular pp,9.888069193078302,10.212579748616008,-0.3245105555377066
hallar,9.578621501496084,9.903392825314068,-0.3247713238179841
pp senado,9.713746009573327,10.03882373602354,-0.32507772645021227
ciudadanos,9.496445017013627,9.821755294404511,-0.3253102773908836
trasladar,8.420510752227603,8.745839846015132,-0.32532909378752883
comisión,8.60464362217418,8.93021270982375,-0.32556908764956916
derecho libertad,9.494240986119113,9.820029327366518,-0.32578834124740474
sentencia caso,9.827490939137213,10.153393955343528,-0.3259030162063148
temporada,9.650302339163186,9.97636347004025,-0.3260611308770631
detallar,9.277066111514621,9.603160559128812,-0.3260944476141905
ministerio sanidad,9.349478163732002,9.675810785456502,-0.32633262172450017
fernando martinezmaillo,9.88614949318754,10.212579748616008,-0.32643025542846793
restante,9.761625665277805,10.088112460039403,-0.3264867947615979
reclamar num,9.82154188475545,10.148482774832878,-0.3269408900774291
excomisario,8.728605177427795,9.055782687831384,-0.32717751040358856
vulnerar derecho,9.320663786640702,9.64786033935595,-0.3271965527152467
memoria,7.874860652124715,8.202265993913713,-0.3274053417889977
tecnico,8.79536067429082,9.122970670977619,-0.3276099966867996
nino nina,9.847201016563595,10.174887824528314,-0.32768680796471905
num comunidad,9.53966297508014,9.867445491863833,-0.3277825167836941
verde,8.57723111847711,8.90509557595405,-0.3278644574769398
administrador,9.63272530895826,9.96064975100175,-0.32792444204348925
cayetana,9.884530356172311,10.212579748616008,-0.32804939244369713
cayetana alvarez,9.884530356172311,10.212579748616008,-0.32804939244369713
resolver,8.436870468264518,8.765043203785089,-0.328172735520571
mediterraneo,9.688009433624277,10.016218905165752,-0.3282094715414754
decreto ley,9.137193752157982,9.465856267991501,-0.32866251583351946
vigor num,9.761978844185878,10.090654548979884,-0.32867570479400676
exvicepresidente gobierno,9.397266297906256,9.726503890180453,-0.3292375922741968
jaumir asens,9.813224248935551,10.142601809170019,-0.32937756023446774
baltasar,9.661265141474459,9.991205374374962,-0.329940232900503
deterioro,9.654876629388953,9.985004012856221,-0.3301273834672678
propuesta psoe,9.749717141549857,10.080065364596372,-0.33034822304651534
inmueble,9.084011755092211,9.414799730222882,-0.3307879751306704
custodia,9.627778270520832,9.958716997000515,-0.33093872647968325
torrent,9.497206658316435,9.82816534815826,-0.3309586898418253
vox santiago,9.88134052332109,10.212579748616008,-0.3312392252949188
num anos,9.337267040868287,9.668697514091834,-0.3314304732235467
ministra yolanda,9.781254915242519,10.112887598258652,-0.33163268301613336
construccion,8.847073241729097,9.178716096710382,-0.33164285498128443
num noviembre,8.59166970774766,8.923314456978378,-0.33164474923071907
autonomo,9.095388365574275,9.42716474596481,-0.3317763803905347
presidente partido,9.069942175674168,9.401851192305768,-0.33190901663160055
robo,9.438976205584629,9.770906176524253,-0.3319299709396244
ignacio cosido,9.83326838498813,10.165336180935244,-0.332067795947113
disposicion,9.004696003086368,9.336772084462904,-0.33207608137653644
numeroso,8.89333032487565,9.225627750380031,-0.3322974255043807
llarén,9.325940462137137,9.658266249922622,-0.3323257877854857
captura,9.744815825291276,10.077414744821192,-0.33259891952991616
ano num,8.222150306806986,8.55476056340069,-0.33261025659370347
excluido,9.852722214360877,10.185505156024858,-0.3327829416639805
concentracion,8.736743448568737,9.069660999092239,-0.33291755052350247
regla,9.382825740462167,9.715821762329405,-0.3329960218672383
hora num,9.698971172468582,10.032077800998321,-0.33310662852973927
aprobado,8.522367255152224,8.85654458518314,-0.33417733003091676
boe,9.317627327304338,9.651844974158326,-0.3342176468539879
sanchez presentar,9.87835573573927,10.212579748616008,-0.33422401287673864
ejecutivo psoe,9.87813664824709,10.212579748616008,-0.3344431003689188
felix bolano,9.268629026676326,9.60342324738597,-0.3347942207096448
unidas ciudadano,9.877695560555813,10.212579748616008,-0.3348841880601956
pandemia coronavirus,9.495680688710102,9.830701385128597,-0.3350206964184945
num psoe,9.645208634201312,9.980235167175277,-0.33502653297396456
localizar,9.540626896811164,9.875918031759847,-0.3352911349486831
compromis carles,9.877167352708852,10.212579748616008,-0.33541239590715577
exilio,9.407538942548491,9.743558319796056,-0.33601937724756503
suma pp,9.87655699752727,10.212579748616008,-0.3360227510887377
franquista,8.35432525784226,8.690426897662133,-0.33610163981987284
diputacion permanente,9.347984032324032,9.68410346597881,-0.3361194336547779
seriar,9.066077494813074,9.402199932405221,-0.336122437592147
lider proz,9.816759584471118,10.152918246956531,-0.3361586624854134
residencia,8.755869162135417,9.092152493101809,-0.33628333096639196
covid,8.21660741176484,8.552930419629138,-0.3363230078642978
num mujer,9.392705312432442,9.72907990096474,-0.33637458853229774
simbolo,9.019439510493573,9.355818690102474,-0.33637917960890107
smi,9.318773775133122,9.655197741348795,-0.3364239662156727
kilometro,9.490838682227636,9.827296322254908,-0.3364576400272714
medico,8.691700096401062,9.028332908311093,-0.3366328119100306
apoyo ciudadano,9.62783942181143,9.964724870265846,-0.3368854484544155
dictado,9.473746628620434,9.810664104814125,-0.3369174761936904
tramit,9.267634037010028,9.604574336499553,-0.336940299489525
ana ponton,9.821874435564377,10.159061626221774,-0.33718719065739755
condenar num,9.565984910818264,9.903644166593667,-0.337659255775403
publico pp,9.874841263874941,10.212579748616008,-0.3377384847410667
bankia,9.460932637049366,9.79899096503666,-0.3380583279872944
consejo,7.309466308773625,7.64772059229315,-0.33825428351952525
motivo,8.302666165600932,8.640925974742125,-0.33825980914119214
susán,9.088740955926449,9.427136668722799,-0.33839571279635017
borrell,9.618856670788151,9.95732432171099,-0.3384676509228388
desconocido,9.469930636395933,9.808574818599944,-0.3386441822040105
cementerio,9.033633646705388,9.372470189414681,-0.3388365427092932
generalitat,7.406379776434852,7.745318652631949,-0.33893887619709684
medida gobierno,9.640934000453598,9.979968771449192,-0.3390347709955943
inspeccion,9.41416791459889,9.753219256443733,-0.33905134184484353
mes prision,9.304514412271782,9.643752548666514,-0.3392381363947319
organismo,8.646973809959787,8.986280429941173,-0.3393066199813859
transferencia,9.46031093466383,9.79966556672268,-0.33935463205884986
suponer,8.14142011888936,8.481132487270932,-0.33971236838157104
infancia,9.43648430914856,9.77630278782145,-0.33981847867289083
alemán,9.499553909056036,9.839450658934126,-0.3398967498780898
pieza,8.607426896010557,8.94788015913141,-0.3404532631208532
adicional,9.452691991089953,9.793162119057024,-0.34047012796707143
muerte,8.194558133067131,8.535069610944984,-0.3405114778778522
organizador,9.361599324840379,9.702349350181391,-0.34075002534101273
derivo,9.709633415684428,10.050485709504585,-0.34085229382015747
redaccion,9.329612330464254,9.670467219590433,-0.3408548891261791
demanda,8.607578800278612,8.948472251002215,-0.34089345072360366
utilizado,9.492976396969521,9.833909270157003,-0.3409328731874819
juzgado num,9.803824432557514,10.144904677601783,-0.34108024504426915
fuga,9.38653265405934,9.727661015193991,-0.3411283611346505
comunicación,9.523455637018577,9.86524757237046,-0.3417919353518837
sueldo,9.009486409603932,9.351450451247166,-0.3419640416432337
guardias,9.820170877887659,10.162573777726179,-0.34240289983852
vicepresidenta carmar,9.870099621452452,10.212579748616008,-0.34248012716355625
miquel iceta,9.72487628040442,10.067867864552111,-0.3429915841476916
juridico,8.531486810074242,8.875350923166152,-0.3438641130919109
cuerpo,8.538172073711525,8.882154059656948,-0.3439819859454225
donald trump,9.606127555280352,9.950418435642584,-0.344290880362232
aprobo,8.855986235069095,9.200505357094066,-0.3445191220249715
directo,8.640062106223775,8.984638716849041,-0.3445766106252659
cuyo,8.268078070020916,8.612662384845995,-0.3445843148250791
ciudadano asegurar,9.554576331931735,9.899945725137677,-0.3453693932059423
quedo,9.282673605861321,9.628297143609474,-0.34562353774815335
julio,8.079087851930929,8.424779206509418,-0.34569135457848965
psoe seguir,9.797558500481443,10.143329345814502,-0.3457708453330586
indefension,9.726840040720058,10.072816663051269,-0.34597662233121085
producto,9.12583408334526,9.471951286939246,-0.3461172035939857
anos,9.296454045541784,9.642709114377464,-0.3462550688356796
senador compromis,9.81536626640065,10.1616997607892,-0.3463334943885492
internet,9.549056927004274,9.895548321398966,-0.34649139439469145
salto,9.376246785219621,9.722761170154353,-0.3465143849347321
libro,8.629824976334113,8.976567048379147,-0.3467420720450338
ucraniano,9.596519843083634,9.9434955213257,-0.34697567824206565
clinica,9.553133003424286,9.900376982595807,-0.3472439791715214
analizar,8.346935920805741,8.694388777158517,-0.3474528563527759
iu equo,9.864956613963493,10.212579748616008,-0.3476231346525154
vulnerar,8.86626003012366,9.21409485029852,-0.3478348201748602
psoe querer,9.690477051298236,10.038578778823181,-0.34810172752494495
city,9.864463597448482,10.212579748616008,-0.3481161511675257
sordo,9.86434711897736,10.212579748616008,-0.3482326296386482
declarar,7.710823744730718,8.059484659450161,-0.34866091471944305
comisario jubilado,9.022362432499964,9.371375622079011,-0.3490131895790469
cumplir num,9.277302222091393,9.62652933774888,-0.3492271156574862
municipio,8.213589990621653,8.562846994035038,-0.34925700341338484
precariedad,9.21526523715331,9.564525684881636,-0.34926044772832476
corte,8.309476844115142,8.658876286554193,-0.34939944243905074
despedir,9.400525652142365,9.749967842309442,-0.34944219016707656
fallecido,8.902498118181478,9.251940349977115,-0.3494422317956367
convocatoria,8.510950967135734,8.860429446069881,-0.34947847893414696
injuria,9.201926106769044,9.551422401410427,-0.34949629464138354
tonelada,9.788650065204028,10.138252956200587,-0.34960289099655917
num considerar,9.689043766295084,10.038955618129249,-0.3499118518341646
herramienta,9.228916065313978,9.579131294533415,-0.3502152292194367
condición,8.54287605342053,8.893171747460741,-0.3502956940402111
campo concentracion,9.612951340213712,9.963399815009392,-0.3504484747956802
pareja,9.00139591561393,9.351927784213272,-0.35053186859934193
administrativo,9.068240165716459,9.418822162730397,-0.3505819970139381
medida cautelar,9.185910150048423,9.53657751146942,-0.35066736142099586
salamanca,9.75623765713896,10.106930371493865,-0.35069271435490457
origen,8.812159595882612,9.162941418378137,-0.3507818224955255
iglesias,9.861670480794007,10.212579748616008,-0.3509092678220007
ponton,9.808552476663857,10.159525568785284,-0.3509730921214267
italiano,9.367948748211914,9.718974623741847,-0.3510258755299329
perar aragón,9.791451720810787,10.142527985795526,-0.351076264984739
ministro aprobar,9.222646572710017,9.573775802638956,-0.35112922992893836
encarcelado,9.139902766944655,9.491344106650683,-0.3514413397060281
gobierno carmar,9.78519962948938,10.136806106580604,-0.3516064770912237
comision pacto,9.860935602510867,10.212579748616008,-0.3516441461051407
convocado,8.751837693942884,9.103489655558002,-0.3516519616151186
ministra educacion,9.340513257763812,9.692969848147479,-0.3524565903836674
vecino,8.621747960436295,8.97428730328977,-0.35253934285347555
aplicacion,8.69802643677383,9.050644036616982,-0.35261759984315155
pp pablo,9.414467233157556,9.76719278864816,-0.35272555549060414
valenciano,8.168712812875626,8.521442599502041,-0.35272978662641563
caso tandem,9.397971542473828,9.750807537987212,-0.3528359955133844
mitad,8.759695484421483,9.112937172986495,-0.3532416885650118
baltasar garzon,9.658606605702511,10.011879285819107,-0.3532726801165964
mujer,7.440523315695194,7.79396299012751,-0.35343967443231605
mensual,9.439731180313451,9.793424234753735,-0.3536930544402832
num julio,8.826483978887806,9.180432127941772,-0.35394814905396643
alegar,8.428080635866586,8.782033410647278,-0.35395277478069254
coronavirus,8.27216504747932,8.626119472902303,-0.35395442542298383
listado,9.344467450507498,9.698670918787418,-0.3542034682799198
torrar,9.561431181176797,9.91563485000927,-0.3542036688324739
moreno pp,9.858290982881558,10.212579748616008,-0.35428876573445045
reivindicacion,9.382032511804104,9.736367051517036,-0.35433453971293183
anual,9.001770101965375,9.356297197969296,-0.3545270960039204
felipe sicilia,9.857974101533289,10.212579748616008,-0.35460564708271924
violencia,7.848217336955536,8.202827220896824,-0.35460988394128723
participante,9.564311994346486,9.91894737159915,-0.3546353772526647
area,8.874206868722258,9.228903883958784,-0.3546970152365265
correo,8.998268540139364,9.352990963499149,-0.3547224233597852
expresion,8.683555231847485,9.038392235507677,-0.354837003660192
carlos girauta,9.857307202762506,10.212579748616008,-0.3552725458535022
amnistia,9.0449927159849,9.400469195879028,-0.35547647989412745
precisar,9.213382772582762,9.568954378537386,-0.35557160595462456
aspecto,9.014898672045765,9.370769675475387,-0.3558710034296215
gomez,9.021919755446328,9.377806569765927,-0.35588681431959834
ministerio inclusion,9.856387607809543,10.212579748616008,-0.3561921408064652
salud,8.155497895014337,8.51206623276485,-0.3565683377505131
gobierno valenciano,9.686693845501901,10.043511736766101,-0.3568178912641997
deportivo,9.364008919965327,9.72098113437296,-0.3569722144076337
presidente erc,9.85552831821809,10.212579748616008,-0.3570514303979184
saldar,9.588491731628615,9.945716121576096,-0.35722438994748096
agencia tributario,9.542212169488604,9.899514690091529,-0.357302520602925
intervenir,8.84766251634303,9.205336211674657,-0.3576736953316271
ana pastor,9.64242710447445,10.00035973348198,-0.3579326290075304
psicologico,9.745952782048729,10.103919097722036,-0.3579663156733073
organizar,8.887998239057636,9.246024599428639,-0.358026360371003
prueba,8.172705646184864,8.53075246766756,-0.35804682148269507
electoral central,9.205500757919543,9.563585473696813,-0.3580847157772702
aplicar,8.254177301804397,8.612747776131364,-0.3585704743269673
expresidente generalitat,9.10333135487968,9.462224395786247,-0.35889304090656715
heredera,9.743086680131269,10.10202905811885,-0.35894237798758155
prestacion,9.311871581978613,9.670823454596393,-0.35895187261778005
citacion,9.802728311623767,10.161822834900889,-0.3590945232771219
estadounidense,9.159627353659367,9.51893428505415,-0.35930693139478365
desinformacion,9.625384135071355,9.984710692324537,-0.35932655725318163
denegar,9.593046290790811,9.952498701081776,-0.35945241029096486
guerra mundial,9.771242193053338,10.130724451841855,-0.3594822587885176
pedir pp,9.8087992861488,10.168403284255639,-0.35960399810683974
vulneración,9.764201862131292,10.12384611857239,-0.3596442564410971
estafa,9.440956854842705,9.800645889941771,-0.35968903509906625
gobierno violencia,9.769003290093512,10.128799797012435,-0.35979650691892395
distinto,8.11796399266519,8.477861734754711,-0.35989774208952063
entidad,8.17918717671153,8.539207834724914,-0.3600206580133847
iceta,9.35962216788459,9.719665344778113,-0.36004317689352305
central,8.046677495037434,8.406807549005615,-0.3601300539681809
ong,9.215803146795409,9.57595208175181,-0.3601489349564009
requisito,9.023362651191015,9.38369849556639,-0.3603358443753759
audiencia provincial,9.022845230964359,9.383223508208614,-0.360378277244255
consell,9.239984010136547,9.600555549197468,-0.36057153906092054
autorizar,8.95710579352556,9.317738841589069,-0.3606330480635087
lazo amarillo,9.63995765916181,10.001042141602962,-0.3610844824411519
militar,8.158157412311153,8.519347245374183,-0.36118983306302965
num agente,9.721662872608974,10.082931863322832,-0.36126899071385843
alemania,9.190278262570235,9.551672030373783,-0.36139376780354837
rapero,9.626156675263612,9.98764266623199,-0.36148599096837764
francisco martinez,9.488702891512805,9.850210911321309,-0.3615080198085039
interior,7.719351427008429,8.080924210047577,-0.36157278303914797
delegado,8.996643077042707,9.358544900283489,-0.3619018232407818
etarra,9.406595302765707,9.768561721024852,-0.36196641825914533
adema,7.548106441227154,7.910399135620378,-0.36229269439322387
detenido,8.95364743119916,9.316123046278864,-0.3624756150797044
organizacion criminal,9.404063172925754,9.766856623658441,-0.36279345073268665
presentado psoe,9.849608253082085,10.212579748616008,-0.36297149553392316
septiembre,8.302493081194987,8.665517445455455,-0.36302436426046825
supremo,7.608841941971393,7.971989588105082,-0.36314764613368844
agresión,9.3213951041749,9.684682330963978,-0.3632872267890779
hermano,8.793440593930839,9.156983796462775,-0.36354320253193606
preventivo,9.194648039837281,9.558822038072513,-0.36417399823523233
cs pp,9.781304315499531,10.14577272911652,-0.36446841361698823
dialogo social,9.0531303831001,9.417818021137057,-0.3646876380369566
pp votar,9.671263631211135,10.03628282159942,-0.3650191903882849
extension,9.721911462558309,10.087214614520942,-0.3653031519626335
cumplimiento,8.869322975785291,9.234965636450811,-0.36564266066551987
guerra civil,8.892844055780209,9.259032852890105,-0.3661887971098956
centenar persona,9.665561812573602,10.032018935689662,-0.36645712311606005
carretera,9.468092653242028,9.8346013531793,-0.3665086999372722
condena ano,9.51194326593605,9.878511542457552,-0.3665682765215017
juan garciagallardo,9.78027480542897,10.146940227511404,-0.36666542208243413
pilar alegrio,9.696599771652146,10.063290347560079,-0.3666905759079331
colectivo,8.215852358279076,8.58254695736195,-0.3666945990828747
previo,8.577762390894492,8.944862068883792,-0.3670996779892999
injerencia,9.592590805159324,9.959697963365054,-0.36710715820573014
eeuu,8.96178972729373,9.329101871778802,-0.3673121444850711
ado,9.77728195256585,10.144766658914682,-0.3674847063488311
ado colau,9.77728195256585,10.144766658914682,-0.3674847063488311
edad,8.93452272711225,9.302142438088499,-0.367619710976248
sanchez asegurar,9.844942448347098,10.212579748616008,-0.3676373002689104
obligar,8.589808079374643,8.957497676357699,-0.36768959698305537
prevar,8.827635864555326,9.195434484494223,-0.3677986199388972
denunciant,9.718993787554252,10.086880575032756,-0.3678867874785041
acordar,8.163163191050366,8.531051494688112,-0.3678883036377467
secuestro,9.644478247968225,10.01272316493381,-0.36824491696558503
num hora,8.109117022271226,8.477410546282135,-0.36829352401090887
electrico,9.204982830501311,9.573380994039619,-0.36839816353830734
viernes,7.6878003177762775,8.056416949447252,-0.36861663167097447
diez,8.274280047736044,8.642911261228562,-0.3686312134925185
secreto,8.397915538537966,8.766583476180184,-0.3686679376422184
anular,9.208228459103985,9.577010626508901,-0.3687821674049161
luz verde,9.052010925820609,9.420960619909293,-0.36894969408868405
proteccion,8.373507809685789,8.742470704556384,-0.3689628948705952
cautelar,8.973404820948236,9.34258460878689,-0.3691797878386538
inhabilitacion,9.01265350408763,9.382060638223209,-0.369407134135578
salarial,9.031964069719644,9.401535773498559,-0.3695717037789148
nacional num,9.69891041852747,10.068850624903225,-0.3699402063757553
congreso cuca,9.842599298919968,10.212579748616008,-0.3699804496960404
ultraderechista vox,9.842172935452881,10.212579748616008,-0.37040681316312707
arbitrario,9.715856661402551,10.086272636464269,-0.370415975061718
fuente pp,9.695257246275277,10.065688701927185,-0.37043145565190727
daria,9.573111162819833,9.944095170809286,-0.37098400798945264
suspender,8.675565578709925,9.046554975996703,-0.3709893972867775
melilla,9.14531498161865,9.516381684122399,-0.3710667025037484
resolucion,8.530450413298965,8.901784726119018,-0.37133431282005347
realizo,9.49258293369012,9.864144074622125,-0.37156114093200543
elkarrekin podemosiu,9.84097480549282,10.212579748616008,-0.37160494312318804
iran,9.43972736264085,9.811642161609123,-0.3719147989682732
num abril,8.45003691208597,8.822453265938222,-0.3724163538522518
num marzo,8.462306856229837,8.83475686785934,-0.3724500116295033
pp acusar,9.466407856934456,9.83897333472932,-0.37256547779486304
vicepresidenta gobierno,8.32019278543793,8.693218924755193,-0.3730261393172629
tratamiento,9.172304624926857,9.545416579307078,-0.3731119543802208
permanente,8.562176349098,8.93561706132038,-0.37344071222238107
once,9.121462228378842,9.495193380867349,-0.3737311524885065
octubre,8.168412815699664,8.542507071608114,-0.37409425590844947
nadia,9.481113145232756,9.855247661900371,-0.3741345166676151
nadia calvino,9.481113145232756,9.855247661900371,-0.3741345166676151
domicilio,9.111874893689771,9.486284020779948,-0.3744091270901766
enaltecimiento terrorismo,9.623915546323898,9.998442602972732,-0.3745270566488337
casado rivera,9.837928915714055,10.212579748616008,-0.37465083290195267
norma,7.673199238536987,8.048176747614173,-0.3749775090771861
portavoz unido,9.782590597125152,10.157574630074528,-0.3749840329493761
gibraltar,9.72184837901841,10.09707768396012,-0.37522930494171014
justicia dolor,9.817065199250417,10.192451628016194,-0.3753864287657773
futbol,9.453134212908745,9.82863352675871,-0.37549931384996427
inclusion seguridad,9.549749716973462,9.925560496288266,-0.3758107793148042
firme,8.999451847985565,9.375579980151276,-0.37612813216571084
ayuda,8.156350175902467,8.532617557081851,-0.3762673811793835
cumplir ano,9.449769402845755,9.826274815561407,-0.37650541271565174
bandera,8.751352041006404,9.128249846005222,-0.3768978049988174
susán diaz,9.213471097028288,9.590701314701866,-0.3772302176735778
acceder,8.7024266810758,9.079695258632375,-0.37726857755657583
jueves num,9.340113732597402,9.717485756900917,-0.377372024303515
pista,9.573614887247407,9.951099454358406,-0.377484567110999
funcion,8.89424712559018,9.27174774469943,-0.3775006191092505
denuncia,7.980715181380789,8.358304529802316,-0.3775893484215276
belga,9.521857836324688,9.899681922123662,-0.37782408579897364
ejecutivo mariano,9.83473377141306,10.212579748616008,-0.37784597720294855
dolar,9.262694972220878,9.64064501998039,-0.37795004775951213
justicia,7.324109640462178,7.702093690215479,-0.3779840497533007
desorden publico,9.547347515973271,9.92535712084738,-0.3780096048741086
pactar vox,9.803536438990879,10.18184727506623,-0.378310836075352
ecuatoriano,9.720291679118969,10.09870814936017,-0.37841647024120206
tramitacion,8.494858955639861,8.873449970174267,-0.3785910145344058
ano carcel,8.890490623246038,9.269342385761146,-0.378851762515108
referendum num,9.237360498772684,9.616216779117622,-0.37885628034493735
recurso,7.569532416974293,7.948551723618537,-0.37901930664424377
sanción,9.097728300105736,9.47696709537301,-0.37923879526727333
enrique lopez,9.775021586162975,10.154550074570356,-0.37952848840738085
fianza,9.160531903137421,9.54012404480164,-0.37959214166421873
noviembre,8.147307349582329,8.527588436476707,-0.380281086894378
lastro,9.089437922587152,9.469847972456707,-0.38041004986955507
derecho fundamental,9.02673865289952,9.4078631942409,-0.3811245413413804
ilegal pp,9.830745465818639,10.212579748616008,-0.3818342827973691
libertad expresion,8.854788740791317,9.23730950690281,-0.382520766111492
saudi,9.14111519918989,9.523979931179896,-0.38286473199000604
independiente,8.655803723002679,9.038702439232091,-0.38289871622941263
alvarez,8.772264237831722,9.15560834140386,-0.38334410357213855
judicial,7.493729638478776,7.878035597906961,-0.38430595942818524
delegacion,8.979507223993219,9.363863591031123,-0.38435636703790443
seccion,9.41127374297698,9.7957548869662,-0.38448114398921973
emerito juan,9.82801900620401,10.212579748616008,-0.384560742411999
alegrio,9.640678699273678,10.026432333896572,-0.385753634622894
sanchez moncloa,9.826448870306578,10.212579748616008,-0.38613087830943016
ingreso,8.580285830972802,8.96650020090506,-0.386214369932258
roldar,9.45281286534998,9.839253844488216,-0.3864409791382357
barcelona,7.625972266712985,8.013015210342342,-0.387042943629357
preso politico,9.519973605890392,9.907241224068585,-0.38726761817819266
consistorio,8.458405714369222,8.84617709630934,-0.3877713819401176
psoe gobierno,9.770736757382174,10.159706385409615,-0.38896962802744106
caracteristica,9.506069671511478,9.895056408197853,-0.38898673668637507
empleado,9.045059810249283,9.43421338800117,-0.3891535777518875
elector,9.255961846889072,9.645468513908241,-0.3895066670191696
requerir,9.019543972410473,9.409535449387606,-0.38999147697713354
blanqueo,8.92539514266161,9.315522431449553,-0.39012728878794256
distribucion,9.47176240586476,9.862132088692444,-0.3903696828276839
aumentar num,9.599370445885796,9.98976507600248,-0.39039463011668296
tsjc,9.395310091042353,9.78575375431507,-0.39044366327271796
catalan,8.393088059685592,8.783606198011839,-0.3905181383262466
presente,8.720031502815356,9.110555640993992,-0.39052413817863574
igualdad irene,9.796815030461318,10.187790361276928,-0.39097533081561053
irrupcion vox,9.82155378939976,10.212579748616008,-0.3910259592162486
fallecer,9.326960227623076,9.718103709926185,-0.391143482303109
fisico,9.298743455518725,9.689986181714696,-0.391242726195971
cultural,8.745465308903295,9.136729065602335,-0.3912637566990398
informacion,7.855308989971634,8.246732805936075,-0.39142381596444054
edmundo,9.616108777029869,10.00888116282606,-0.3927723857961922
fundacion francisco,9.819777229104636,10.212579748616008,-0.39280251951137224
municipal num,9.308032340873556,9.701149215037084,-0.39311687416352825
limitar,8.647646051459215,9.040976908731423,-0.3933308572722076
represaliado,9.645576625395657,10.039550726274689,-0.3939741008790314
desarrollar,8.911985911752382,9.306126793110753,-0.39414088135837133
reparto,8.763086576428258,9.157250427820482,-0.394163851392225
roger torrent,9.818264583941037,10.212579748616008,-0.3943151646749712
pena num,9.611634024355789,10.007272185652102,-0.39563816129631313
norte,9.295394248906957,9.691484679904272,-0.3960904309973152
popular,7.087324285537729,7.483769683048259,-0.3964453975105302
ultimos ano,9.093313295858087,9.48981778787417,-0.3965044920160832
iglesia asegurar,9.815916817162456,10.212579748616008,-0.3966629314535517
sero num,9.739179015902321,10.136710434163493,-0.3975314182611722
britanico,9.306361785753275,9.704094525569168,-0.3977327398158934
real decreto,8.891629812415413,9.289701883691578,-0.3980720712761645
gasto,8.122191229306358,8.520972556076702,-0.3987813267703437
autor,8.909281647812744,9.308483273268939,-0.399201625456195
presidente juanma,9.813145215391739,10.212579748616008,-0.3994345332242695
servicio,7.7635209174325714,8.163438951764443,-0.3999180343318711
unidas psoe,9.811908815745701,10.212579748616008,-0.4006709328703071
favor pp,9.744504421925159,10.145225325748898,-0.40072090382373915
juicio,7.67229649532224,8.073203964447371,-0.40090746912513087
derecha pp,9.811645661932385,10.212579748616008,-0.4009340866836233
asociación,8.50773309552958,8.909295593054647,-0.4015624975250667
juego,9.011032309437349,9.412817592126759,-0.40178528268940994
traba,9.488835979955267,9.891034906170862,-0.40219892621559516
emitido,9.380618257660627,9.782892708096298,-0.4022744504356712
inferior,9.589566895168112,9.992244394153728,-0.4026774989856161
pertenencia,9.751502938359472,10.154257705016347,-0.4027547666568747
asegurar psoe,9.734858720530731,10.137751442593357,-0.40289272206262616
ciudadano num,9.504223979953291,9.907135931469382,-0.4029119515160904
pari,9.504895855264241,9.907884758689743,-0.4029889034255021
reclamar,7.664132315632997,8.067428847262015,-0.40329653162901824
pp dejar,9.703220678101506,10.106668185156309,-0.40344750705480337
proceso,7.69248061458378,8.095996238226697,-0.4035156236429165
presunto delito,8.783445579498443,9.186997094785369,-0.40355151528692623
deberar,9.120707752246842,9.525411570906796,-0.40470381865995364
canal isabel,9.807508972830789,10.212579748616008,-0.40507077578521944
bilbao,9.155373941609541,9.560564429455583,-0.40519048784604195
cumplir condena,9.630639202758386,10.035972845789464,-0.4053336430310779
oficial,8.056972829488974,8.462765449819072,-0.40579262033009833
procedente,9.235039584104776,9.641061397000843,-0.40602181289606776
num septiembre,8.801616618072662,9.207991283990921,-0.40637466591825877
condenar,8.160866717698465,8.567313104913733,-0.4064463872152686
ley memoria,8.524586633091165,8.93116598377454,-0.4065793506833746
compania,8.840318353212105,9.246915012126669,-0.4065966589145642
magistrado,7.809108267016946,8.215705622501487,-0.406597355484541
teatro,9.31665186940232,9.723573426604515,-0.406921557202196
num menor,9.720705590248395,10.127731747674575,-0.40702615742618065
asesinado,9.110551878117326,9.517980551209897,-0.40742867309257136
hogar,9.13788853920569,9.545423722134736,-0.40753518292904545
derecho,7.225518432507697,7.6332175262353905,-0.4076990937276932
num pp,9.466099000110942,9.873814708597092,-0.40771570848614935
atentado,8.887964796859746,9.295736162603934,-0.40777136574418726
edificio,8.880042505023106,9.288256945188355,-0.4082144401652492
presidente consejo,9.744081263217833,10.152322836392187,-0.4082415731743545
pendiente,8.539100647271164,8.947712112245691,-0.40861146497452694
comisaria,9.473185295921946,9.88216703147941,-0.40898173555746453
expresident generalitat,9.125352519110367,9.534370816519822,-0.40901829740945495
ayuntamiento,7.430136761190307,7.839308606283104,-0.40917184509279636
temporal,8.924890959736436,9.334234599657545,-0.40934363992110967
viaje,8.752783699845029,9.162168996244255,-0.4093852963992255
coronel,9.260154811976706,9.669610610504137,-0.4094557985274303
parlament catalunya,9.522256681034767,9.931925221507656,-0.4096685404728895
actuación,8.838156519122647,9.24804334877731,-0.4098868296546634
repartir,9.234438828027967,9.644442521074978,-0.41000369304701145
moral,9.220982220921725,9.631504032614908,-0.410521811693183
abril,8.084052266218388,8.494865523153754,-0.4108132569353664
finalizar,8.954576221955339,9.365400968074027,-0.41082474611868847
num junio,8.599345935986635,9.010200675958721,-0.4108547399720859
debera,9.051334390796919,9.462203094002424,-0.41086870320550517
adrián lastro,9.44299237187654,9.854031224546004,-0.4110388526694635
inigo,9.007014624724873,9.418411917607363,-0.4113972928824907
duracion,9.31782917181973,9.729344718960114,-0.4115155471403842
cumplir,7.721783798156349,8.1334637616702,-0.4116799635138504
rebelion,9.050193752005525,9.462374167072493,-0.41218041506696856
documentar,9.69490520711325,10.107152415576927,-0.41224720846367724
migrant,8.825189337370407,9.237607126778476,-0.41241778940806917
raiz,8.750144782359996,9.163425874927535,-0.413281092567539
federal iu,9.7992849085638,10.212579748616008,-0.41329484005220785
contenciosoadministrativo,9.328379271243842,9.741745063271486,-0.4133657920276441
proceder,9.093483905586032,9.506869311278285,-0.413385405692253
situación,9.34307471306498,9.756542655419057,-0.41346794235407813
marzo,8.08302890578348,8.496516673993794,-0.4134877682103131
suspension,8.682670301614156,9.096216303076464,-0.4135460014623078
psoe num,9.509362301594857,9.922935211190802,-0.4135729095959455
seguimiento,9.014225407858683,9.427919306620888,-0.4136938987622045
euskadi,8.659702886902123,9.07378277767473,-0.4140798907726069
entrega,8.988662860563764,9.402953032665852,-0.4142901721020884
indicar,8.380567048368535,8.795174704915784,-0.41460765654724874
pp ciudadanos,9.748033022752917,10.16267826102145,-0.41464523826853217
vecinal,9.569626999765335,9.984318995954439,-0.414691996189104
despliegue,9.359184790329401,9.774451413830398,-0.4152666235009974
seguridad,7.678571074546316,8.094239066072861,-0.4156679915265453
produccion,9.470662129310154,9.886362167291244,-0.41570003798108957
pino,9.486657246445017,9.90259411622583,-0.415936869780813
turull,9.24126547104765,9.657511993443578,-0.4162465223959284
ejecutivo autonomico,9.26190860183941,9.678236989085535,-0.416328387246125
vicesecretaria psoe,9.75618242164598,10.172729120134179,-0.41654669848819914
terrorista,8.754198710961617,9.172809544828048,-0.41861083386643116
valerio,9.743111277791796,10.161735121774072,-0.41862384398227626
procesado,8.894056185454632,9.31269624492672,-0.4186400594720876
expediente,8.634523179502498,9.053675630515729,-0.41915245101323073
sanchez num,9.793358471542735,10.212579748616008,-0.41922127707327306
velocidad,9.694124779498347,10.11350112662361,-0.4193763471252634
indico,9.604495388657192,10.02448609684564,-0.41999070818844864
empresa,7.50064690786103,7.921384709029696,-0.42073780116866644
especializado,9.40251617528675,9.82389801235979,-0.42138183707303867
brasil,9.47997300942481,9.901392882009729,-0.4214198725849183
causa,7.681256271423617,8.104273598154766,-0.42301732673114856
asociacion,8.162304269767997,8.5854021127439,-0.4230978429759027
plaza,8.476607305306114,8.900815800149573,-0.4242084948434588
sur,9.004157581401671,9.428394144264939,-0.4242365628632676
terrorismo,8.632288584612203,9.056657659038343,-0.42436907442614036
cuidado,9.196377416774522,9.62117146812396,-0.42479405134943704
jorge azcon,9.787598816828174,10.212579748616008,-0.42498093178783414
imputado,8.494996328556093,8.919977669326379,-0.4249813407702856
isabel ii,9.768789048659405,10.193784817048614,-0.42499576838920916
formacion albert,9.787572008393042,10.212579748616008,-0.4250077402229664
eta,8.624245778359649,9.049267941266987,-0.42502216290733763
integrado,9.31028616949078,9.735391965739627,-0.4251057962488467
entrar vigor,9.293004950301764,9.718846652917085,-0.4258417026153207
sanitario,8.030519909003544,8.456445300060508,-0.42592539105696403
manifestante,8.945890872177062,9.372213442756395,-0.42632257057933387
fiscalia,7.578502350363943,8.005155879845988,-0.4266535294820457
carolín daria,9.735143155759259,10.162425115795708,-0.42728196003644925
ministro interior,8.635244363702334,9.063468858547507,-0.428224494845173
junio,8.117438630061006,8.545825470975453,-0.4283868409144471
continuado,9.48809875691545,9.91669723692742,-0.4285984800119689
simbolico,9.478085905298908,9.906745790295432,-0.42865988499652374
diputado pp,9.643186263677405,10.072530626005843,-0.42934436232843787
obrero,9.292024176082348,9.721718751641323,-0.4296945755589743
portavoz vox,9.601103161548092,10.032141283273907,-0.43103812172581435
enaltecimiento,9.332630690928656,9.764390924286724,-0.4317602333580677
mantenimiento,9.431455139125694,9.863840116030266,-0.4323849769045722
visto,8.838937236103607,9.271323121865986,-0.432385885762379
coalicion psoe,9.685830234731744,10.118251550592225,-0.4324213158604806
caso,6.957504350877042,7.390080351270577,-0.43257600039353505
urbanistico,9.428704574888313,9.861524206105184,-0.43281963121687106
coste,8.79593077555818,9.229757998694408,-0.43382722313622857
contar num,9.432040209754081,9.866024038521685,-0.43398382876760344
nacional,7.0678955028809085,7.502391163373003,-0.43449566049209487
existir,7.988867942117008,8.423822416896725,-0.43495447477971627
num octubre,8.481696660063278,8.9166696698759,-0.4349730098126212
establecimiento,9.528177622388709,9.963162291232067,-0.4349846688433576
albert rivero,9.777217263590508,10.212579748616008,-0.43536248502550023
archivar,9.160272621193165,9.595841744886828,-0.4355691236936625
inspector,9.242478787391919,9.679560161956372,-0.4370813745644533
sanchez jordi,9.77518236494152,10.212579748616008,-0.43739738367448844
fijar,8.633899475445414,9.071366884036408,-0.43746740859099376
convocante,9.754619981915345,10.192352788034595,-0.43773280611925003
sala,8.043633992707584,8.481566044722612,-0.4379320520150287
dispositivo,9.249095317553076,9.687303160574377,-0.438207843021301
fase num,9.498575283144033,9.937197184339924,-0.43862190119589073
cifra,8.4755614989746,8.9146518130146,-0.4390903140400013
adrián,9.415876597578244,9.855130304249817,-0.4392537066715736
secretario vox,9.773284462859296,10.212579748616008,-0.43929528575671206
instituto,8.792747308876585,9.232427994846182,-0.43968068596959675
permiso,8.71895726965793,9.158817287204371,-0.439860017546442
carmén,9.059188299666904,9.499224413083564,-0.44003611341666016
penal,7.937919083655489,8.37840352053005,-0.44048443687456107
balear,8.79582490830431,9.236500661325868,-0.4406757530215586
pp madrileno,9.771788287469981,10.212579748616008,-0.4407914611460271
conferencia episcopal,9.408065210209895,9.84889144770937,-0.4408262374994756
episcopal,9.408065210209895,9.84889144770937,-0.4408262374994756
pablo fernandez,9.771361003680928,10.212579748616008,-0.44121874493507995
diciembre num,9.087621532468509,9.528868682485555,-0.4412471500170465
gasto num,9.59456088501546,10.035865072344029,-0.44130418732856924
concepto,9.099504065890995,9.54098603133996,-0.4414819654489648
edmundo bal,9.653813004509496,10.095361341145896,-0.4415483366363997
periodo,8.497359309707258,8.939219868333922,-0.4418605586266633
psoe pedir,9.662637147216097,10.105015475374026,-0.442378328157929
ue,8.411553864452298,8.853980445653802,-0.442426581201504
provisional,8.89329469122802,9.336411367699228,-0.4431166764712078
popular ciudadano,9.768730322045847,10.212579748616008,-0.4438494265701607
josep rull,9.768329040353889,10.212579748616008,-0.44425070826211943
investigador,8.929359707646919,9.373975424611977,-0.44461571696505864
superior justicia,8.935858465993062,9.380944039034196,-0.4450855730411334
multa num,9.260390547891928,9.705480242240167,-0.44508969434823875
forcadell,9.57555163813492,10.020662086555012,-0.44511044842009184
referendum,8.226166615136874,8.67133212055286,-0.44516550541598576
larsen,9.716081319911856,10.161767472360594,-0.4456861524487383
menor num,9.566078644507536,10.0118091279052,-0.4457304833976643
fiscalia pedir,9.274424748851235,9.721264968718582,-0.44684021986734734
ccoo,8.898311859299767,9.346259110232262,-0.4479472509324953
puerto,9.042736888714842,9.490859226530912,-0.4481223378160699
reivindicación,9.299030455275739,9.747208797290984,-0.448178342015245
pp querer,9.556129693489515,10.00602577221393,-0.4498960787244144
cifuent,8.635176294624522,9.08528802674631,-0.4501117321217887
accion,8.276394453548841,8.72700980452119,-0.45061535097234895
jueza,8.471450951752697,8.922658709342741,-0.45120775759004417
italia,9.277221360862677,9.728510737569566,-0.45128937670688885
azcon,9.636490835074152,10.08814084344998,-0.45165000837582703
voto vox,9.760720998947324,10.212579748616008,-0.4518587496686841
ximo puig,9.76066526169386,10.212579748616008,-0.4519144869221474
gobierno aznar,9.760231128944797,10.212579748616008,-0.452348619671211
alertar,8.863050418825305,9.316427559021923,-0.45337714019661846
ano,6.448572886167075,6.902855755552469,-0.454282869385394
cursach,9.57093341426626,10.025551155726442,-0.4546177414601811
provincia,8.599005895112514,9.053739017306452,-0.4547331221939377
pp luis,9.757736856054889,10.212579748616008,-0.4548428925611194
trabajadora,9.410521735180366,9.865676062165445,-0.4551543269850793
estimar,8.85795387239751,9.313509094747843,-0.4555552223503323
diado,9.606207421267435,10.06245173803082,-0.45624431676338517
patronal,8.727611970373319,9.184076087841783,-0.4564641174684638
manuela,9.169698293407828,9.626954282439097,-0.4572559890312693
jordi sanchez,9.19233262430107,9.651021805387057,-0.4586891810859868
apoyo pp,9.69838553348854,10.157341299667374,-0.4589557661788337
informe,7.5584055489344655,8.01748615172942,-0.45908060279495455
smith,9.445122209993997,9.905254985727057,-0.4601327757330598
manuela carmén,9.258011823425662,9.71849240287019,-0.46048057944452836
emitir,8.910908332832085,9.372069504310591,-0.46116117147850666
zapatero,8.786956811738921,9.248663497013593,-0.46170668527467207
regimen,8.37888646685848,8.840877713479664,-0.4619912466211833
erc pdecat,9.7274079728446,10.191047527659931,-0.46363955481533026
obispo,9.67384069557503,10.13807316930759,-0.4642324737325598
dosis,9.193781772994587,9.658113107735904,-0.46433133474131694
dato,7.82048953049155,8.285014437718743,-0.46452490722719375
carmar,8.749295451144429,9.213893016211996,-0.46459756506756733
francia,9.060199212262756,9.524906642352354,-0.46470743008959836
cuixart,9.531159319715492,9.99611524363881,-0.4649559239233181
acusar psoe,9.74747655006378,10.212579748616008,-0.46510319855222804
conceder,8.918219079481364,9.383421071344562,-0.4652019918631982
despido,9.35097564643511,9.816716311334348,-0.46574066489923815
isabel rodriguez,8.947667448709689,9.413744544698606,-0.46607709598891667
efectivo,8.76909521728247,9.235364589262717,-0.466269371980248
decreto,7.9094428518750215,8.375799529950973,-0.46635667807595116
num,5.388910697364463,5.855684338122948,-0.46677364075848526
padecer,9.554742981860658,10.022011312151726,-0.46726833029106807
caso num,9.563278214764614,10.030603995992257,-0.46732578122764323
club,9.32665220373543,9.794252640199844,-0.46760043646441396
promotor,9.61639514176768,10.084023531003176,-0.46762838923549666
psoe unido,9.743869804921244,10.212579748616008,-0.4687099436947637
francisco serrano,9.712020975783854,10.181268555058091,-0.46924757927423677
psoe acusar,9.743247269829585,10.212579748616008,-0.4693324787864235
rio,9.315331066177462,9.784715964538234,-0.46938489836077224
ortega smith,9.502106570415993,9.971592338877798,-0.469485768461805
pueblo,8.333448029901408,8.803741957836131,-0.4702939279347227
hotel,9.374571323513173,9.844886451952997,-0.4703151284398235
politico pp,9.742059981460866,10.212579748616008,-0.47051976715514243
sanchez anunciar,9.741683773630923,10.212579748616008,-0.4708959749850852
recurso presentado,9.288952874908594,9.760388100977503,-0.471435226068909
roger,9.739426306466878,10.212579748616008,-0.4731534421491297
num ano,7.432872712797095,7.906119957202784,-0.4732472444056892
alto tribunal,8.297462833926907,8.771720530322135,-0.4742576963952274
psoe presentar,9.67570022421844,10.150332671306577,-0.4746324470881369
sufrir,8.548115085143602,9.0229487635015,-0.47483367835789814
horario,9.409249720946667,9.885683376377996,-0.4764336554313289
venta,8.721168936361533,9.198528965151336,-0.47736002878980344
barrio,8.800050688785765,9.277523764012274,-0.4774730752265093
caracter,8.608350386343641,9.08611290810286,-0.4777625217592192
factor,9.376714015167686,9.855107290817884,-0.4783932756501983
num trabajador,9.553192563229157,10.031772976484145,-0.47858041325498846
actividad,8.039456314971543,8.518183631951835,-0.4787273169802919
reconocimiento,8.95479661851927,9.43437301555683,-0.47957639703755994
rull,9.535521285676493,10.015189599686911,-0.4796683140104179
local,8.286087965477492,8.765777603277071,-0.47968963779957896
dolor,8.564107113144376,9.044448093484334,-0.48034098033995853
ejecutar,9.046854614826035,9.52739581377648,-0.4805411989504442
maestro,9.486994652129011,9.967967323736977,-0.4809726716079652
instalación,9.404123500688186,9.885776788805822,-0.4816532881176361
miercol num,9.437418443205763,9.920641984422303,-0.48322354121654065
país,8.178286870317546,8.661685969723802,-0.483399099406256
amarillo,9.360528561349055,9.84416409784655,-0.4836355364974949
defensor,8.958154775711249,9.442060415716005,-0.4839056400047568
orden,8.089220170483348,8.57345898873086,-0.4842388182475119
ejecucion,9.212672389231889,9.697017876019471,-0.48434548678758205
proz,8.104414335502002,8.588941802766346,-0.4845274672643445
conselleria,9.25767600231057,9.742586524785477,-0.48491052247490707
material,8.636326262049383,9.121999174705062,-0.48567291265567825
tribunal,6.9272676630899825,7.414188008944308,-0.4869203458543252
aitor ester,9.725402441093399,10.212579748616008,-0.4871773075226091
pena,8.318141820319894,8.80589169248042,-0.487749872160526
colegio,8.86717286571577,9.355427051906933,-0.48825418619116334
carcel,7.996638622535786,8.485062408595422,-0.4884237860596352
embajador,9.48800287762302,9.976558760065796,-0.4885558824427765
juez fiscal,9.526162958740178,10.015337055276442,-0.48917409653626365
unanimidad,8.995374683087643,9.486112085601327,-0.4907374025136839
abalo,8.61357279901959,9.10500721578217,-0.49143441676257993
reino,9.03881674566757,9.53063107804695,-0.49181433237938066
partida,8.775780990294773,9.268119266516926,-0.49233827622215287
procedimiento,8.44071628628131,8.933898021365257,-0.49318173508394736
incidencia,9.21321766943942,9.706592297248905,-0.4933746278094855
juez,7.296757031884391,7.790251519656843,-0.49349448777245275
sanz roldar,9.71843307386058,10.212579748616008,-0.4941466747554273
psc,8.276122791187545,8.77185285661253,-0.49573006542498455
vox num,9.490046284800263,9.985943344734501,-0.49589705993423827
pp andaluz,9.716274702483043,10.212579748616008,-0.49630504613296544
multa,8.653415643656876,9.149894069232847,-0.49647842557597066
desorden,9.406316924786,9.903719272524881,-0.49740234773888226
num país,9.630502995201216,10.128081050761047,-0.49757805555983126
alfredo,9.494373235045977,9.99339108673029,-0.4990178516843127
articulo num,8.875057924370731,9.374080055786441,-0.4990221314157104
cierre,8.68565801578084,9.184745343370453,-0.4990873275896135
marzo num,9.125556627210917,9.62611618633312,-0.5005595591222018
identificar,8.910252430833957,9.410903508571305,-0.5006510777373485
partido abascal,9.711862300296213,10.212579748616008,-0.5007174483197954
congreso pp,9.711477926759946,10.212579748616008,-0.5011018218560626
garrido,9.40064284692916,9.902138504828454,-0.5014956578992944
colegio electoral,9.584292779130873,10.086110025840076,-0.5018172467092032
arrestado,9.692086442832695,10.194647987026759,-0.5025615441940641
onu,9.035274321064612,9.538127532372917,-0.5028532113083042
jornada,8.20757805288283,8.710523654847995,-0.5029456019651644
huelga,8.828817447140436,9.332690245841842,-0.5038727987014067
mecanismo,8.867924083683576,9.371859200186714,-0.503935116503138
investigado,8.372327307858075,8.876631813954667,-0.5043045060965916
num plaza,9.654934567812472,10.160514115817596,-0.5055795480051248
juzgar,8.688936565377864,9.196640655062987,-0.5077040896851237
riesgo,8.204919790931006,8.713970923401517,-0.5090511324705105
maroto,9.30079327810806,9.810943090094224,-0.5101498119861638
pp psoe,9.129741416298074,9.640050571656738,-0.5103091553586641
marchena,9.53220984582975,10.04275488981178,-0.5105450439820309
millón,7.314363273057881,7.8251937100010345,-0.5108304369431531
delito,7.245110495563669,7.75636193739727,-0.5112514418336014
campo,8.54371396898344,9.054999090405978,-0.5112851214225387
plazo,7.983034497887773,8.495376257555687,-0.5123417596679145
policia nacional,8.693332177056945,9.205939097924466,-0.5126069208675208
podrar,8.761057362371004,9.274467859602618,-0.5134104972316145
consumidor,9.40136905976285,9.915362601532422,-0.5139935417695725
policia,7.4404591264256075,7.954732467860921,-0.5142733414353131
candidato ciudadano,9.568222529740567,10.082746374309423,-0.5145238445688562
orden judicial,9.668209840466927,10.183364129322728,-0.5151542888558005
zona,8.363498613221786,8.879142262893904,-0.5156436496721177
docente,9.365874471984263,9.884251122801965,-0.5183766508177019
rajoy num,9.693855827822036,10.212579748616008,-0.5187239207939722
voluntario,9.167686213546755,9.68728078299386,-0.5195945694471042
centro,7.55401159170792,8.074254248250798,-0.5202426565428775
coordinador iu,9.69215862869923,10.212579748616008,-0.5204211199167776
guardia civil,8.19176961964216,8.712787726465551,-0.5210181068233908
tribunal superior,8.78996184571745,9.312259643062553,-0.5222977973451037
recluso,9.466866728654745,9.989814638064452,-0.5229479094097069
acoso,8.993096210499962,9.516244103290092,-0.5231478927901296
sanchez pablo,9.663371059825689,10.187870525482943,-0.5244994656572537
ministerio publico,8.439623603297834,8.964797917713692,-0.5251743144158585
condena,8.066276348933842,8.5917140353765,-0.5254376864426575
agente social,8.954844923552356,9.480368289619916,-0.52552336606756
candidato erc,9.684940535362857,10.212579748616008,-0.5276392132531509
comercio,8.891204457179057,9.420628845964451,-0.5294243887853938
eugenio,9.545981882146146,10.076185454483912,-0.5302035723377667
sentencia,7.564265910272143,8.094918751711104,-0.5306528414389611
ministerio,7.244647945019795,7.7757369744060645,-0.5310890293862691
auto,8.575197133849011,9.107479487862749,-0.5322823540137378
erc bildu,9.6802616065406,10.212579748616008,-0.5323181420754075
republica,8.434980355640942,8.967762410110222,-0.5327820544692798
registro,8.593809855756732,9.12713213858477,-0.5333222828280384
num caso,9.14204806040708,9.676820574995816,-0.5347725145887363
audiencia nacional,7.9205018228341615,8.455341985664123,-0.5348401628299619
prestar,9.315983828761421,9.851319577438847,-0.5353357486774257
sanchez iglesia,9.675019887374592,10.212579748616008,-0.5375598612414159
javier ortega,9.600329602559603,10.138356771786802,-0.538027169227199
unidas num,9.673467010703359,10.212579748616008,-0.5391127379126495
pp teodoro,9.673383552243745,10.212579748616008,-0.5391961963722629
pancarta,9.225916360243671,9.765198931078356,-0.5392825708346844
acusar pp,9.538946487982997,10.078921142642123,-0.539974654659126
millón euros,7.872224502640227,8.412552951228356,-0.540328448588129
madrid psoe,9.6722125372736,10.212579748616008,-0.5403672113424083
inquietud,9.556073256167751,10.098943305568502,-0.5428700494007508
vuelo,9.364690100725182,9.908229064195655,-0.543538963470473
candidato pp,9.458795953220596,10.003173627399393,-0.5443776741787971
tortura,9.117745837291231,9.66476044661925,-0.5470146093280182
contagio,8.952355979580107,9.499743763913685,-0.5473877843335782
ciudadano partido,9.57702604863128,10.12496845751507,-0.5479424088837899
jaume asens,9.663975056340592,10.212579748616008,-0.5486046922754166
angel gabilondo,9.485459113532256,10.034360656950684,-0.5489015434184275
oficina,8.96408662906208,9.513838115779693,-0.5497514867176125
ministerio justicia,9.341122719564018,9.891802835120997,-0.5506801155569789
num num,7.204110540011263,7.756027406738459,-0.5519168667271961
palau,9.365456641657099,9.918971500997387,-0.5535148593402877
autoridad,8.42542172546677,8.979218683709526,-0.5537969582427564
persona,7.06065234248893,7.615009741214911,-0.5543573987259816
bolano,9.061878835619813,9.61684273784903,-0.5549639022292165
num millón,7.445658342774773,8.001365815432528,-0.5557074726577556
quim torrar,9.656085726862697,10.212579748616008,-0.556494021753311
restricción,8.945793057174914,9.503366106989795,-0.5575730498148808
pp madrid,9.236934423199639,9.7947189697933,-0.5577845465936608
presidencia pp,9.653691240182656,10.212579748616008,-0.5588885084333519
agresion,8.917081122404904,9.476810221391686,-0.5597290989867822
rey felipe,9.503848247186594,10.064351226098605,-0.5605029789120106
jorge fernandez,9.538541768218924,10.099632628616053,-0.5610908603971296
viernes num,9.27422935835432,9.835497002210698,-0.5612676438563771
sanchez pedir,9.539792085375785,10.101183507445173,-0.5613914220693879
saenz santamaria,9.241705063413063,9.803629701085203,-0.5619246376721403
pilar llop,9.587489957101013,10.149860930647158,-0.5623709735461446
centro penitenciario,9.649884873968235,10.212579748616008,-0.5626948746477733
voto psoe,9.53166539741771,10.09491333029251,-0.5632479328748001
carlos campo,9.649274741361921,10.212579748616008,-0.5633050072540868
libertad,7.697378342289856,8.261007720499975,-0.5636293782101198
administracion,8.288301820555134,8.85230362416252,-0.5640018036073862
guardia,8.075576448576074,8.639899210985007,-0.5643227624089331
partido albert,9.587078456695934,10.151773371381646,-0.5646949146857114
irene,9.123527356923518,9.6882280322035,-0.5647006752799832
quito,9.548746172785096,10.116825996972828,-0.5680798241877323
civil,7.623049507778217,8.192067472211209,-0.5690179644329918
quedar libertad,9.483595509630417,10.054529135728536,-0.5709336260981193
ecuador,9.284947777032619,9.856526079818765,-0.571578302786147
ionir belarro,9.64053461702834,10.212579748616008,-0.572045131587668
amnistia internacional,9.463790811040612,10.036078884748864,-0.5722880737082523
jordi cuixart,9.640032623961522,10.212579748616008,-0.572547124654486
preso,8.184369930687732,8.757369462200366,-0.5729995315126342
mossos,8.53285451812464,9.106436233194096,-0.5735817150694551
borrador,9.06049369972015,9.634350962329956,-0.5738572626098062
seguridad social,8.666926888679022,9.241857097873815,-0.5749302091947932
angel garrido,9.636549253149743,10.212579748616008,-0.5760304954662647
erte,9.256628032274927,9.832693857325859,-0.5760658250509323
aguirre,9.058177150503761,9.636665313450447,-0.5784881629466856
exportación,9.480883283927703,10.061497916392362,-0.580614632464659
num ciudadano,9.405125996990478,9.986413607684787,-0.581287610694309
detencion,8.819184262047443,9.401203520809345,-0.5820192587619015
pspvpsoe,9.630252409235558,10.212579748616008,-0.5823273393804502
sanchez querer,9.629778370496869,10.212579748616008,-0.5828013781191395
erc junt,9.629550466588013,10.212579748616008,-0.5830292820279954
prision,7.60273658856056,8.186066745537758,-0.5833301569771985
papel barcena,9.628733018790463,10.212579748616008,-0.5838467298255452
bahri,9.354625236194877,9.939398964263047,-0.5847737280681695
joven,8.147943899445389,8.733727313684554,-0.5857834142391649
lesmes,9.583744879047195,10.169788485181988,-0.5860436061347922
sanchez presidente,9.623083600350181,10.212579748616008,-0.5894961482658267
esperanza,8.787626727194203,9.377211816671679,-0.5895850894774757
presidente pedro,9.54065755708418,10.132014162385598,-0.591356605301419
llop,9.543234486927682,10.136043891180744,-0.5928094042530621
colau,8.760535507957934,9.353551632610325,-0.5930161246523902
noviembre num,8.9386762209498,9.532844806353253,-0.5941685854034535
ejecutivo pp,9.617932241563453,10.212579748616008,-0.5946475070525548
instruccion numero,9.189628770736233,9.784555617215615,-0.5949268464793818
profesional,8.453120356961563,9.048770090050873,-0.59564973308931
carlos lesmes,9.616250566548732,10.212579748616008,-0.5963291820672758
portavoz isabel,9.403657367793839,10.000100495471003,-0.5964431276771638
internacional,7.957439620428613,8.55434474817973,-0.5969051277511168
javier maroto,9.613599817999114,10.212579748616008,-0.5989799306168937
irene montero,9.121867494580856,9.721838999060687,-0.5999715044798304
toledo,8.92541369633943,9.526170586886819,-0.6007568905473892
guayaquil,9.611747933148422,10.212579748616008,-0.6008318154675862
victima,7.680379753140243,8.281466638804101,-0.6010868856638583
garzon,8.5318409108819,9.13337379635989,-0.6015328854779902
psoe andaluz,9.610836132590192,10.212579748616008,-0.601743616025816
vigor,8.750362919450387,9.355083637256826,-0.6047207178064387
euros,7.0842992300780345,7.689770650935167,-0.6054714208571328
fosa,9.16538501695449,9.771686388866518,-0.6063013719120285
belgica,9.331534405970395,9.938058279317023,-0.606523873346628
nina,9.178625132010774,9.786208882225885,-0.6075837502151114
expresident,8.401258700132773,9.011516916611832,-0.6102582164790586
audiencia,7.5852449705299865,8.19625348487288,-0.6110085143428936
candidata pp,9.264780951218446,9.875847974239633,-0.611067023021187
num euros,7.473182401767695,8.08556330814471,-0.6123809063770151
humanos,8.474162373617274,9.087528520298504,-0.6133661466812299
superior,8.29332523976924,8.907221811633056,-0.6138965718638154
felipe gonzalez,9.319373959934843,9.934452642796167,-0.6150786828613235
centenar,9.003705887274412,9.620848213742587,-0.6171423264681746
boletin oficial,9.442683145554414,10.060073512342676,-0.6173903667882623
ecologista,8.868981916023662,9.487229090565275,-0.6182471745416134
eugenio pino,9.59418270515979,10.212579748616008,-0.618397043456218
desobediencia,8.944491604107816,9.563730207145856,-0.6192386030380401
vi,9.179277256084317,9.798640324627296,-0.6193630685429792
caja pp,9.591103701310317,10.212579748616008,-0.6214760473056913
derechos humanos,8.473830071007168,9.096468004539354,-0.6226379335321859
psoe erc,9.589810716747618,10.212579748616008,-0.6227690318683905
felipe vi,9.177401664130006,9.803841714912751,-0.6264400507827457
afectado,8.425591291712596,9.052775626656285,-0.6271843349436885
gobierno ayuso,9.582031331429036,10.212579748616008,-0.6305484171869722
sexual,8.396732553317934,9.028865225458357,-0.6321326721404237
numero num,8.679274424931767,9.31257261060743,-0.6332981856756632
herido,9.134685908264105,9.768432640171273,-0.6337467319071681
fós,9.467929357497406,10.10209171593376,-0.6341623584363543
policial,8.036348211194435,8.67069901945735,-0.6343508082629157
plataforma,8.070337743427308,8.704765692541505,-0.6344279491141975
reino unido,9.151862984383245,9.78688245610991,-0.6350194717266646
fase,8.660164456093423,9.296074980560546,-0.635910524467123
jordi turull,9.474187387095967,10.111022236355106,-0.6368348492591398
manuel marchena,9.574875366890142,10.212579748616008,-0.6377043817258663
carlos borbon,9.573577260540848,10.212579748616008,-0.6390024880751604
pp num,9.19711102722777,9.836450934486287,-0.6393399072585169
abuso sexual,9.321375689728093,9.96415432492882,-0.6427786352007274
izquierda psoe,9.506380028669144,10.151665469063515,-0.6452854403943711
menor,7.978532272844585,8.625237291131254,-0.6467050182866698
pere aragón,9.377915997790183,10.025939209811622,-0.6480232120214389
unidas congreso,9.562064488949524,10.212579748616008,-0.6505152596664843
juzgado instruccion,8.878236079495807,9.530438204257184,-0.6522021247613772
juzgado,7.798938701557746,8.4519973382344,-0.6530586366766533
ejecutivo sanchez,9.557293829169128,10.212579748616008,-0.6552859194468805
podemosiu,9.555801286765222,10.212579748616008,-0.6567784618507861
nunez,8.53093657329528,9.188576004385103,-0.657639431089823
pablir iglesia,9.514188926252299,10.175650308512605,-0.6614613822603062
indemnizar,9.412242798080243,10.076961199838635,-0.6647184017583925
pnv eh,9.547612479254685,10.212579748616008,-0.6649672693613233
defensor pueblo,9.290113136853927,9.957285991824506,-0.6671728549705787
buque,9.316062876020347,9.984636265347678,-0.6685733893273316
ciudadano,6.677311043128116,7.350938119285198,-0.6736270761570822
residente,9.251441083117616,9.926935484439587,-0.6754944013219717
vox cs,9.534235446719444,10.212579748616008,-0.6783443018965638
boletin,9.362884666784002,10.042376577821491,-0.6794919110374895
puigdemont,8.237583485108868,8.91726220481714,-0.6796787197082725
sanidad salvador,9.517349816752526,10.198564941666115,-0.6812151249135887
armamento,9.25879282552871,9.941270823495776,-0.6824779979670659
garciagallardo,9.467052329371375,10.150697401935975,-0.6836450725645999
abuso,8.701517586782348,9.385722922412757,-0.6842053356304092
penitenciario,8.791493806817359,9.47712852593504,-0.6856347191176813
diputado eh,9.523483615411378,10.212579748616008,-0.6890961332046306
dirigente pp,9.055951525624634,9.74576307818886,-0.6898115525642261
erc congreso,9.521018539764754,10.212579748616008,-0.6915612088512546
aguado,9.137497332979112,9.830438287848875,-0.692940954869762
incremento,8.922734174866305,9.616328340058024,-0.693594165191719
alberto,8.098294922542708,8.792485547325033,-0.6941906247823244
cuca,9.282154672433277,9.977372998726343,-0.695218326293066
teresa ribera,9.51612424089265,10.212579748616008,-0.6964555077233587
cuca gamarra,9.337899783605176,10.035754046308245,-0.6978542627030695
lider vox,9.257542585240039,9.956089258719782,-0.6985466734797434
instruccion,8.306801612953903,9.00874271595831,-0.7019411030044065
exterior,8.745967459427563,9.448956907117916,-0.7029894476903529
cristina cifuent,9.31864313343505,10.024461010285453,-0.7058178768504035
familia franco,9.506478778511054,10.212579748616008,-0.7061009701049539
organizacion psoe,9.503563071345743,10.212579748616008,-0.7090166772702649
paro,8.900723056946633,9.61430677933757,-0.7135837223909363
psoe madrid,9.49775125077497,10.212579748616008,-0.7148284978410384
arrimada,8.385953316199735,9.101587233390196,-0.7156339171904609
ester,9.256638326737777,9.974013909829273,-0.7173755830914956
bildu jon,9.493612290498957,10.212579748616008,-0.7189674581170511
vox ciudadano,9.441490422616937,10.163100112612272,-0.7216096899953346
ribera,9.4905527540717,10.212579748616008,-0.7220269945443079
psoe ciudadano,9.431909781451557,10.156603288007084,-0.7246935065555267
ano prision,8.557098995316853,9.283037176295514,-0.7259381809786607
margarita,9.27848183528034,10.00591373119191,-0.72743189591157
gamarra,9.073634212580075,9.803616582489335,-0.7299823699092602
pacto toledo,9.479963468523328,10.212579748616008,-0.7326162800926799
erc pnv,9.469740904741613,10.212579748616008,-0.7428388438743951
lesión,9.08017340840259,9.827660273450553,-0.7474868650479625
alberto garzon,8.898101360815042,9.647777913948365,-0.7496765531333232
luis abalo,9.270978761299892,10.021740511317125,-0.750761750017233
trabajador,7.897703090935175,8.65127959158311,-0.7535765006479354
dolor delgado,9.170934504481645,9.929344034496987,-0.7584095300153422
sindicato,7.89220649241647,8.651468121500141,-0.7592616290836709
rivera,7.975074514045824,8.734366599366348,-0.7592920853205243
carmar calvo,9.069289142507726,9.829093330424335,-0.7598041879166093
investidura sanchez,9.451052212957674,10.212579748616008,-0.7615275356583346
unidas erc,9.44543246453688,10.212579748616008,-0.7671472840791278
erc jxcat,9.44469773940465,10.212579748616008,-0.767882009211359
nunez feijoo,8.597072315415037,9.367259718559334,-0.7701874031442966
gobierno mariano,9.4214959742965,10.192213658654907,-0.7707176843584076
teodoro,9.07359739588786,9.845900229877198,-0.7723028339893379
num vox,9.399600939284966,10.1723222127675,-0.772721273482535
acusado,7.99649920451837,8.772668087663588,-0.7761688831452176
asens,9.372812593716102,10.14951211947717,-0.7766995257610674
diputado erc,9.432104513631836,10.212579748616008,-0.7804752349841717
oriol junquera,9.09655699020658,9.878783989081864,-0.7822269988752844
irenir,8.956768681661627,9.743793154542074,-0.7870244728804465
belarro,9.360848606118996,10.148469851427446,-0.7876212453084506
ada,9.18926808247401,9.980318855893406,-0.7910507734193963
ignacio gonzalez,9.420362576097133,10.212579748616008,-0.7922171725188747
generalitat quim,9.408743043681486,10.212579748616008,-0.8038367049345219
detener,8.618602590318421,9.423599621096189,-0.8049970307777681
calvo,8.431540576239723,9.239400153167422,-0.807859576927699
portavoz pp,8.903829667739808,9.712255486756376,-0.8084258190165681
gobierno psoe,9.205209916759953,10.015233693801191,-0.8100237770412377
carl,9.15588155406814,9.971307701516388,-0.8154261474482478
ada colau,9.20162009450132,10.021894494484759,-0.8202743999834379
pp,6.036013262300932,6.861215060130128,-0.8252017978291963
gobierno sanchez,9.369759622071106,10.212579748616008,-0.8428201265449022
carles,8.970840083558699,9.814158211088348,-0.8433181275296491
gobierno rajoy,9.36424311151059,10.212579748616008,-0.8483366371054188
margarita robl,9.359176520574426,10.212579748616008,-0.8534032280415822
num persona,8.168053440200078,9.021554143446771,-0.8535007032466932
voto pp,9.295508748138197,10.150145793483894,-0.8546370453456973
carl puigdemont,9.35616775806869,10.212579748616008,-0.8564119905473184
nacional pp,9.352721534041352,10.212579748616008,-0.8598582145746558
luis barcena,9.349806345760511,10.212579748616008,-0.8627734028554972
esperanza aguirre,9.349209501701587,10.212579748616008,-0.8633702469144211
jxcat erc,9.348445832726721,10.212579748616008,-0.8641339158892869
erc cup,9.347159202811214,10.212579748616008,-0.8654205458047937
inigo errejon,9.159688790803786,10.02597547305945,-0.8662866822556641
rey juan,9.219637952889357,10.09041071696528,-0.8707727640759231
ignacio aguado,9.283042893266007,10.161234339684807,-0.8781914464187999
dolor cospedal,9.276495090166229,10.157681781698548,-0.881186691532319
carles puigdemont,9.261129039727104,10.143067168178732,-0.8819381284516279
investidura pedro,9.318966913546127,10.212579748616008,-0.8936128350698809
agente,7.869638925813957,8.764794677759332,-0.8951557519453743
torrir,8.925135683574556,9.8331072816615,-0.9079715980869434
lider pp,7.758878836153531,8.67205416940223,-0.9131753332486996
teodoro garcia,9.140020687864965,10.059135707729315,-0.9191150198643498
cs vox,9.289969624708325,10.212579748616008,-0.9226101239076829
secretario psoe,9.246593699531939,10.186464294060995,-0.9398705945290562
rodriguez zapatero,9.265673160487657,10.212579748616008,-0.9469065881283516
irenir montero,9.054600493447609,10.003106432734247,-0.9485059392866386
ionir belarra,9.11933920014645,10.068624529113823,-0.9492853289673722
maria aznar,9.250841376258977,10.202960891228125,-0.9521195149691479
ciudadano vox,9.229285462773436,10.212579748616008,-0.9832942858425717
erc eh,9.203686772473777,10.212579748616008,-1.0088929761422314
portavoz erc,9.202416994625324,10.212579748616008,-1.0101627539906843
psoe andalucia,9.146704292958411,10.1609553971417,-1.0142511041832893
lider erc,9.128455938579275,10.212579748616008,-1.0841238100367327
felipe,8.146354936052797,9.23132165439271,-1.0849667183399134
psoe,6.4016678889055685,7.489605391292887,-1.0879375023873186
pedro,7.120789731547545,8.231146077640865,-1.1103563460933206
junquera,8.590154179099597,9.718033142967471,-1.1278789638678735
quim torrir,9.08253252701227,10.21257974861601,-1.1300472216037392
barcena,8.608332567491516,9.750897356120658,-1.1425647886291426
aragón,8.579864350977767,9.724669779547629,-1.1448054285698621
lider ciudadano,8.55326042543918,9.70096410319878,-1.1477036777595995
pp vox,8.351836875587981,9.518262031750433,-1.1664251561624521
gobierno pp,8.829811716832568,9.998653545959499,-1.1688418291269311
extesorero pp,9.032705454694115,10.212579748616008,-1.179874293921893
alberto nunez,8.815316508797238,9.996872179416897,-1.1815556706196588
ejecutivo pedro,9.003395871342251,10.198209188404503,-1.194813317062252
ín,8.712510811744885,9.954825196763148,-1.242314385018263
mariano,8.351288087230818,9.59974350056682,-1.2484554133360017
cospedal,8.832039762128838,10.12905465593618,-1.2970148938073418
franco,8.076883394798962,9.377176687050408,-1.300293292251446
robl,8.89902292800723,10.212579748616008,-1.3135568206087775
psoe pp,8.849352602793546,10.197776479546844,-1.348423876753298
mariano rajoy,8.422581629472402,9.789768341692755,-1.3671867122203523
ín arrimada,8.757820500185597,10.13978932827602,-1.3819688280904234
quim,8.774103084430763,10.164954963991628,-1.3908518795608646
jesus montero,8.710437362015941,10.126135554852977,-1.415698192837036
pp cs,8.591644838711202,10.081296675793299,-1.4896518370820964
diaz ayuso,8.205422673058932,9.744367178717754,-1.5389445056588222
vox,6.724814469232509,8.283511615136613,-1.5586971459041035
compromis,8.209741813745131,9.850644670248894,-1.6409028565037627
albert rivera,8.507100036112872,10.158739891340327,-1.6516398552274545
gobierno pedro,8.409613646310069,10.119647586605163,-1.7100339402950944
aznar,8.478326654483105,10.204211668830126,-1.7258850143470212
montero,7.866848705000799,9.619230360540072,-1.7523816555392733
iglesia,7.257372690813253,9.025190710525234,-1.7678180197119806
rajoy,7.761248566183515,9.585011183932355,-1.82376261774884
pablo iglesia,7.989008820008101,9.858395714266866,-1.8693868942587653
psoe unidas,8.281361224309059,10.179627435009472,-1.8982662107004131
presidente pp,8.234576468910673,10.200437873296059,-1.965861404385386
pp ciudadano,8.217006448332738,10.212579748616008,-1.9955733002832705
eh,8.02188318305126,10.019207216951857,-1.9973240339005969
eh bildu,8.022492927178227,10.170068838648225,-2.147575911469998
ayuso,7.604960548643657,9.784766820238657,-2.179806271595
pablo casado,7.82114757892822,10.056241925745445,-2.235094346817225
iu,7.9500819355468835,10.212579748616008,-2.2624978130691247
bildu,7.761341646129692,10.062901324365388,-2.301559678235696
partido popular,7.740721537050606,10.106979536552924,-2.3662579995023174
pedro sanchez,7.167328140115755,9.629682659756446,-2.462354519640691
sanchez,6.550604467386084,9.097309719271324,-2.54670525188524
casado,7.299557728267384,9.962123234068782,-2.662565505801398
erc,7.110059930491015,10.155917180690025,-3.0458572501990107
